Driver,Team,session_id,season,Avg_Speed,Max_Speed,Avg_Throttle,Max_Throttle,Avg_RPM,DRS_Activations,GearChanges,Quali_Position
44,Mercedes,2019_1,2019,72.36291438233334,321.0,77.33242813957062,104.0,4011.6745401444896,159768,9,1.0
77,Mercedes,2019_1,2019,77.22416354972589,322.0,63.53373981657017,104.0,4572.853614797356,151482,9,2.0
5,Ferrari,2019_1,2019,64.46810472921044,318.0,65.3279704872675,104.0,3734.268022749398,142262,9,3.0
33,Red Bull Racing,2019_1,2019,68.29492237536506,320.0,45.24747655889737,104.0,3842.628272787826,136242,9,4.0
16,Ferrari,2019_1,2019,68.32494748168264,321.0,72.72254957216785,104.0,3959.783060921248,158382,9,5.0
8,Haas F1 Team,2019_1,2019,68.40539017266998,320.0,63.04052876979044,104.0,4406.576010657375,150630,9,6.0
20,Haas F1 Team,2019_1,2019,72.38791822513706,319.0,70.5846697750679,104.0,4572.953527693805,158664,9,7.0
4,McLaren,2019_1,2019,84.27473484654404,322.0,51.76876569144848,104.0,4784.611979300097,131390,9,8.0
7,Alfa Romeo Racing,2019_1,2019,68.37469898037608,323.0,50.67228569964646,104.0,4026.653122918481,128344,9,9.0
11,Racing Point,2019_1,2019,60.68637597991495,324.0,55.122406107496026,104.0,3398.9836040375058,118016,9,10.0
27,Renault,2019_1,2019,40.26561459240662,322.0,37.1198954757391,104.0,2293.8632474253213,123034,9,11.0
3,Renault,2019_1,2019,48.28969616232003,319.0,55.89260644566276,104.0,2759.823948352718,153898,9,12.0
23,Toro Rosso,2019_1,2019,56.25357380744992,325.0,58.72234462263667,104.0,3176.366449761746,122584,9,13.0
99,Alfa Romeo Racing,2019_1,2019,56.37956653174156,325.0,58.231541732848285,104.0,3266.166828918379,127614,9,14.0
26,Toro Rosso,2019_1,2019,52.235333299175075,324.0,57.76092637188093,104.0,3026.936363170569,122122,9,15.0
18,Racing Point,2019_1,2019,24.140390428856893,322.0,67.52574678485423,104.0,1343.47543167495,116108,9,16.0
10,Red Bull Racing,2019_1,2019,24.15499308295332,318.0,80.3577906440539,104.0,1501.607829072091,154352,9,17.0
55,McLaren,2019_1,2019,24.06168980888456,323.0,93.46877081518676,104.0,1897.3618896346777,157324,9,18.0
63,Williams,2019_1,2019,36.19946713121894,319.0,67.81247117897217,104.0,2104.5798022237022,71971,9,19.0
88,Williams,2019_1,2019,32.188246144386945,317.0,67.94092329763795,104.0,2086.8660142439926,81410,9,20.0
16,Ferrari,2019_2,2019,53.53059858973699,328.0,71.28755983323897,104.0,3534.082968758042,154614,9,1.0
5,Ferrari,2019_2,2019,53.62133923516393,332.0,70.94734674970405,104.0,3431.0327345720316,153692,9,2.0
44,Mercedes,2019_2,2019,61.870708734366154,325.0,52.49652581193062,104.0,3445.981522466416,118558,9,3.0
77,Mercedes,2019_2,2019,61.92099438982964,324.0,72.47871738123423,104.0,3640.601832312522,159142,9,4.0
33,Red Bull Racing,2019_2,2019,49.26650882701117,321.0,69.10937258736939,104.0,2823.259611920326,157798,9,5.0
20,Haas F1 Team,2019_2,2019,61.74805702815379,322.0,74.75845385763549,104.0,3963.7811004169025,158682,9,6.0
55,McLaren,2019_2,2019,69.82989345823253,324.0,43.62900818364301,104.0,4053.291111225488,119388,9,7.0
8,Haas F1 Team,2019_2,2019,70.06284420196613,324.0,70.7604611662978,104.0,4309.411395336868,159186,9,8.0
7,Alfa Romeo Racing,2019_2,2019,74.01667610273303,327.0,43.17216531988265,104.0,4319.6104277111535,120130,9,9.0
4,McLaren,2019_2,2019,73.97580935714653,330.0,61.3943074785115,104.0,4557.252200319111,153518,9,10.0
3,Renault,2019_2,2019,49.399917648875395,329.0,56.30063307427042,104.0,3025.681301147769,157356,9,11.0
23,Toro Rosso,2019_2,2019,61.75747593803078,326.0,59.861958927376605,104.0,3698.996551546657,129276,9,12.0
10,Red Bull Racing,2019_2,2019,49.41849812136497,322.0,72.59977353440733,104.0,2993.5821709815223,157670,9,13.0
11,Racing Point,2019_2,2019,49.48319522363477,326.0,55.48412167378661,104.0,3005.4340933655876,116552,9,14.0
26,Toro Rosso,2019_2,2019,41.221730403005814,325.0,87.31952236347728,104.0,2534.2518915023934,117434,9,15.0
99,Alfa Romeo Racing,2019_2,2019,24.767872767512483,328.0,63.77312265170621,104.0,1529.4627618508416,117244,9,16.0
27,Renault,2019_2,2019,24.67594832466931,325.0,58.214061454526735,104.0,1405.7545421792167,125508,9,17.0
18,Racing Point,2019_2,2019,24.700859539863092,328.0,62.85845900458078,104.0,1591.798857378146,116642,9,18.0
63,Williams,2019_2,2019,32.873848370991816,326.0,89.22497297853724,104.0,2192.5695094961143,90296,9,19.0
88,Williams,2019_2,2019,32.92542076277729,323.0,69.19640743218899,104.0,1954.8645324000208,97410,9,20.0
77,Mercedes,2019_3,2019,62.25879577392553,323.0,67.99774335829316,104.0,3713.793106985331,157942,9,1.0
44,Mercedes,2019_3,2019,62.29690224638424,321.0,76.36342188942456,104.0,3485.7413068006977,162907,9,2.0
5,Ferrari,2019_3,2019,66.1490409272746,329.0,56.76807877731049,104.0,4082.2369473792182,146070,9,3.0
16,Ferrari,2019_3,2019,65.97215098984512,328.0,71.11016514514309,104.0,4107.4616370909835,160088,9,4.0
33,Red Bull Racing,2019_3,2019,57.68509590727254,321.0,59.587598728074674,104.0,3482.3937839778437,160792,9,5.0
10,Red Bull Racing,2019_3,2019,57.73048517796697,321.0,56.1158067494102,104.0,3476.6643245461073,162098,9,6.0
3,Renault,2019_3,2019,74.2016104215817,327.0,44.525643655759566,104.0,4649.715252846446,158548,9,7.0
27,Renault,2019_3,2019,61.829213252641296,323.0,37.71320135398502,104.0,3645.0191301671966,161275,9,8.0
20,Haas F1 Team,2019_3,2019,66.12739768181352,326.0,62.616217047902346,104.0,4562.0271309877935,163397,9,9.0
8,Haas F1 Team,2019_3,2019,62.06441686326803,326.0,60.35408759872807,104.0,4069.753872192019,157902,9,10.0
26,Toro Rosso,2019_3,2019,49.54133757308442,325.0,54.30618524976921,104.0,3071.2819776387323,120124,9,11.0
11,Racing Point,2019_3,2019,49.681146784285566,326.0,54.23997333059801,104.0,2985.1962252538724,115778,9,12.0
7,Alfa Romeo Racing,2019_3,2019,49.599394809724075,324.0,51.62406400656477,104.0,3011.3100830854446,121200,9,13.0
55,McLaren,2019_3,2019,49.59226587342292,322.0,53.69278900400041,104.0,2946.421273976818,117072,9,14.0
4,McLaren,2019_3,2019,49.531644271207306,323.0,53.95543132628987,104.0,2966.5934967688995,118414,9,15.0
18,Racing Point,2019_3,2019,24.784080418504463,322.0,62.493896809929225,104.0,1684.911272951072,115454,9,16.0
63,Williams,2019_3,2019,37.16770950866755,323.0,64.85249769207098,104.0,2370.927018155708,64078,9,17.0
88,Williams,2019_3,2019,37.14304031182685,317.0,65.49476869422504,104.0,2423.2143296748386,59754,9,18.0
23,Toro Rosso,2019_3,2019,0.0,0.0,0.0,0.0,0.0,0,1,
99,Alfa Romeo Racing,2019_3,2019,8.304031182685403,306.0,70.79787670530311,104.0,652.0230792901837,119468,9,
77,Mercedes,2019_4,2019,54.68781250958618,333.0,82.50219331881345,104.0,3130.5666738243503,269037,9,1.0
44,Mercedes,2019_4,2019,57.90432221847296,332.0,81.72747630295407,104.0,3217.3847357280897,276153,88,2.0
5,Ferrari,2019_4,2019,62.77839811037149,338.0,71.76125034510261,104.0,3754.5532071535936,258416,9,3.0
33,Red Bull Racing,2019_4,2019,41.52492407742569,333.0,72.99825148010675,104.0,2516.4360869965335,281691,9,4.0
11,Racing Point,2019_4,2019,46.31951900365042,350.0,75.32749470842664,104.0,2637.7671707721097,240547,9,5.0
26,Toro Rosso,2019_4,2019,62.51154943403172,339.0,69.87772631062303,104.0,3556.5201693303475,250196,9,6.0
4,McLaren,2019_4,2019,62.58007914353201,332.0,70.05938832479524,104.0,3608.167305745575,244706,9,7.0
99,Alfa Romeo Racing,2019_4,2019,57.24365778091352,346.0,70.05564587870794,104.0,3273.173011442069,253954,9,8.0
16,Ferrari,2019_4,2019,28.491610172091168,336.0,92.63118500567502,104.0,1986.750851253106,281596,9,9.0
55,McLaren,2019_4,2019,46.29007024755361,331.0,88.79290775790669,104.0,2547.089143838768,278404,9,10.0
3,Renault,2019_4,2019,40.883953495506,338.0,70.42660817816497,104.0,2330.771741464462,273564,9,11.0
23,Toro Rosso,2019_4,2019,49.056995613362375,342.0,75.166385471947,104.0,2795.081996380257,248999,9,12.0
20,Haas F1 Team,2019_4,2019,43.6847756066137,340.0,85.20169330347557,104.0,2827.740758918985,274863,9,13.0
18,Racing Point,2019_4,2019,21.749532194239087,335.0,82.12423693978343,104.0,1594.121660173625,255133,9,14.0
8,Haas F1 Team,2019_4,2019,27.260314733580785,348.0,92.21203104389706,104.0,1565.3172796711556,274012,9,15.0
27,Renault,2019_4,2019,21.74094297371085,335.0,82.53016963710543,104.0,1204.4850455535443,280919,51,16.0
63,Williams,2019_4,2019,24.471210773336605,333.0,92.7571091137765,104.0,1952.2469707659743,131493,9,17.0
88,Williams,2019_4,2019,20.21411699745391,333.0,73.46863400717814,104.0,1134.7918647811282,130802,9,18.0
7,Alfa Romeo Racing,2019_4,2019,57.229117457590725,345.0,69.31792386269518,104.0,3292.329549986196,253846,9,19.0
10,Red Bull Racing,2019_4,2019,13.617258198104237,342.0,84.74183257155127,104.0,886.7019233718826,279753,9,20.0
77,Mercedes,2019_5,2019,65.04403460601979,322.0,71.60923172563851,104.0,3858.5722426565817,157050,9,1.0
44,Mercedes,2019_5,2019,61.03538310107237,322.0,76.21001916800498,104.0,3496.6356524892503,156762,9,2.0
5,Ferrari,2019_5,2019,60.77723669895871,327.0,62.58172304823084,104.0,3618.6095943635705,140152,9,3.0
33,Red Bull Racing,2019_5,2019,42.872714085893385,319.0,62.70615966430088,104.0,2681.764958814692,156606,9,4.0
16,Ferrari,2019_5,2019,67.76174687872351,327.0,68.37465678910014,104.0,4248.080971869657,148032,9,5.0
10,Red Bull Racing,2019_5,2019,60.70481272341087,320.0,67.53162720820598,104.0,3591.788271253173,157512,9,6.0
8,Haas F1 Team,2019_5,2019,57.109309433766775,322.0,68.94575972646739,104.0,3596.7593120240376,149192,9,7.0
20,Haas F1 Team,2019_5,2019,53.63736206807232,322.0,68.45018908977879,104.0,3715.386313008341,149934,9,8.0
26,Toro Rosso,2019_5,2019,71.1550536186085,325.0,71.70569341553126,104.0,4193.744288452572,155826,9,9.0
3,Renault,2019_5,2019,67.67834015438015,326.0,35.6782883489613,104.0,4046.2989172667462,126760,9,10.0
4,McLaren,2019_5,2019,49.66487074547998,324.0,55.8448427705538,104.0,2937.0324301921983,118088,9,11.0
23,Toro Rosso,2019_5,2019,49.69445163964151,324.0,58.088690877065744,104.0,2927.193855877325,117672,9,12.0
55,McLaren,2019_5,2019,42.57058488317878,326.0,84.37823136300057,104.0,2451.5657151738073,156224,9,13.0
7,Alfa Romeo Racing,2019_5,2019,49.72372170128995,326.0,55.84416930010879,104.0,3008.5802206910844,121376,9,14.0
11,Racing Point,2019_5,2019,42.43159094441278,326.0,57.55032896440968,104.0,2439.14780085997,111734,9,15.0
27,Renault,2019_5,2019,24.868051598197173,321.0,58.040511837538205,104.0,1430.0161114852613,86373,43,16.0
18,Racing Point,2019_5,2019,31.903849142620317,326.0,66.27980106719163,104.0,1986.177174532456,123296,9,17.0
99,Alfa Romeo Racing,2019_5,2019,28.29622338496607,323.0,67.28415272237476,104.0,1721.5415220432058,120248,9,18.0
63,Williams,2019_5,2019,28.413562658654097,320.0,67.11039734756255,104.0,1929.653577164171,98985,9,19.0
88,Williams,2019_5,2019,31.901362482515673,317.0,67.87188519919184,104.0,2059.757447028959,80070,9,20.0
44,Mercedes,2019_6,2019,71.31602319628024,291.0,44.21461783605872,104.0,4673.274802779374,125764,8,1.0
77,Mercedes,2019_6,2019,69.2272608536649,292.0,62.07982864009195,104.0,4701.434878010553,155108,9,2.0
33,Red Bull Racing,2019_6,2019,48.3722898490152,292.0,58.113107988088395,104.0,3415.4995559270674,154464,9,3.0
5,Ferrari,2019_6,2019,68.76202915208192,298.0,50.86777075387911,104.0,4552.180711561569,139466,9,4.0
10,Red Bull Racing,2019_6,2019,61.16817303171203,291.0,48.81646726921269,104.0,4343.0140013583405,148870,9,5.0
20,Haas F1 Team,2019_6,2019,61.12925134527977,294.0,59.04435504937046,104.0,4351.60393918813,148598,9,6.0
3,Renault,2019_6,2019,63.798495376417115,295.0,35.91296170524006,104.0,4359.637949950368,131082,8,7.0
26,Toro Rosso,2019_6,2019,76.27307873151872,292.0,58.60038660467061,104.0,5293.390627448932,153252,8,8.0
55,McLaren,2019_6,2019,76.47458335510161,296.0,41.168695470456086,104.0,5063.781986312105,125716,9,9.0
23,Toro Rosso,2019_6,2019,78.99211117496473,294.0,40.784389530327566,104.0,5472.558852724518,126570,9,10.0
27,Renault,2019_6,2019,51.03212998275952,293.0,45.61569405987148,104.0,3416.7677759782664,136340,8,11.0
4,McLaren,2019_6,2019,56.07925395747348,296.0,53.2426727966146,104.0,3817.9596677289583,126480,9,12.0
8,Haas F1 Team,2019_6,2019,53.67373700433624,294.0,63.25359176636539,104.0,4315.797137035683,147838,9,13.0
7,Alfa Romeo Racing,2019_6,2019,53.60937255106839,298.0,50.22506661093987,104.0,3704.132751684865,128170,8,14.0
99,Alfa Romeo Racing,2019_6,2019,56.1195339846403,298.0,49.932500914267806,104.0,3970.898072201034,128420,8,15.0
16,Ferrari,2019_6,2019,20.423750065304844,296.0,84.17371088239904,104.0,1686.1016143357192,149880,9,16.0
11,Racing Point,2019_6,2019,28.22344705083329,297.0,75.89384044720757,104.0,2151.6012747505356,145994,8,17.0
18,Racing Point,2019_6,2019,28.084478344914057,297.0,65.27151141528655,104.0,2001.9272765268272,123478,8,18.0
63,Williams,2019_6,2019,33.127893004545214,290.0,87.09163575570764,104.0,2604.5021158769136,97926,8,19.0
88,Williams,2019_6,2019,33.114205109450914,290.0,63.45948487539836,104.0,2444.631837417063,56874,8,20.0
5,Ferrari,2019_7,2019,60.54083989052344,338.0,67.74397023605884,104.0,3634.051787547041,180059,9,1.0
44,Mercedes,2019_7,2019,57.75679952104003,330.0,58.59763085870681,104.0,3147.983236400958,156992,9,2.0
16,Ferrari,2019_7,2019,60.508852206637016,333.0,78.95573896681492,104.0,3664.6743499828945,198114,9,3.0
3,Renault,2019_7,2019,54.77664214847759,335.0,40.33086725966473,104.0,3304.216601094766,161313,9,4.0
10,Red Bull Racing,2019_7,2019,46.54404721176873,327.0,69.06996236743072,104.0,2593.432389668149,191406,9,5.0
77,Mercedes,2019_7,2019,53.007056106739654,332.0,77.38278309955525,104.0,3171.0449880260007,195374,9,6.0
27,Renault,2019_7,2019,57.551188847074926,332.0,28.264240506329113,104.0,3259.0925419089976,177645,9,7.0
4,McLaren,2019_7,2019,54.73426274375642,331.0,61.59164385904892,104.0,3148.928540882655,165146,9,8.0
55,McLaren,2019_7,2019,52.13047382825864,333.0,58.41216216216216,104.0,2897.5064146424907,159396,9,9.0
20,Haas F1 Team,2019_7,2019,41.190087239137874,330.0,72.48451932945603,104.0,2631.2961854259324,185972,9,10.0
33,Red Bull Racing,2019_7,2019,32.96407800205269,331.0,78.45124871707151,104.0,1967.3526770441329,199798,9,11.0
26,Toro Rosso,2019_7,2019,46.66806363325351,330.0,83.78626411221347,104.0,2698.3238539172085,199573,9,12.0
99,Alfa Romeo Racing,2019_7,2019,43.96373588778652,334.0,66.8195774888813,104.0,2545.154122476907,168614,9,13.0
23,Toro Rosso,2019_7,2019,43.884536435169345,331.0,68.57924221690044,104.0,2518.2239137872048,165674,9,14.0
8,Haas F1 Team,2019_7,2019,41.26402668491277,331.0,80.3323640095792,104.0,2652.564745124872,196410,9,15.0
11,Racing Point,2019_7,2019,16.483706808073897,335.0,69.98340745809101,104.0,1285.9018132056108,147923,9,16.0
7,Alfa Romeo Racing,2019_7,2019,27.468140608963395,333.0,75.12025316455696,104.0,1551.9191327403353,157462,9,17.0
18,Racing Point,2019_7,2019,24.624615121450564,332.0,88.70060725282244,104.0,1848.009621963736,192700,9,18.0
63,Williams,2019_7,2019,27.409639069449195,331.0,73.497947314403,104.0,1762.5312606910709,59678,9,19.0
88,Williams,2019_7,2019,27.375470407115976,329.0,73.9425248032843,104.0,1811.9328173109816,77598,9,20.0
44,Mercedes,2019_8,2019,89.30087261837146,340.0,70.00759023080498,104.0,4680.392833169825,158596,9,1.0
77,Mercedes,2019_8,2019,85.67026385088036,340.0,72.27624309392266,104.0,4585.467392988073,159120,9,2.0
16,Ferrari,2019_8,2019,84.309908607425,341.0,70.4246914855166,104.0,4769.401146279754,158244,9,3.0
33,Red Bull Racing,2019_8,2019,83.94196313316466,336.0,48.60313936076832,104.0,4615.726700056797,143432,9,4.0
4,McLaren,2019_8,2019,92.64155522280168,338.0,50.734496824495274,104.0,5202.050446636031,132202,9,5.0
55,McLaren,2019_8,2019,92.81308411214954,338.0,47.21939381422006,104.0,5029.289306552383,129322,9,6.0
5,Ferrari,2019_8,2019,84.18562503227139,343.0,54.22047813290649,104.0,4530.694015593535,138412,9,7.0
3,Renault,2019_8,2019,88.31584654308875,343.0,34.01115299220323,104.0,5133.222285330718,134336,9,8.0
10,Red Bull Racing,2019_8,2019,83.93401146279754,334.0,42.43997521557288,104.0,4803.141632674136,147980,9,9.0
99,Alfa Romeo Racing,2019_8,2019,75.26188877988331,344.0,51.774823152785665,104.0,4218.797438942531,127500,9,10.0
23,Toro Rosso,2019_8,2019,61.8629627717251,342.0,60.88738575928125,104.0,3518.164816440337,129370,9,11.0
7,Alfa Romeo Racing,2019_8,2019,62.08591934734342,345.0,59.946352042133526,104.0,3397.0353178086434,130500,9,12.0
27,Renault,2019_8,2019,66.42970000516343,341.0,47.30231837662002,104.0,3577.339030309289,139260,9,13.0
11,Racing Point,2019_8,2019,66.32080342851242,342.0,59.26741364176176,104.0,3655.297877833428,129614,9,14.0
20,Haas F1 Team,2019_8,2019,75.4034181855734,339.0,67.4862911137502,104.0,4505.263850880364,150882,9,15.0
26,Toro Rosso,2019_8,2019,26.491609438735995,332.0,74.37254092012185,104.0,1558.352971549543,128438,9,16.0
8,Haas F1 Team,2019_8,2019,39.941704962048846,333.0,79.94852067950637,104.0,2497.9735632777406,149688,9,17.0
18,Racing Point,2019_8,2019,39.81762792378789,338.0,66.08529973666546,104.0,2318.74012495482,127692,9,18.0
63,Williams,2019_8,2019,35.27448753033511,334.0,69.50828729281768,104.0,2070.946920018588,71983,9,19.0
88,Williams,2019_8,2019,35.35668921361078,336.0,70.44018175246553,104.0,2027.6186296277172,77452,9,20.0
16,Ferrari,2019_9,2019,59.649301661739216,332.0,71.84131919665613,104.0,3751.050769701295,159222,9,1.0
44,Mercedes,2019_9,2019,86.23667040473035,327.0,72.2962075644816,104.0,4561.0198287287185,162912,9,2.0
33,Red Bull Racing,2019_9,2019,56.118003873993274,327.0,59.262412070547455,104.0,3091.7363135895607,152390,9,3.0
77,Mercedes,2019_9,2019,83.47874401060251,325.0,62.347385054541746,104.0,4614.981292690386,155752,9,4.0
20,Haas F1 Team,2019_9,2019,66.22397797940667,323.0,62.51610765623407,104.0,4281.990875726374,151524,9,5.0
4,McLaren,2019_9,2019,62.638291365072895,331.0,78.76281985931287,104.0,3433.578040574982,162860,9,6.0
7,Alfa Romeo Racing,2019_9,2019,76.26042410031603,331.0,53.4855234988276,104.0,4214.067590987868,133568,9,7.0
99,Alfa Romeo Racing,2019_9,2019,72.79009073300031,329.0,53.25420532164339,104.0,4074.480528086451,133236,9,8.0
10,Red Bull Racing,2019_9,2019,59.56815169742074,323.0,53.02885105515343,104.0,3240.8049240493424,160458,9,9.0
5,Ferrari,2019_9,2019,29.876032215312467,328.0,86.41288612498725,104.0,1858.295799775716,159144,9,10.0
8,Haas F1 Team,2019_9,2019,59.847079212967685,320.0,73.95891528188399,104.0,3503.327913140993,155620,9,11.0
27,Renault,2019_9,2019,39.739372005301256,331.0,53.82485472525232,104.0,2230.083239881741,160216,9,12.0
23,Toro Rosso,2019_9,2019,49.63910694260373,328.0,61.08752166377816,104.0,2748.428738913243,124136,9,13.0
3,Renault,2019_9,2019,39.68116015903762,325.0,62.90228361708635,104.0,2398.664287898868,159254,9,14.0
55,McLaren,2019_9,2019,39.67489040676929,329.0,64.46421653583444,104.0,2104.755683555918,123052,9,15.0
11,Racing Point,2019_9,2019,26.547660311958406,327.0,90.35120807421757,104.0,1924.1657151595473,158576,9,16.0
18,Racing Point,2019_9,2019,29.81491487409522,327.0,89.31588337241308,104.0,1930.8920888979508,159088,9,17.0
26,Toro Rosso,2019_9,2019,26.4916403303089,323.0,90.92873891324294,104.0,1438.0290039759404,157716,9,18.0
63,Williams,2019_9,2019,39.76490977673565,330.0,68.12055255377715,104.0,2242.253440717708,78148,9,19.0
88,Williams,2019_9,2019,36.34804771128555,325.0,71.43541645427669,104.0,1957.5204404118667,65292,9,20.0
77,Mercedes,2019_10,2019,89.97606767072416,330.0,67.970858262843,104.0,4632.576954817413,151794,9,1.0
44,Mercedes,2019_10,2019,72.12028058592944,330.0,80.01072828553744,104.0,3690.2336496802145,158440,9,2.0
16,Ferrari,2019_10,2019,75.43820920156799,334.0,76.48777594388281,104.0,4252.585877862595,153960,9,3.0
33,Red Bull Racing,2019_10,2019,93.239116979575,331.0,37.83623891066639,104.0,4733.259129358366,127340,9,4.0
10,Red Bull Racing,2019_10,2019,93.32473695069116,330.0,53.88322673818857,104.0,4839.52176604085,152502,9,5.0
5,Ferrari,2019_10,2019,84.45332164225294,333.0,65.98880750979987,104.0,4642.491489581184,149152,9,6.0
3,Renault,2019_10,2019,93.24793686816588,339.0,47.56452444811224,104.0,4820.583453682691,146688,9,7.0
4,McLaren,2019_10,2019,93.08990096967196,333.0,56.77382917268413,104.0,4645.157984320198,130330,9,8.0
23,Toro Rosso,2019_10,2019,106.53569218073036,333.0,53.44083969465649,104.0,5542.670156798019,131208,9,9.0
27,Renault,2019_10,2019,93.2648545492057,338.0,45.29770992366412,104.0,4580.302867753249,151092,9,10.0
99,Alfa Romeo Racing,2019_10,2019,80.37657313802352,336.0,62.234939137610894,104.0,4085.124664741077,130304,9,11.0
7,Alfa Romeo Racing,2019_10,2019,80.1719104600784,334.0,60.033990096967194,104.0,4096.957860532288,130090,9,12.0
55,McLaren,2019_10,2019,66.71265731380235,331.0,64.00128945739633,104.0,3322.8134413038993,126648,9,13.0
8,Haas F1 Team,2019_10,2019,75.79838044151022,330.0,73.74293377346812,104.0,4171.448524860739,151796,9,14.0
11,Racing Point,2019_10,2019,62.21317309676088,331.0,61.69898906540128,104.0,3235.3908603259747,122150,9,15.0
20,Haas F1 Team,2019_10,2019,40.161388487724366,328.0,84.36414276872293,104.0,2471.542500515783,149872,9,16.0
26,Toro Rosso,2019_10,2019,44.560810810810814,334.0,67.83515576645348,104.0,2298.393645553951,127600,9,17.0
18,Racing Point,2019_10,2019,39.999071590674646,334.0,89.288271095523,104.0,2242.54776150196,156126,9,18.0
63,Williams,2019_10,2019,40.10996492675882,330.0,80.98364968021457,104.0,2349.0703012172476,73305,9,19.0
88,Williams,2019_10,2019,44.62925520940788,331.0,86.73442335465236,104.0,2653.255622034248,95575,9,20.0
44,Mercedes,2019_11,2019,66.59949178032464,326.0,46.39127729087797,104.0,3770.876367785096,113330,9,1.0
33,Red Bull Racing,2019_11,2019,59.511538660996735,329.0,44.95638645438988,104.0,3784.23129181144,146850,9,2.0
77,Mercedes,2019_11,2019,67.68070321008142,329.0,68.66421200020744,104.0,4013.463568946741,155094,9,3.0
10,Red Bull Racing,2019_11,2019,52.55987138930664,330.0,36.72924337499352,104.0,3166.311777213089,122106,9,4.0
7,Alfa Romeo Racing,2019_11,2019,62.99642171861225,334.0,50.42529689363688,104.0,3723.9912358035576,125386,9,5.0
8,Haas F1 Team,2019_11,2019,70.16911268993414,331.0,60.737177825027224,104.0,4245.6215837784575,145776,9,6.0
55,McLaren,2019_11,2019,73.40647202198828,329.0,51.811284551159055,104.0,4113.264948400145,125210,9,7.0
11,Racing Point,2019_11,2019,53.100503033760305,332.0,73.61561997614479,104.0,3254.389980812114,154874,9,8.0
27,Renault,2019_11,2019,52.4842088886584,333.0,32.458642327438675,104.0,3118.1239433698074,150484,9,9.0
16,Ferrari,2019_11,2019,32.013172224238964,331.0,82.27117149821086,104.0,2283.5873048799463,144540,9,10.0
99,Alfa Romeo Racing,2019_11,2019,52.6343411294923,336.0,55.90525333195042,104.0,3156.890888347249,124654,9,11.0
20,Haas F1 Team,2019_11,2019,38.59352797801172,333.0,75.9084167401338,104.0,2720.3238085360163,147306,9,12.0
3,Renault,2019_11,2019,42.0647202198828,331.0,64.75029819011564,104.0,2611.818700409687,155220,9,13.0
26,Toro Rosso,2019_11,2019,52.58455634496707,331.0,73.97681895970544,104.0,3181.3462116890523,152592,9,14.0
18,Racing Point,2019_11,2019,52.64289788933257,334.0,59.00705284447441,104.0,3070.578385106052,125622,9,15.0
4,McLaren,2019_11,2019,31.53591246175388,330.0,68.25322823212156,104.0,1773.6140642016285,122478,9,16.0
23,Toro Rosso,2019_11,2019,31.57107296582482,343.0,65.98993932479387,104.0,1930.3748379401543,121838,9,17.0
63,Williams,2019_11,2019,38.60716693460561,333.0,67.036871856039,104.0,2358.731214022714,67877,9,18.0
88,Williams,2019_11,2019,38.57838510605196,332.0,66.57169527563138,104.0,2350.7479126691906,66484,9,19.0
5,Ferrari,2019_11,2019,3.503811647565213,228.0,90.9424363428927,104.0,492.7000466732355,143920,9,20.0
33,Red Bull Racing,2019_12,2019,49.9071682190089,317.0,63.16317604075542,104.0,3218.9011989914065,158510,9,1.0
77,Mercedes,2019_12,2019,60.81922502958884,323.0,71.23789430350435,104.0,3710.3244995626,157365,9,2.0
44,Mercedes,2019_12,2019,71.07235115525138,323.0,65.538362579118,104.0,4317.094478464468,152114,9,3.0
16,Ferrari,2019_12,2019,56.4970925744867,327.0,73.95425307466681,104.0,3850.6127720887152,154612,9,4.0
5,Ferrari,2019_12,2019,59.9521947203211,327.0,59.82766428240622,104.0,3676.963001080636,139768,9,5.0
10,Red Bull Racing,2019_12,2019,63.264498533422525,318.0,38.24494416713837,104.0,3920.6106622755105,125850,9,6.0
4,McLaren,2019_12,2019,59.68738743374672,325.0,47.883394226316064,104.0,3656.6657747131167,118496,9,7.0
55,McLaren,2019_12,2019,66.42453558380075,320.0,48.49405650182679,104.0,3898.163330417331,120816,9,8.0
8,Haas F1 Team,2019_12,2019,69.92034168682139,324.0,64.55266814182062,104.0,4457.978490197087,158115,9,9.0
7,Alfa Romeo Racing,2019_12,2019,66.46004219626408,326.0,47.331086296505944,104.0,4021.628364122884,123298,9,10.0
27,Renault,2019_12,2019,39.982915658930686,324.0,41.09838933772449,104.0,2395.7182627489324,124260,9,11.0
23,Toro Rosso,2019_12,2019,46.624659085061495,322.0,58.166675243143104,104.0,2902.421756805434,122460,9,12.0
26,Toro Rosso,2019_12,2019,46.55987238203057,323.0,70.48952812226625,104.0,3048.946328410436,147518,9,13.0
99,Alfa Romeo Racing,2019_12,2019,46.76730304121855,325.0,57.414501106365464,104.0,2935.94653424587,123026,9,14.0
20,Haas F1 Team,2019_12,2019,43.29815262697473,320.0,72.15628055369731,104.0,3149.2833839345444,163560,9,15.0
63,Williams,2019_12,2019,29.93696289816292,322.0,69.29635156692224,104.0,1829.9477692584776,63567,9,16.0
11,Racing Point,2019_12,2019,19.93392682550301,324.0,60.96675757731693,104.0,1452.3446199763289,110904,9,17.0
3,Renault,2019_12,2019,19.87032367622086,324.0,60.03581536561519,104.0,1246.198785570936,119388,9,18.0
18,Racing Point,2019_12,2019,29.94375546750373,325.0,68.10255750527453,104.0,2067.3944836103537,127098,9,19.0
88,Williams,2019_12,2019,29.94797509391242,321.0,86.0395718622961,104.0,2053.6213142592496,92423,9,20.0
16,Ferrari,2019_13,2019,73.67443199433102,345.0,77.47867487488374,104.0,4026.7058771424777,188153,9,1.0
5,Ferrari,2019_13,2019,73.78922892953629,346.0,74.68209398113291,104.0,4036.5484742459807,185378,9,2.0
44,Mercedes,2019_13,2019,82.71659506621197,335.0,42.34434651667478,104.0,4304.5584392577175,128901,9,3.0
77,Mercedes,2019_13,2019,88.26710660348111,335.0,64.80220558926436,104.0,4736.859382612161,185077,9,4.0
33,Red Bull Racing,2019_13,2019,73.23947030426503,334.0,58.55724345630896,104.0,4078.786305859427,185451,9,5.0
3,Renault,2019_13,2019,77.99402099295806,340.0,27.497231941184285,104.0,4453.725054253953,173992,9,6.0
27,Renault,2019_13,2019,73.42375658797998,340.0,33.29531865893087,104.0,4078.701049647903,185948,9,7.0
7,Alfa Romeo Racing,2019_13,2019,82.4977634084769,340.0,52.75238053058151,104.0,4279.926746091501,157186,9,8.0
11,Racing Point,2019_13,2019,82.57402896496745,339.0,47.81620089463661,104.0,4500.1022631648875,149610,9,9.0
20,Haas F1 Team,2019_13,2019,82.65857655343461,337.0,58.05699986713318,104.0,4833.534213206962,185071,9,10.0
8,Haas F1 Team,2019_13,2019,54.89831259134594,343.0,72.39700606758493,104.0,3335.5352318526066,185725,9,11.0
4,McLaren,2019_13,2019,54.76633154701271,333.0,57.77966251826919,104.0,3030.938039771469,152157,9,12.0
18,Racing Point,2019_13,2019,40.87988839186855,340.0,63.09730280348997,104.0,2326.68156251384,148991,9,13.0
23,Red Bull Racing,2019_13,2019,40.97094645467027,333.0,72.25142831834891,104.0,2460.794897913991,183009,9,14.0
99,Alfa Romeo Racing,2019_13,2019,27.695070640860976,339.0,66.90194428451215,104.0,1542.2301253377032,165259,9,15.0
10,Toro Rosso,2019_13,2019,22.71606359891935,333.0,70.39563311041233,104.0,1370.3544001062935,149052,9,16.0
55,McLaren,2019_13,2019,27.268745294300015,330.0,68.97617254971433,104.0,1527.6972850879135,160663,9,17.0
26,Toro Rosso,2019_13,2019,18.15204393462952,329.0,72.36440940697108,104.0,1101.4019664289826,153392,9,18.0
63,Williams,2019_13,2019,31.760308251029716,333.0,71.06647770051818,104.0,1906.773417777581,102069,9,19.0
88,Williams,2019_13,2019,8.558749280304708,320.0,101.23672438991984,104.0,444.53554187519376,181012,9,20.0
16,Ferrari,2019_14,2019,63.02799982716156,354.0,77.80516786933414,104.0,3516.3976580391477,188828,9,1.0
44,Mercedes,2019_14,2019,55.70327960938513,345.0,59.384306269714386,104.0,2954.488182171715,149300,9,2.0
77,Mercedes,2019_14,2019,60.01469126733786,339.0,76.42557144708984,104.0,3234.201702458626,187565,9,3.0
5,Ferrari,2019_14,2019,63.04450589811174,350.0,75.17607916000519,104.0,3559.553601520978,183698,9,4.0
3,Renault,2019_14,2019,48.19971481657521,349.0,34.9909691915482,104.0,2680.6972302640106,182067,9,5.0
27,Renault,2019_14,2019,51.9169511299313,350.0,32.383701335176944,104.0,2672.4452750291666,172519,9,6.0
55,McLaren,2019_14,2019,74.06827118351121,354.0,57.55083610594996,104.0,3813.2405046882423,159938,9,7.0
23,Red Bull Racing,2019_14,2019,59.26634403491337,346.0,47.88372293998185,104.0,3163.8384392688936,190415,9,8.0
18,Racing Point,2019_14,2019,70.01667890938946,351.0,61.33984358121246,104.0,3667.709458583589,157416,9,9.0
7,Alfa Romeo Racing,2019_14,2019,58.72371775482868,349.0,65.15049907099339,104.0,3006.16544959599,162358,9,10.0
99,Alfa Romeo Racing,2019_14,2019,55.41070734131271,349.0,66.35505336386812,104.0,2898.4845093548806,156631,9,11.0
20,Haas F1 Team,2019_14,2019,51.632977574212504,350.0,70.79548891673508,104.0,3053.1294127814026,178027,9,12.0
26,Toro Rosso,2019_14,2019,62.638378775439655,345.0,82.41407769087846,104.0,3376.935963358251,188439,9,13.0
4,McLaren,2019_14,2019,55.23778248282418,342.0,62.6377306312924,104.0,2897.5822927018967,156450,9,14.0
10,Toro Rosso,2019_14,2019,55.210949315127685,344.0,66.37078166184159,104.0,2991.10638205937,157964,9,15.0
8,Haas F1 Team,2019_14,2019,29.527805383917386,347.0,84.45957741001598,104.0,1849.537570755736,184858,9,16.0
11,Racing Point,2019_14,2019,19.32277578533466,350.0,79.65376139653459,104.0,1029.543490472281,170448,9,17.0
63,Williams,2019_14,2019,29.50529317720261,345.0,70.7561681718014,104.0,1953.634965216264,74071,9,18.0
88,Williams,2019_14,2019,33.19807285140215,343.0,70.46670699563583,104.0,1916.3745408978957,74813,9,19.0
33,Red Bull Racing,2019_14,2019,11.049431793630903,334.0,87.41602212332023,104.0,740.07803655533,183844,9,20.0
16,Ferrari,2019_15,2019,65.14751295336788,323.0,65.04051813471503,104.0,4409.882176165803,153604,9,1.0
44,Mercedes,2019_15,2019,69.08886010362694,319.0,46.95259067357513,104.0,4306.608186528498,125016,9,2.0
5,Ferrari,2019_15,2019,61.32756476683938,324.0,63.18347150259067,104.0,4211.5195336787565,148114,9,3.0
33,Red Bull Racing,2019_15,2019,57.4120207253886,320.0,52.3939378238342,104.0,4151.700259067357,153410,9,4.0
77,Mercedes,2019_15,2019,69.35481865284974,318.0,64.72170984455958,104.0,4491.58621761658,155682,9,5.0
23,Red Bull Racing,2019_15,2019,61.31621761658031,319.0,42.79036269430052,104.0,4307.607616580311,153500,9,6.0
55,McLaren,2019_15,2019,72.74041450777202,322.0,41.48492227979275,104.0,4722.507098445596,125708,9,7.0
27,Renault,2019_15,2019,68.88689119170985,322.0,26.91155440414508,104.0,4357.962176165803,124870,9,8.0
4,McLaren,2019_15,2019,72.65766839378239,320.0,39.32647668393783,104.0,4871.465544041451,125416,9,9.0
11,Racing Point,2019_15,2019,53.62170984455958,323.0,74.37207253886011,104.0,3571.6512953367874,156260,9,10.0
99,Alfa Romeo Racing,2019_15,2019,53.789896373057,320.0,52.81502590673575,104.0,3519.1844559585493,125414,9,11.0
10,Toro Rosso,2019_15,2019,46.00476683937824,318.0,51.14414507772021,104.0,3206.2610880829016,116900,9,12.0
7,Alfa Romeo Racing,2019_15,2019,53.7840932642487,319.0,54.36139896373057,104.0,3418.7046113989636,125422,9,13.0
20,Haas F1 Team,2019_15,2019,53.81264248704663,320.0,69.36906735751295,104.0,3778.33792746114,154806,9,14.0
26,Toro Rosso,2019_15,2019,26.796476683937826,317.0,65.02378238341969,104.0,1835.268860103627,120194,9,15.0
18,Racing Point,2019_15,2019,30.586062176165804,322.0,25.449689119170984,104.0,2147.580103626943,124106,9,16.0
8,Haas F1 Team,2019_15,2019,30.6519689119171,319.0,77.63284974093264,104.0,2202.6538341968912,151011,9,17.0
63,Williams,2019_15,2019,26.81082901554404,317.0,65.42694300518134,104.0,1903.5151813471505,59720,9,18.0
88,Williams,2019_15,2019,22.96668393782383,313.0,65.62974093264249,104.0,1625.235129533679,70958,9,19.0
3,Renault,2019_15,2019,68.90652849740933,322.0,35.45284974093264,104.0,4785.584455958549,158264,9,20.0
16,Ferrari,2019_16,2019,70.36784077892325,331.0,74.67301450935472,104.0,4154.593785796105,174561,9,1.0
44,Mercedes,2019_16,2019,74.3532359679267,327.0,55.297107674684995,104.0,4111.720599465445,136918,9,2.0
5,Ferrari,2019_16,2019,86.94955135547919,332.0,68.7905689194349,104.0,4825.413277968691,158764,9,3.0
33,Red Bull Racing,2019_16,2019,61.882350133638795,327.0,53.178789614356624,104.0,3619.339442535319,165371,9,4.0
77,Mercedes,2019_16,2019,74.6397957235586,327.0,74.95379915998473,104.0,4199.85166093929,173454,9,5.0
55,McLaren,2019_16,2019,82.48210194730814,327.0,54.55536464299351,104.0,4590.251002290951,143397,9,6.0
27,Renault,2019_16,2019,61.9250190912562,329.0,31.725229095074457,104.0,3377.154018709431,147585,9,7.0
4,McLaren,2019_16,2019,82.46401298205421,330.0,53.43814432989691,104.0,4648.637552500954,144781,9,8.0
8,Haas F1 Team,2019_16,2019,78.5233390607102,332.0,64.43260786559756,104.0,4690.384450171821,170974,9,9.0
3,Renault,2019_16,2019,74.29810996563575,331.0,32.78737113402062,104.0,4347.407407407408,152234,9,10.0
10,Toro Rosso,2019_16,2019,53.67797823596793,328.0,66.03021191294387,104.0,3132.23410652921,143848,9,11.0
11,Racing Point,2019_16,2019,57.79992363497518,332.0,62.53064146620848,104.0,3219.83113783887,141532,9,12.0
99,Alfa Romeo Racing,2019_16,2019,57.92506681939672,333.0,64.97179266895762,104.0,3176.85734058801,141334,9,13.0
20,Haas F1 Team,2019_16,2019,53.82464681176021,328.0,74.33896525391371,104.0,3808.221601756395,167146,9,14.0
18,Racing Point,2019_16,2019,57.85352233676976,332.0,62.97341542573501,104.0,3245.653111874761,143129,9,15.0
7,Alfa Romeo Racing,2019_16,2019,33.173157693776254,330.0,75.05312142038946,104.0,1788.0657216494844,140294,9,16.0
63,Williams,2019_16,2019,33.02219358533792,331.0,67.89351851851852,104.0,2226.178550973654,81238,9,17.0
88,Williams,2019_16,2019,33.15182321496754,328.0,69.22398816342115,104.0,2056.0683466972127,78101,35,18.0
23,Red Bull Racing,2019_16,2019,15.797012218403973,327.0,87.77443680794197,104.0,978.8665043909888,178789,9,19.0
26,Toro Rosso,2019_16,2019,0.0,0.0,0.0,0.0,0.0,0,1,20.0
5,Ferrari,2019_17,2019,59.004670119724885,335.0,75.10783731001104,104.0,3496.486117007727,191652,9,1.0
16,Ferrari,2019_17,2019,58.91538592171181,335.0,72.40765899634881,104.0,3540.2797826271544,190664,9,2.0
77,Mercedes,2019_17,2019,78.12813110299737,330.0,70.70081514817016,104.0,4326.8011802666215,187024,9,3.0
44,Mercedes,2019_17,2019,73.72225524327078,331.0,45.253799779230704,104.0,4038.6293198607455,135562,9,4.0
33,Red Bull Racing,2019_17,2019,59.05285726415895,332.0,46.481234609832725,104.0,3314.6821346692705,181762,9,5.0
23,Red Bull Racing,2019_17,2019,70.21639636579773,332.0,55.29578840112083,104.0,4020.520208881718,193550,9,6.0
55,McLaren,2019_17,2019,77.3913135773117,330.0,55.04177634372081,104.0,4263.481361976735,164137,9,7.0
4,McLaren,2019_17,2019,77.48700857603804,331.0,54.65551498683875,104.0,4361.283348900399,162280,9,8.0
10,Toro Rosso,2019_17,2019,77.65063258894455,334.0,54.881124225184685,104.0,4415.6810308227905,161760,9,9.0
8,Haas F1 Team,2019_17,2019,59.13488154878152,332.0,74.46917720981574,104.0,3381.725354504543,188901,9,10.0
99,Alfa Romeo Racing,2019_17,2019,55.43406640061136,335.0,62.571240553621465,104.0,3149.655175341768,160683,9,11.0
18,Racing Point,2019_17,2019,45.112634796637515,333.0,55.97872972743483,104.0,2462.853825252611,142855,9,12.0
7,Alfa Romeo Racing,2019_17,2019,55.43211344145368,336.0,63.84384817865331,104.0,3028.8719962639043,160815,9,13.0
26,Toro Rosso,2019_17,2019,59.11671053748832,335.0,59.17406809883671,104.0,3425.709263819309,161271,9,14.0
27,Renault,2019_17,2019,51.66035492909909,335.0,40.43882143160398,104.0,2914.1702895474227,155647,9,15.0
3,Renault,2019_17,2019,29.459836970365966,331.0,53.18434236223147,104.0,1804.9732954063004,156447,9,16.0
11,Racing Point,2019_17,2019,33.162562622059944,334.0,66.29039653562027,104.0,2140.490489938015,161340,9,17.0
63,Williams,2019_17,2019,36.91457926466842,329.0,69.25184682007303,104.0,2220.0924259149187,98826,9,18.0
20,Haas F1 Team,2019_17,2019,11.08983612125329,328.0,89.29710452577056,104.0,979.4169143245308,188944,68,19.0
88,Williams,2019_17,2019,3.5785853782796977,289.0,84.92328266961026,104.0,224.1501231213382,177766,9,20.0
33,Red Bull Racing,2019_18,2019,49.14073919398622,350.0,48.22029651284193,104.0,3039.7417519315095,141092,9,1.0
16,Ferrari,2019_18,2019,55.74859051994153,359.0,72.6695552307371,104.0,3627.7880559615783,152540,9,2.0
5,Ferrari,2019_18,2019,55.77432658174985,360.0,63.65070996032575,104.0,3622.8180726665273,142880,9,3.0
44,Mercedes,2019_18,2019,65.4950407183128,352.0,46.3034558362915,104.0,3694.339423679265,117218,9,4.0
23,Red Bull Racing,2019_18,2019,58.94382960952182,348.0,53.52155982459803,104.0,3532.683389016496,155276,9,5.0
77,Mercedes,2019_18,2019,59.19242012946335,350.0,70.11134892461892,104.0,3551.5655669242014,153018,9,6.0
55,McLaren,2019_18,2019,62.07167467112132,348.0,47.56713301315515,104.0,3627.149926915849,117964,9,7.0
4,McLaren,2019_18,2019,65.46011693464189,347.0,46.08049697222802,104.0,3981.31514930048,121614,9,8.0
26,Toro Rosso,2019_18,2019,71.8208916266444,350.0,71.84631447066194,104.0,4417.978962205053,157404,9,9.0
10,Toro Rosso,2019_18,2019,71.70166005429108,349.0,43.603257465024015,104.0,4348.745353936103,119604,9,10.0
11,Racing Point,2019_18,2019,45.91537899352683,355.0,50.46147421173523,104.0,2705.5327312591357,118662,9,11.0
27,Renault,2019_18,2019,45.82532887868031,348.0,58.959281687199834,104.0,2864.4762998538317,155826,9,12.0
3,Renault,2019_18,2019,45.7000417623721,353.0,42.19983295051159,104.0,2884.6042493213613,123944,9,13.0
7,Alfa Romeo Racing,2019_18,2019,45.864742117352264,354.0,57.25485487575694,104.0,2631.603779494675,119334,9,14.0
99,Alfa Romeo Racing,2019_18,2019,45.94555230737106,352.0,57.053716851117144,104.0,2704.3358738776365,119082,9,15.0
18,Racing Point,2019_18,2019,26.05314261850073,355.0,56.28977865942785,104.0,1557.112601795782,117390,9,16.0
20,Haas F1 Team,2019_18,2019,29.51816663186469,356.0,81.994309876801,104.0,2178.4417936938817,150290,9,17.0
8,Haas F1 Team,2019_18,2019,29.50167049488411,354.0,81.6058154103153,104.0,2261.07929630403,153752,9,18.0
63,Williams,2019_18,2019,32.64726456462727,353.0,64.19596993109208,104.0,2174.004541657966,61134,9,19.0
88,Williams,2019_18,2019,29.45844643975778,354.0,65.62768845270412,104.0,1869.281269576112,93512,9,20.0
77,Mercedes,2019_19,2019,71.4857581967213,325.0,69.69164959016393,104.0,4223.7196721311475,159512,9,1.0
5,Ferrari,2019_19,2019,66.87320696721312,328.0,62.842776639344265,104.0,4094.292110655738,143852,9,2.0
33,Red Bull Racing,2019_19,2019,62.61623975409836,327.0,47.617930327868855,104.0,3758.7243340163936,151102,9,3.0
16,Ferrari,2019_19,2019,79.11844262295082,328.0,63.20184426229508,104.0,4693.663934426229,153078,9,4.0
44,Mercedes,2019_19,2019,70.74969262295082,324.0,48.315061475409834,104.0,3988.3665471311474,119306,9,5.0
23,Red Bull Racing,2019_19,2019,58.415727459016395,327.0,59.512243852459015,104.0,3519.682786885246,158164,9,6.0
55,McLaren,2019_19,2019,62.37223360655738,329.0,49.00701844262295,104.0,3718.6766905737704,121568,9,7.0
4,McLaren,2019_19,2019,74.61577868852459,327.0,44.231659836065575,104.0,4525.229610655738,124716,9,8.0
3,Renault,2019_19,2019,62.31803278688525,327.0,51.03427254098361,104.0,3961.533145491803,159116,9,9.0
10,Toro Rosso,2019_19,2019,78.87453893442623,330.0,48.30947745901639,104.0,4783.836014344262,127014,9,10.0
27,Renault,2019_19,2019,49.91311475409836,329.0,63.60655737704918,104.0,2862.7550204918034,158564,9,11.0
20,Haas F1 Team,2019_19,2019,49.95891393442623,329.0,72.88401639344262,104.0,3131.8316598360657,151904,9,12.0
26,Toro Rosso,2019_19,2019,58.229149590163935,330.0,54.37325819672131,104.0,3536.413780737705,127558,9,13.0
18,Racing Point,2019_19,2019,58.98186475409836,329.0,51.67556352459017,104.0,3357.8724897540983,122216,9,14.0
8,Haas F1 Team,2019_19,2019,58.40061475409836,323.0,70.06460040983606,104.0,3733.1316598360654,155188,9,15.0
99,Alfa Romeo Racing,2019_19,2019,33.257479508196724,330.0,68.69877049180327,104.0,1946.192418032787,127238,9,16.0
7,Alfa Romeo Racing,2019_19,2019,33.21577868852459,326.0,70.0219262295082,104.0,1855.9389856557375,127168,9,17.0
63,Williams,2019_19,2019,37.607838114754095,325.0,77.61926229508197,104.0,2396.2037397540985,102423,9,18.0
11,Racing Point,2019_19,2019,21.868545081967213,324.0,69.26290983606557,104.0,1449.61875,119572,9,19.0
88,Williams,2019_19,2019,37.32520491803279,324.0,85.62049180327868,104.0,2484.328073770492,126160,9,20.0
33,Red Bull Racing,2019_20,2019,39.04450098660297,333.0,69.68854502025133,104.0,2266.5430989718557,155622,9,1.0
5,Ferrari,2019_20,2019,48.95222764565376,335.0,70.39287568802575,104.0,3110.501453941219,145311,9,2.0
44,Mercedes,2019_20,2019,52.49781908817115,330.0,77.9772042787413,104.0,3008.400041541178,153948,9,3.0
16,Ferrari,2019_20,2019,65.139837989407,335.0,70.15837573995223,104.0,3971.5328694568498,150840,9,4.0
77,Mercedes,2019_20,2019,55.67265551978399,333.0,69.87610343753245,104.0,3552.5501090455914,148276,9,5.0
23,Red Bull Racing,2019_20,2019,45.52907882438467,332.0,69.91535985045176,104.0,2701.4481254543566,155842,9,6.0
10,Toro Rosso,2019_20,2019,71.4282376155364,332.0,53.17634229930419,104.0,4164.3883580849515,123786,9,7.0
8,Haas F1 Team,2019_20,2019,52.12285803302524,331.0,69.77858552289958,104.0,3728.081524561221,156016,9,8.0
7,Alfa Romeo Racing,2019_20,2019,65.09263682625402,335.0,55.78912659673902,104.0,3636.187143005504,123664,9,9.0
20,Haas F1 Team,2019_20,2019,48.885294423096894,332.0,73.67063038737149,104.0,3484.9993768823347,153096,9,10.0
4,McLaren,2019_20,2019,42.2987849205525,329.0,57.84411673070932,104.0,2495.0249247066154,118456,9,11.0
3,Renault,2019_20,2019,39.09642745871845,331.0,64.83373143628621,104.0,2332.6994495793956,155576,9,12.0
99,Alfa Romeo Racing,2019_20,2019,45.81316855332849,333.0,63.92678367431717,104.0,2552.349828642642,122860,9,13.0
27,Renault,2019_20,2019,39.10634541489251,328.0,53.21928549174369,104.0,2217.387734967286,147392,9,14.0
11,Racing Point,2019_20,2019,45.66725516668397,331.0,60.1274275625714,104.0,2592.7456641395784,117552,9,15.0
26,Toro Rosso,2019_20,2019,32.61122650327137,330.0,67.07435870806937,104.0,1912.5219129712327,122682,9,16.0
18,Racing Point,2019_20,2019,32.03011735382698,331.0,65.26435766953993,104.0,1755.7520510956483,117924,9,17.0
63,Williams,2019_20,2019,29.325734759580435,330.0,66.45279883684702,104.0,1787.524249662478,53553,9,18.0
88,Williams,2019_20,2019,29.302419773600583,327.0,67.98068335237303,104.0,1827.914217468065,63202,9,19.0
55,McLaren,2019_20,2019,6.500051926472115,330.0,99.5130854709731,104.0,629.3709107903209,154296,9,20.0
44,Mercedes,2019_21,2019,76.27065986677769,323.0,49.728663613655286,104.0,4481.76967110741,123514,9,1.0
77,Mercedes,2019_21,2019,64.28705245628643,326.0,70.19010199833473,104.0,3983.8275915903414,154058,9,2.0
33,Red Bull Racing,2019_21,2019,63.45279975020816,325.0,57.81083472106578,104.0,3757.5366361365527,156780,9,3.0
16,Ferrari,2019_21,2019,67.74994796003331,331.0,70.75947127393839,104.0,4288.193744796004,156938,9,4.0
5,Ferrari,2019_21,2019,67.81151124063281,333.0,70.60189425478768,104.0,4107.68135928393,153706,9,5.0
23,Red Bull Racing,2019_21,2019,88.82108659450458,326.0,45.69738759367194,104.0,5409.6436823480435,150202,9,6.0
4,McLaren,2019_21,2019,71.81749583680266,325.0,45.89347418817652,104.0,4374.891548709409,125908,9,7.0
3,Renault,2019_21,2019,63.37156536219817,331.0,30.73646960865945,104.0,3837.977154454621,126276,9,8.0
55,McLaren,2019_21,2019,71.80297668609492,327.0,45.25536011656953,104.0,4351.272585345545,123826,9,9.0
27,Renault,2019_21,2019,76.21294754371357,329.0,47.24703372189842,104.0,4279.247606161532,157624,9,10.0
11,Racing Point,2019_21,2019,55.17667568692756,328.0,55.90913821815154,104.0,3372.465289342215,124596,9,11.0
10,Toro Rosso,2019_21,2019,50.80006244796003,326.0,55.90898209825146,104.0,3159.5530807660284,119346,9,12.0
18,Racing Point,2019_21,2019,59.27763322231474,329.0,56.87536427976686,104.0,3589.4440570358033,126938,9,13.0
26,Toro Rosso,2019_21,2019,50.78580349708576,328.0,48.917776852622815,104.0,3203.040330974188,120198,9,14.0
20,Haas F1 Team,2019_21,2019,59.39217318900915,329.0,71.40221690258119,104.0,3829.85043713572,155518,9,15.0
8,Haas F1 Team,2019_21,2019,33.96934845961699,329.0,86.13889467110741,104.0,2259.7773209825145,155282,9,16.0
99,Alfa Romeo Racing,2019_21,2019,25.445566194837635,326.0,72.46518526228144,104.0,1523.509523313905,125872,9,17.0
7,Alfa Romeo Racing,2019_21,2019,25.454829308909243,324.0,72.53653205661948,104.0,1466.9639363030808,125924,9,18.0
63,Williams,2019_21,2019,33.83263946711074,330.0,65.58565778517902,104.0,2096.9595649458784,59155,9,19.0
88,Williams,2019_21,2019,25.40617194004996,329.0,64.05745212323065,104.0,1835.5646336386344,55629,9,20.0
77,Mercedes,2020_1,2020,61.83256089674499,327.0,65.4070920456995,104.0,3382.960659624919,133224,9,1.0
44,Mercedes,2020_1,2020,68.72343177408925,327.0,52.23846734209959,104.0,3556.258999784436,114504,9,2.0
33,Red Bull Racing,2020_1,2020,75.61489545160595,324.0,45.79521448588058,104.0,4088.526083207588,139172,9,3.0
4,McLaren,2020_1,2020,58.287454192713945,324.0,78.66399008406984,104.0,3186.093500754473,153782,9,4.0
23,Red Bull Racing,2020_1,2020,61.824692821728824,325.0,47.17907954300496,104.0,3488.4041280448373,153112,9,5.0
11,Racing Point,2020_1,2020,65.23453330459151,327.0,52.74164690666092,104.0,3595.653427462815,117008,9,6.0
16,Ferrari,2020_1,2020,68.74800603578358,321.0,68.28610691959474,104.0,4090.123086872171,153786,9,7.0
55,McLaren,2020_1,2020,61.713677516706184,322.0,54.13478120284544,104.0,3357.5842854063376,117836,9,8.0
18,Racing Point,2020_1,2020,58.234910541064885,328.0,53.63752964000862,104.0,3155.885643457642,121812,9,9.0
3,Renault,2020_1,2020,51.44535460228497,325.0,31.20273765897823,104.0,2990.4567794783356,120586,9,10.0
5,Ferrari,2020_1,2020,44.76465833153697,319.0,79.48210821297694,104.0,2712.629984910541,143580,9,11.0
10,AlphaTauri,2020_1,2020,48.16560681181289,323.0,61.76277214917008,104.0,2799.9387799094634,117716,9,12.0
26,AlphaTauri,2020_1,2020,48.16706186678164,325.0,60.59797370122871,104.0,2751.34651864626,118566,9,13.0
31,Renault,2020_1,2020,41.28308902780772,321.0,52.264550549687435,104.0,2209.192606165122,145106,9,14.0
8,Haas F1 Team,2020_1,2020,48.28330459150679,325.0,81.02010131493856,104.0,3198.1772472515627,151116,9,15.0
20,Haas F1 Team,2020_1,2020,27.584500970036647,324.0,91.76983186031472,104.0,2023.1393619314508,149846,9,16.0
63,Williams,2020_1,2020,34.371200689803835,326.0,66.31483078249623,104.0,2213.4190019400735,99697,9,17.0
99,Alfa Romeo Racing,2020_1,2020,27.524143134296185,327.0,74.40919379176546,104.0,1560.4218042681612,125298,9,18.0
7,Alfa Romeo Racing,2020_1,2020,30.917331321405474,327.0,73.14367320543221,104.0,1704.0603578357404,125170,9,19.0
6,Williams,2020_1,2020,41.305561543436085,321.0,72.96453977150247,104.0,2449.6345656391463,126670,9,20.0
44,Mercedes,2020_2,2020,71.38555526281122,300.0,75.57541825846397,104.0,4057.1538664207615,260622,8,1.0
33,Red Bull Racing,2020_2,2020,71.42820445264128,298.0,57.16427348175471,104.0,4413.912099855092,260111,9,2.0
55,McLaren,2020_2,2020,69.39349229350546,295.0,50.63851929917007,104.0,4246.8076669740485,191574,8,3.0
77,Mercedes,2020_2,2020,71.45675800289817,299.0,75.00655381372678,104.0,4141.246574891318,260622,8,4.0
31,Renault,2020_2,2020,71.2554670003952,296.0,57.48705704123304,104.0,4109.905381372678,256165,8,5.0
4,McLaren,2020_2,2020,71.21123699117376,297.0,39.29278092477934,104.0,4254.959952575418,175583,8,6.0
23,Red Bull Racing,2020_2,2020,67.42253984982216,297.0,61.07904096956923,104.0,4083.564352522724,259609,9,7.0
10,AlphaTauri,2020_2,2020,69.40979449347913,295.0,26.333618759056776,104.0,4310.379199051508,146835,9,8.0
3,Renault,2020_2,2020,67.12040574364379,298.0,60.46011724410486,104.0,3937.8477473323674,249023,9,9.0
5,Ferrari,2020_2,2020,69.34254380187063,293.0,70.91496509023844,104.0,4532.342148597023,255356,9,10.0
16,Ferrari,2020_2,2020,52.67642603082598,294.0,77.5481820576999,104.0,3527.5040508496904,256604,9,11.0
63,Williams,2020_2,2020,46.260604663417205,298.0,71.18950072454223,104.0,3124.426458964563,234307,8,12.0
18,Racing Point,2020_2,2020,48.69756949018575,297.0,62.71367408773548,104.0,3139.2045514424976,207758,8,13.0
26,AlphaTauri,2020_2,2020,50.56761296271901,295.0,51.50777236200764,104.0,3181.9975629034384,269039,8,14.0
20,Haas F1 Team,2020_2,2020,46.457778948755106,294.0,77.14164800421551,104.0,3534.8191937821102,254208,9,15.0
7,Alfa Romeo Racing,2020_2,2020,27.371393755763403,294.0,44.02736793571334,104.0,1666.896818600975,147132,9,16.0
11,Racing Point,2020_2,2020,25.282604399947303,296.0,70.89056119088394,104.0,1604.7392636016334,211804,8,17.0
6,Williams,2020_2,2020,27.37327097879067,297.0,78.35924120669213,104.0,2049.74127255961,233058,8,18.0
99,Alfa Romeo Racing,2020_2,2020,24.139869582400213,294.0,45.69285996574891,104.0,1455.1382887630089,147071,8,19.0
8,Haas F1 Team,2020_2,2020,2.0940587537873796,259.0,97.75846397049138,104.0,871.6684560663945,259178,8,20.0
44,Mercedes,2020_3,2020,70.18841857730746,321.0,67.76337448559671,104.0,4194.173672349598,158830,9,1.0
77,Mercedes,2020_3,2020,63.88957475994513,322.0,64.61316872427983,104.0,3975.161277679796,156344,9,2.0
18,Racing Point,2020_3,2020,70.289780521262,327.0,44.59940231236528,104.0,4289.0587399568885,137566,9,3.0
11,Racing Point,2020_3,2020,69.77194787379973,326.0,51.525524201450125,104.0,4138.512247697433,136050,9,4.0
5,Ferrari,2020_3,2020,63.58024691358025,317.0,63.52189888301,104.0,4024.770576131687,152398,9,5.0
16,Ferrari,2020_3,2020,63.54095630021556,318.0,61.73304918675289,104.0,4042.58382324123,154826,9,6.0
33,Red Bull Racing,2020_3,2020,66.65343915343915,321.0,39.167597491671565,104.0,4195.350578091319,151750,9,7.0
4,McLaren,2020_3,2020,63.37624926513816,319.0,50.7987948265726,104.0,3901.5659416029785,134008,9,8.0
55,McLaren,2020_3,2020,66.59729570840682,320.0,46.61503037428963,104.0,4113.045169508133,127536,9,9.0
10,AlphaTauri,2020_3,2020,44.28821281599059,324.0,56.07593572408387,104.0,2935.5081324710955,125286,9,10.0
3,Renault,2020_3,2020,44.27322163433274,320.0,32.14501273760533,104.0,2807.6314912796392,143128,9,11.0
63,Williams,2020_3,2020,44.18954536547129,320.0,72.17808152067411,104.0,2999.398491083676,150916,9,12.0
23,Red Bull Racing,2020_3,2020,50.67524005486968,324.0,58.28644914756026,104.0,3268.5305702527926,165186,9,13.0
31,Renault,2020_3,2020,44.27944346462865,319.0,36.72026259063296,104.0,2721.0800509504215,140460,9,14.0
6,Williams,2020_3,2020,44.2130119537527,321.0,59.37639623750735,104.0,2936.545414462081,135244,9,15.0
20,Haas F1 Team,2020_3,2020,28.456006270821085,320.0,81.87272192827749,104.0,2170.3526846952773,160386,9,16.0
26,AlphaTauri,2020_3,2020,28.40907309425828,320.0,66.05379188712521,104.0,1812.1037624926512,126078,9,17.0
8,Haas F1 Team,2020_3,2020,25.297961983147168,320.0,83.39437585733882,104.0,1996.61860670194,162994,9,18.0
99,Alfa Romeo Racing,2020_3,2020,37.90735841661768,321.0,65.04619831471683,104.0,2377.435185185185,128640,9,19.0
7,Alfa Romeo Racing,2020_3,2020,37.88242210464433,319.0,65.51019008426415,104.0,2271.2706741132665,127266,9,20.0
44,Mercedes,2020_4,2020,90.11353982723236,321.0,52.2560969789529,104.0,4569.030926358994,137212,9,1.0
77,Mercedes,2020_4,2020,70.02753782274614,321.0,71.55920393261108,104.0,3839.6420560301626,165157,9,2.0
33,Red Bull Racing,2020_4,2020,61.410967403235816,318.0,56.5774829380041,104.0,3397.392783849568,171506,9,3.0
16,Ferrari,2020_4,2020,65.57667159833915,319.0,72.2644967307784,104.0,3698.5982436882546,168142,9,4.0
4,McLaren,2020_4,2020,81.99179115162507,318.0,50.42862597241445,104.0,4372.708013172338,138968,9,5.0
18,Racing Point,2020_4,2020,82.1536772777168,319.0,53.34768290936859,104.0,4336.967785042714,139703,9,6.0
55,McLaren,2020_4,2020,81.99403426716938,318.0,51.737364577864746,104.0,4275.386674939149,138302,9,7.0
3,Renault,2020_4,2020,82.62291795924212,326.0,36.5651696654417,104.0,4344.745477974514,145351,9,8.0
31,Renault,2020_4,2020,82.20240538347731,322.0,33.76800458168282,104.0,4232.996563737889,141680,9,9.0
5,Ferrari,2020_4,2020,82.17262444518684,319.0,63.60320717796974,104.0,4559.302534243307,159213,9,10.0
10,AlphaTauri,2020_4,2020,49.23166133727867,320.0,79.57753066386675,104.0,2697.903355128144,166146,9,11.0
23,Red Bull Racing,2020_4,2020,45.170285877917244,315.0,66.30759318474682,104.0,2509.358803035365,170457,9,12.0
27,Racing Point,2020_4,2020,57.4873765093304,322.0,62.43201450866224,104.0,2921.375554813153,138755,9,13.0
26,AlphaTauri,2020_4,2020,49.18698992984298,320.0,66.58106237770248,104.0,2756.59996181931,144069,9,14.0
63,Williams,2020_4,2020,57.471531522932274,319.0,80.48642199207751,104.0,3075.5310456736506,172879,9,15.0
20,Haas F1 Team,2020_4,2020,36.900348398797306,317.0,88.4855629265499,104.0,2240.8662721328687,168674,9,16.0
99,Alfa Romeo Racing,2020_4,2020,36.91495251276667,316.0,75.45912279864459,104.0,1920.2370543597576,141260,9,17.0
7,Alfa Romeo Racing,2020_4,2020,36.72247410871952,317.0,76.7515391590703,104.0,1817.71111535341,140958,9,18.0
8,Haas F1 Team,2020_4,2020,36.947787906266406,320.0,88.39154297713931,104.0,2235.3265880780796,170566,9,19.0
6,Williams,2020_4,2020,28.75478451773016,318.0,80.7908175440271,104.0,2224.770820407579,121112,9,20.0
77,Mercedes,2020_5,2020,83.34506496024821,335.0,63.51827612953267,104.0,4609.30531316657,156238,9,1.0
44,Mercedes,2020_5,2020,82.96349621873182,337.0,45.039848749272835,104.0,4237.363680434361,120618,9,2.0
27,Racing Point,2020_5,2020,74.81656001551289,334.0,53.238656195462475,104.0,4019.4153092883457,137536,9,3.0
33,Red Bull Racing,2020_5,2020,49.692020554586,331.0,50.00247236765561,104.0,2800.1531413612565,153084,9,4.0
3,Renault,2020_5,2020,58.1578921853791,336.0,32.373618382780684,104.0,3277.115377157262,133148,9,5.0
18,Racing Point,2020_5,2020,74.7863098700795,334.0,45.64126430095016,104.0,4204.884380453752,123648,9,6.0
10,AlphaTauri,2020_5,2020,74.5093562148536,336.0,45.74209811906147,104.0,4093.089586969168,118426,9,7.0
16,Ferrari,2020_5,2020,66.33910219119643,334.0,66.56743261586193,104.0,3827.676847004072,152080,9,8.0
23,Red Bull Racing,2020_5,2020,74.67422920302502,331.0,43.929658716307934,104.0,4346.591283692069,162736,9,9.0
4,McLaren,2020_5,2020,74.55793096761683,331.0,64.42277486910994,104.0,4146.013137483033,152494,9,10.0
31,Renault,2020_5,2020,49.91031607523754,333.0,42.56612371533838,104.0,2621.7174713981,134664,9,11.0
5,Ferrari,2020_5,2020,58.28112274578243,333.0,74.0319468683343,104.0,3733.414679076983,162768,9,12.0
55,McLaren,2020_5,2020,49.84971882877642,330.0,74.41564863292612,104.0,3389.961944929222,157546,9,13.0
8,Haas F1 Team,2020_5,2020,66.59375605972464,333.0,71.38530153189839,104.0,4020.0374248594144,164428,9,14.0
63,Williams,2020_5,2020,45.78248012410316,329.0,58.534128369206904,104.0,2525.265222028311,124842,9,15.0
26,AlphaTauri,2020_5,2020,24.864553034710102,336.0,63.5260325770797,104.0,1382.5001454333917,117246,9,16.0
20,Haas F1 Team,2020_5,2020,37.45040721349622,331.0,84.55172580957921,104.0,2310.300562342447,161110,9,17.0
6,Williams,2020_5,2020,24.946189645142525,326.0,85.11048089974791,104.0,1986.6691875121192,144548,9,18.0
99,Alfa Romeo Racing,2020_5,2020,25.005865813457437,332.0,65.15954043048283,104.0,1361.0207484971884,118796,9,19.0
7,Alfa Romeo Racing,2020_5,2020,24.972900911382588,334.0,63.85713593174326,104.0,1333.08236377739,118572,9,20.0
44,Mercedes,2020_6,2020,49.938756722709435,320.0,69.25878191772857,104.0,3155.9469935558895,156573,9,1.0
77,Mercedes,2020_6,2020,49.99026115606376,322.0,72.76394205145598,104.0,3118.283250157469,165802,9,2.0
33,Red Bull Racing,2020_6,2020,49.55419351712776,320.0,50.61398323562188,104.0,3027.110228208731,149790,9,3.0
11,Racing Point,2020_6,2020,49.38577450457871,327.0,46.560686079751925,104.0,3084.858956344784,124113,9,4.0
18,Racing Point,2020_6,2020,49.440137603566065,329.0,46.65473133388245,104.0,3228.1466156306024,124105,9,5.0
23,Red Bull Racing,2020_6,2020,59.56969814428994,320.0,43.27840496148069,104.0,3866.108968457774,156429,9,6.0
55,McLaren,2020_6,2020,56.168564368428704,331.0,63.810892000581426,104.0,3406.3994379572655,150574,9,7.0
4,McLaren,2020_6,2020,59.50612917292504,326.0,41.944861669654536,104.0,3587.9560540723874,125847,9,8.0
16,Ferrari,2020_6,2020,59.58074519114298,320.0,68.78390425892728,104.0,3782.7657347739714,158357,9,9.0
10,AlphaTauri,2020_6,2020,59.434759436019185,326.0,66.54154755559863,104.0,3777.3282135762392,165504,9,10.0
5,Ferrari,2020_6,2020,39.77804157178158,322.0,71.62173554920297,104.0,2668.725810359029,155095,9,11.0
26,AlphaTauri,2020_6,2020,39.71534473569456,325.0,54.15141237463055,104.0,2466.7045884006006,123531,9,12.0
3,Renault,2020_6,2020,39.798730558651094,325.0,34.72765153350453,104.0,2507.1006347206744,131779,9,13.0
7,Alfa Romeo Racing,2020_6,2020,39.79044527351132,326.0,49.23305392703135,104.0,2360.869276612239,111792,9,14.0
31,Renault,2020_6,2020,39.78603614516207,322.0,30.876932021900284,104.0,2368.9420514559815,125574,9,15.0
20,Haas F1 Team,2020_6,2020,19.89728184505063,324.0,87.10140995203255,104.0,1723.3247734870874,160305,9,16.0
8,Haas F1 Team,2020_6,2020,19.892194389263047,323.0,86.22820873104317,104.0,1837.34434807888,162354,9,17.0
63,Williams,2020_6,2020,29.771403653277776,325.0,73.85532244779301,104.0,2087.530839672465,128166,9,18.0
6,Williams,2020_6,2020,29.825815204225012,323.0,74.0087698047386,104.0,2140.3822375115074,78585,9,19.0
99,Alfa Romeo Racing,2020_6,2020,19.96240127913174,324.0,59.44566112699259,104.0,1220.5331653665392,111126,9,20.0
44,Mercedes,2020_7,2020,76.37127906402725,330.0,53.20639778841882,104.0,3819.935775287555,122182,9,1.0
77,Mercedes,2020_7,2020,86.42587747445327,333.0,46.70997679814385,104.0,4548.531618699709,122420,9,2.0
33,Red Bull Racing,2020_7,2020,86.39699856839611,329.0,56.767043491138864,104.0,4534.005134027743,153424,9,3.0
3,Renault,2020_7,2020,55.929802043737965,337.0,43.43160389001333,104.0,3143.1461716937356,136110,9,4.0
23,Red Bull Racing,2020_7,2020,76.27180727649701,332.0,59.105938687860984,104.0,4079.58784617663,163568,9,5.0
31,Renault,2020_7,2020,76.16315347781014,337.0,32.23932467788912,104.0,4003.0505010613615,129374,9,6.0
55,McLaren,2020_7,2020,76.22071382731895,334.0,65.64259268401047,104.0,4265.097645258429,152186,9,7.0
11,Racing Point,2020_7,2020,76.34476970923632,336.0,55.48106827269586,104.0,3989.686478748087,132222,9,8.0
18,Racing Point,2020_7,2020,76.31692748185813,338.0,54.26642642049662,104.0,4070.61430616577,130898,9,9.0
4,McLaren,2020_7,2020,86.41768277632423,332.0,51.505701732734366,104.0,4433.559855852298,134052,9,10.0
26,AlphaTauri,2020_7,2020,61.10124895097991,338.0,61.88171989929407,104.0,3262.3088315150317,132694,9,11.0
10,AlphaTauri,2020_7,2020,61.080466011749024,336.0,58.21962778298859,104.0,3240.412252554672,120796,9,12.0
16,Ferrari,2020_7,2020,61.10697536653996,333.0,74.81265735301378,104.0,3345.7293774991363,154976,9,13.0
5,Ferrari,2020_7,2020,61.18339339487584,333.0,75.26874660611146,104.0,3620.1250431949447,162566,9,14.0
63,Williams,2020_7,2020,55.985881423705386,334.0,66.39324677889125,104.0,3089.288443501012,138276,9,15.0
7,Alfa Romeo Racing,2020_7,2020,30.609073406723603,335.0,64.56341017919732,104.0,1617.509799081799,120236,9,16.0
8,Haas F1 Team,2020_7,2020,30.561287456187983,330.0,92.19193365256454,104.0,2229.9477711408404,163358,9,17.0
99,Alfa Romeo Racing,2020_7,2020,30.640864886212174,335.0,65.23769561139359,104.0,1656.2321666584392,120342,9,18.0
6,Williams,2020_7,2020,30.532408550130818,334.0,79.68025867601322,104.0,1772.886656464432,130715,9,19.0
20,Haas F1 Team,2020_7,2020,40.80530187095819,333.0,90.98257392506294,104.0,2317.963321321025,163162,9,20.0
44,Mercedes,2020_8,2020,82.2647920328061,343.0,50.63620386643234,104.0,4009.720455876871,115494,9,1.0
77,Mercedes,2020_8,2020,82.62954678596155,339.0,70.62475368802258,104.0,4284.123821696757,149136,9,2.0
55,McLaren,2020_8,2020,73.00500612451404,343.0,50.854449592586676,104.0,3781.1589710816424,114986,9,3.0
11,Racing Point,2020_8,2020,77.5279863662992,350.0,48.86297065558929,104.0,4026.986952122277,114266,9,4.0
33,Red Bull Racing,2020_8,2020,77.54012888107792,342.0,51.970176279490865,104.0,4090.346594237631,150652,9,5.0
4,McLaren,2020_8,2020,82.05996698088086,345.0,46.83218831549236,104.0,4333.166640038345,116240,9,6.0
3,Renault,2020_8,2020,73.01752143579911,347.0,34.781168450764234,104.0,3988.186611279757,133852,9,7.0
18,Racing Point,2020_8,2020,86.68418810246578,346.0,44.91846407839378,104.0,4547.060765830537,116236,9,8.0
23,Red Bull Racing,2020_8,2020,86.70357352079672,363.0,40.10635351760132,104.0,4707.48500825478,149216,9,9.0
10,AlphaTauri,2020_8,2020,91.23539436544708,346.0,49.10267880918145,104.0,4837.814986419556,114632,9,10.0
26,AlphaTauri,2020_8,2020,63.94226979815732,345.0,56.68349576609682,104.0,3346.2127070352026,113988,9,11.0
31,Renault,2020_8,2020,54.846514352665494,354.0,46.087979975501945,104.0,2880.66544176386,125646,9,12.0
16,Ferrari,2020_8,2020,68.66544176386004,343.0,69.76268839537732,104.0,3889.94301539117,148794,9,13.0
7,Alfa Romeo Racing,2020_8,2020,64.08302710763168,365.0,61.240986313042555,104.0,3350.555626564414,123146,9,14.0
20,Haas F1 Team,2020_8,2020,64.08568993981999,343.0,69.6764126324759,104.0,3511.4933162912075,145746,9,15.0
8,Haas F1 Team,2020_8,2020,36.66277893167173,344.0,83.99866858390584,104.0,2128.465835863024,148982,9,16.0
5,Ferrari,2020_8,2020,22.89364648239868,360.0,85.62113223624647,104.0,1409.2025350162432,143210,9,17.0
99,Alfa Romeo Racing,2020_8,2020,41.28529584065612,364.0,69.9089311391596,104.0,2119.952974383554,122346,9,18.0
63,Williams,2020_8,2020,31.95233530382915,351.0,82.73510145390638,104.0,2161.65313947915,111680,9,19.0
6,Williams,2020_8,2020,36.50987910741865,341.0,68.64413910635352,104.0,2196.4902806625128,91922,9,20.0
44,Mercedes,2020_9,2020,57.39957939011567,328.0,79.84200841219769,104.0,3028.603470031546,153492,9,1.0
77,Mercedes,2020_9,2020,45.44574132492114,318.0,80.18806519453207,104.0,2728.794637223975,152144,9,2.0
33,Red Bull Racing,2020_9,2020,49.18880126182965,318.0,66.62528916929548,104.0,2795.7547844374344,151774,9,3.0
23,Red Bull Racing,2020_9,2020,57.2705047318612,316.0,58.833753943217665,104.0,3373.8441114616194,153528,9,4.0
16,Ferrari,2020_9,2020,73.63543638275499,315.0,65.90746582544689,104.0,4548.642744479495,148692,9,5.0
11,Racing Point,2020_9,2020,65.502523659306,322.0,51.40694006309148,104.0,3521.1117245005257,117266,9,6.0
18,Racing Point,2020_9,2020,57.28264984227129,321.0,49.04563617245005,104.0,3383.070294426919,117296,9,7.0
3,Renault,2020_9,2020,57.309358569926395,324.0,29.637486855941116,104.0,3421.9552050473185,122098,9,8.0
55,McLaren,2020_9,2020,69.52260778128286,329.0,49.05425867507886,104.0,3889.7832807570976,116456,9,9.0
31,Renault,2020_9,2020,57.22702418506835,321.0,24.52823343848581,104.0,3175.2518927444794,123132,9,10.0
4,McLaren,2020_9,2020,49.10399579390115,322.0,56.17628811777077,104.0,2964.405257623554,116290,9,11.0
26,AlphaTauri,2020_9,2020,45.01125131440589,325.0,57.56640378548896,104.0,2547.4104100946374,114646,9,12.0
7,Alfa Romeo Racing,2020_9,2020,49.16529968454259,322.0,60.039484752891696,104.0,2680.748054679285,116290,9,13.0
5,Ferrari,2020_9,2020,49.1760778128286,315.0,71.41267087276552,104.0,3159.165720294427,141844,9,14.0
8,Haas F1 Team,2020_9,2020,49.25047318611987,319.0,76.2543112513144,104.0,3182.6640378548896,152766,9,15.0
10,AlphaTauri,2020_9,2020,24.518349106203996,320.0,64.71903259726604,104.0,1447.0194006309148,109662,9,16.0
99,Alfa Romeo Racing,2020_9,2020,24.59842271293375,321.0,68.91997896950578,104.0,1371.968349106204,115878,9,17.0
63,Williams,2020_9,2020,36.76393270241851,319.0,86.8982124079916,104.0,2257.163301787592,105649,9,18.0
6,Williams,2020_9,2020,36.729547844374345,320.0,77.5446898002103,104.0,2318.094847528917,139220,9,19.0
20,Haas F1 Team,2020_9,2020,24.5869610935857,313.0,88.19868559411147,104.0,1809.3156677181912,150060,9,20.0
44,Mercedes,2020_10,2020,78.1039767832041,340.0,49.73219063166009,104.0,4424.550129234118,149394,9,1.0
33,Red Bull Racing,2020_10,2020,81.95891715412868,327.0,40.66965945676325,104.0,5012.412959688024,176543,9,2.0
77,Mercedes,2020_10,2020,74.39663537840657,334.0,64.76012333922823,104.0,4610.272888042443,179578,9,3.0
11,Racing Point,2020_10,2020,58.92667664263366,329.0,66.60186822654514,104.0,3836.702852219653,179607,9,4.0
3,Renault,2020_10,2020,58.519611844193534,333.0,48.94771686391874,104.0,3545.7109236838523,180050,9,5.0
55,McLaren,2020_10,2020,58.53076678909899,330.0,51.87248900376366,104.0,3533.2249580555936,145118,9,6.0
31,Renault,2020_10,2020,78.07958100938647,336.0,32.08783385480434,104.0,4515.642497619371,156488,9,7.0
4,McLaren,2020_10,2020,74.09930621684124,332.0,42.60490636194622,104.0,4340.389425474992,145691,9,8.0
10,AlphaTauri,2020_10,2020,81.9003310207228,332.0,57.443431732644086,104.0,5260.527275200653,182202,9,9.0
23,Red Bull Racing,2020_10,2020,74.20214936743301,324.0,32.469777354554935,104.0,4702.510588128599,178833,9,10.0
16,Ferrari,2020_10,2020,39.11105065070512,341.0,71.83516981816533,104.0,2980.2556568267355,173904,9,11.0
26,AlphaTauri,2020_10,2020,62.50891035233302,331.0,50.84977100621231,104.0,3880.095587901873,149743,9,12.0
18,Racing Point,2020_10,2020,43.02951979322541,332.0,55.1899061352197,104.0,2845.0993969074502,146425,9,13.0
63,Williams,2020_10,2020,42.81004851947581,335.0,79.36557384482836,104.0,2825.2245952931576,176776,9,14.0
5,Ferrari,2020_10,2020,40.51943046297555,324.0,78.57389017367251,104.0,2655.628984718632,183214,9,15.0
8,Haas F1 Team,2020_10,2020,27.407699632703032,326.0,83.24577155035595,104.0,2106.996145649118,175278,9,16.0
99,Alfa Romeo Racing,2020_10,2020,23.474719992744753,327.0,75.35981499115766,104.0,1356.291706343808,145260,9,17.0
20,Haas F1 Team,2020_10,2020,31.240919602775133,326.0,82.49113499297148,104.0,2138.0880605813268,172878,9,18.0
6,Williams,2020_10,2020,19.509998639640862,334.0,90.2425066884324,104.0,1609.814673740534,143967,9,19.0
7,Alfa Romeo Racing,2020_10,2020,19.508774316419533,325.0,73.77422572892577,104.0,1170.5861787511903,145176,9,20.0
77,Mercedes,2020_11,2020,79.61371561410306,321.0,58.05346764819837,104.0,4569.983671887972,125340,9,1.0
44,Mercedes,2020_11,2020,75.63447168871423,321.0,58.91769524547517,104.0,4217.679581557536,125294,9,2.0
33,Red Bull Racing,2020_11,2020,62.80528034538108,315.0,53.39912547738972,104.0,3720.8906846737145,141284,9,3.0
16,Ferrari,2020_11,2020,75.55155808933415,315.0,61.4181103669674,104.0,4586.250678031771,137704,9,4.0
23,Red Bull Racing,2020_11,2020,62.85371118614048,316.0,44.18082692201251,104.0,3847.528145237173,135222,9,5.0
3,Renault,2020_11,2020,75.50738916256158,317.0,33.198538772347376,104.0,4456.955332927437,125318,9,6.0
31,Renault,2020_11,2020,83.82155310787624,319.0,36.93817457242486,104.0,4655.751425250457,127068,9,7.0
4,McLaren,2020_11,2020,75.48447445619084,320.0,56.52460286710577,104.0,4335.284219848342,126712,9,8.0
11,Racing Point,2020_11,2020,71.3462666740466,325.0,53.92245530525267,104.0,3973.3283334255825,120780,9,9.0
55,McLaren,2020_11,2020,83.839431006808,319.0,51.26733824099186,104.0,4812.488404272984,121456,9,10.0
5,Ferrari,2020_11,2020,67.19084518735816,316.0,63.9064039408867,104.0,3914.10461061604,132670,9,11.0
10,AlphaTauri,2020_11,2020,67.09924171140754,316.0,61.54790502020258,104.0,4087.6457076437705,126926,9,12.0
26,AlphaTauri,2020_11,2020,67.17529196878286,317.0,63.53733325953396,104.0,3979.444179996679,127558,9,13.0
99,Alfa Romeo Racing,2020_11,2020,58.80721757901146,318.0,65.81956052471357,104.0,3370.24126861128,125184,9,14.0
20,Haas F1 Team,2020_11,2020,67.23994022250513,315.0,71.61449050755522,104.0,4474.2889799081195,143288,9,15.0
8,Haas F1 Team,2020_11,2020,41.989538938395974,313.0,82.63375214479437,104.0,2516.192062877069,142462,9,16.0
63,Williams,2020_11,2020,37.6691758454641,318.0,80.34726296562793,104.0,2533.9696684563014,114094,9,17.0
6,Williams,2020_11,2020,37.727846349698346,316.0,72.72768030110146,104.0,2436.4912824486632,102960,9,18.0
7,Alfa Romeo Racing,2020_11,2020,33.55117064260807,314.0,74.24508772900869,104.0,1899.7673105662257,123976,9,19.0
27,Racing Point,2020_11,2020,41.92466928654453,322.0,79.30447777716279,104.0,2910.907178834339,138900,9,20.0
44,Mercedes,2020_12,2020,55.52772265670596,331.0,60.19598459203922,104.0,3140.0568071281273,163008,9,1.0
77,Mercedes,2020_12,2020,44.90288315629742,329.0,85.37025796661608,104.0,2627.1646239445936,207138,9,2.0
33,Red Bull Racing,2020_12,2020,60.68604334461694,321.0,45.33523987393487,104.0,3629.008637796195,168342,9,3.0
16,Ferrari,2020_12,2020,60.82144663631765,320.0,75.59332321699544,104.0,3875.749037002451,208086,9,4.0
11,Racing Point,2020_12,2020,55.39477063149294,330.0,71.10482082409244,104.0,3411.6195089685225,186270,9,5.0
23,Red Bull Racing,2020_12,2020,76.56102875374499,323.0,36.82405353877281,104.0,4469.249640091825,160912,9,6.0
55,McLaren,2020_12,2020,63.5123536049181,331.0,65.12326368623789,104.0,3863.8517178319903,175802,9,7.0
4,McLaren,2020_12,2020,63.548811330298435,329.0,68.63386638652193,104.0,3923.567526555387,181548,9,8.0
10,AlphaTauri,2020_12,2020,68.6359674720828,326.0,74.59596902844247,104.0,4045.6623088595775,203094,9,9.0
3,Renault,2020_12,2020,44.990739659935414,328.0,49.87864285436364,104.0,2726.647289988716,172628,9,10.0
31,Renault,2020_12,2020,47.74475701334578,328.0,63.77821874635228,104.0,2738.1977354966734,204602,69,11.0
18,Racing Point,2020_12,2020,58.198202404575696,329.0,55.1081669973931,104.0,3396.1501887086106,155152,9,12.0
26,AlphaTauri,2020_12,2020,58.15120034239913,327.0,44.91097622660597,104.0,3280.9573168359207,128134,9,13.0
63,Williams,2020_12,2020,45.02731411229135,334.0,58.247850278199294,104.0,2806.888875919225,157266,9,14.0
5,Ferrari,2020_12,2020,53.04244971012801,328.0,76.23532158281779,104.0,3307.424769464223,200758,21,15.0
7,Alfa Romeo Racing,2020_12,2020,31.753939535426635,327.0,54.25551534959729,104.0,1723.6342554764406,126532,9,16.0
99,Alfa Romeo Racing,2020_12,2020,31.776506750710087,332.0,53.725691607330454,104.0,1754.8839733862496,126690,9,17.0
8,Haas F1 Team,2020_12,2020,31.83825532080464,326.0,87.27224621610054,104.0,2710.553674954282,207304,26,18.0
20,Haas F1 Team,2020_12,2020,26.51896813353566,329.0,63.777518384498656,104.0,1732.902416248395,152454,9,19.0
6,Williams,2020_12,2020,29.09692229874324,325.0,74.14337963503365,104.0,2078.7904750787907,168101,9,20.0
77,Mercedes,2020_13,2020,83.41862544039543,331.0,75.98401430299207,104.0,4847.022295840564,154102,9,1.0
44,Mercedes,2020_13,2020,83.3486880159857,329.0,53.04685281590156,104.0,4438.790555818478,118548,9,2.0
33,Red Bull Racing,2020_13,2020,60.71115317873482,324.0,58.18741126360624,104.0,3630.771204711574,153298,9,3.0
10,AlphaTauri,2020_13,2020,71.86874901404006,327.0,58.064363464268816,104.0,4150.1890939685545,123414,9,4.0
3,Renault,2020_13,2020,68.21733186096651,328.0,58.93910711468686,104.0,3759.2009254877216,153658,9,5.0
23,Red Bull Racing,2020_13,2020,79.63075143292843,322.0,48.494294578535,104.0,4616.755797444392,154300,9,6.0
16,Ferrari,2020_13,2020,75.97528527107325,327.0,70.26539412104958,104.0,4664.172214334542,152196,9,7.0
26,AlphaTauri,2020_13,2020,79.51280433296525,328.0,58.40027343955408,104.0,4387.851974549088,123146,9,8.0
4,McLaren,2020_13,2020,64.421254666877,325.0,54.81779460482726,104.0,3655.9244886154497,118134,9,9.0
55,McLaren,2020_13,2020,72.04485460377558,328.0,74.34842509333754,104.0,4155.5152758058575,153198,9,10.0
11,Racing Point,2020_13,2020,60.78987221959299,328.0,60.097859809644,104.0,3486.9357417047904,122348,9,11.0
31,Renault,2020_13,2020,53.114318767418624,332.0,44.43739811747384,104.0,2805.511700057843,123578,9,12.0
63,Williams,2020_13,2020,68.33533154545933,326.0,81.1328811063785,104.0,3749.823000473261,153624,9,13.0
5,Ferrari,2020_13,2020,76.01283062523005,326.0,75.73066203922806,104.0,4454.467686806542,149164,9,14.0
18,Racing Point,2020_13,2020,60.83840774044276,324.0,62.08523952253247,104.0,3306.361781563864,123096,9,15.0
8,Haas F1 Team,2020_13,2020,38.04296156070884,323.0,87.44092128095915,104.0,2291.775306304885,151864,9,16.0
20,Haas F1 Team,2020_13,2020,41.77793553136667,322.0,85.61171583320187,104.0,2352.9564074249356,147680,9,17.0
7,Alfa Romeo Racing,2020_13,2020,38.00378608613346,327.0,70.87437555871063,104.0,2025.5089656623024,121986,9,18.0
6,Williams,2020_13,2020,45.4718409843824,330.0,80.91875690171952,104.0,2897.4436030919705,148302,9,19.0
99,Alfa Romeo Racing,2020_13,2020,30.451333017826155,328.0,73.64479150234001,104.0,1641.76173949624,121590,9,20.0
18,Racing Point,2020_14,2020,53.65850340136054,301.0,60.13994621104256,104.0,3658.017054263566,251982,9,1.0
33,Red Bull Racing,2020_14,2020,63.59569688340452,295.0,54.63369719981016,104.0,4282.564056320202,284481,9,2.0
11,Racing Point,2020_14,2020,53.93776301218162,299.0,60.44793545325107,104.0,3468.014111691188,252297,9,3.0
23,Red Bull Racing,2020_14,2020,63.672741654801456,300.0,45.837462426831195,104.0,4285.629773769973,282662,9,4.0
3,Renault,2020_14,2020,63.692358803986714,300.0,45.9499762695776,104.0,3990.7967726625534,255609,9,5.0
44,Mercedes,2020_14,2020,58.80866951431735,299.0,61.61183357063756,104.0,3535.1331751305174,252000,9,6.0
31,Renault,2020_14,2020,63.590666033855406,296.0,33.9828191741813,104.0,4049.0270210409744,257571,9,7.0
7,Alfa Romeo Racing,2020_14,2020,65.98883088118968,301.0,57.29818066761588,104.0,4176.0453092865055,252351,9,8.0
77,Mercedes,2020_14,2020,56.61265622528081,300.0,64.08628381585193,104.0,3670.1128618889416,259110,9,9.0
99,Alfa Romeo Racing,2020_14,2020,63.61534567315298,297.0,54.903053314348995,104.0,4132.429552286031,252261,9,10.0
4,McLaren,2020_14,2020,46.54880556873913,295.0,66.75250751463376,104.0,3450.68913146654,252603,8,11.0
5,Ferrari,2020_14,2020,44.139123556399305,294.0,71.61964878974845,104.0,3374.3242841322576,274455,9,12.0
55,McLaren,2020_14,2020,44.4437588989084,297.0,60.628539788008226,104.0,3246.47698149027,252418,8,13.0
16,Ferrari,2020_14,2020,46.690586932447395,297.0,68.19623477297895,104.0,3709.5293149818062,282036,9,14.0
10,AlphaTauri,2020_14,2020,41.74864736592311,298.0,67.47011548805568,104.0,3031.611517165006,252303,8,15.0
20,Haas F1 Team,2020_14,2020,24.586837525707956,289.0,78.01275114697042,104.0,2259.1341243474135,280093,9,16.0
26,AlphaTauri,2020_14,2020,19.52042398354691,294.0,88.56652428413226,104.0,1459.0236038601488,283176,9,17.0
63,Williams,2020_14,2020,22.060876443600694,289.0,85.53175130517323,104.0,1844.9626008542953,284445,8,18.0
8,Haas F1 Team,2020_14,2020,14.907989242208512,289.0,87.2716975162158,104.0,1648.10681854137,282278,22,19.0
6,Williams,2020_14,2020,20.83983546907135,284.0,78.88973263724094,104.0,2130.1409903496283,284514,9,20.0
44,Mercedes,2020_15,2020,60.01856377479086,322.0,51.67407651095028,104.0,3337.119795093524,133974,9,1.0
77,Mercedes,2020_15,2020,60.06020302660024,323.0,49.33099915405583,104.0,3630.876022182536,133610,9,2.0
33,Red Bull Racing,2020_15,2020,56.213459911645835,320.0,43.83574584077451,104.0,3433.809145596391,148157,9,3.0
23,Red Bull Racing,2020_15,2020,67.55423442052825,327.0,28.512501174922456,104.0,4166.904361312153,138559,9,4.0
11,Racing Point,2020_15,2020,74.81440924898956,327.0,42.49389040323339,104.0,4384.337578719805,134414,9,5.0
3,Renault,2020_15,2020,63.69372121439985,330.0,41.20702133659179,104.0,3993.290534824702,175281,9,6.0
31,Renault,2020_15,2020,52.37588119184134,328.0,34.55470438951029,104.0,3228.2028386126517,159497,9,7.0
10,AlphaTauri,2020_15,2020,52.27779866528809,325.0,53.87907698091926,104.0,3339.151330012219,135460,9,8.0
4,McLaren,2020_15,2020,67.47565560672996,326.0,42.51320612839552,104.0,4109.729297866341,134679,9,9.0
26,AlphaTauri,2020_15,2020,63.64959112698562,325.0,65.70772629006485,104.0,3903.085581351631,162644,9,10.0
5,Ferrari,2020_15,2020,41.39618385186578,322.0,77.51832879029985,104.0,2836.804492903468,168229,9,11.0
16,Ferrari,2020_15,2020,41.33494689350503,325.0,77.09521571576276,104.0,2999.7815114202463,172468,9,12.0
18,Racing Point,2020_15,2020,41.29824231600714,326.0,54.24433687376633,104.0,2545.20575242034,133815,9,13.0
63,Williams,2020_15,2020,41.33372497415171,328.0,76.13708995206316,104.0,2595.8807218723564,165910,9,14.0
55,McLaren,2020_15,2020,15.447833442992762,326.0,66.02363943979698,104.0,1144.0508976407557,139252,9,15.0
99,Alfa Romeo Racing,2020_15,2020,22.570495347307077,325.0,68.5438951029232,104.0,1337.285788137983,130720,9,16.0
7,Alfa Romeo Racing,2020_15,2020,22.594792743678916,327.0,69.4282827333396,104.0,1329.3738603252186,131070,9,17.0
20,Haas F1 Team,2020_15,2020,22.594275777798664,323.0,85.90125951687189,104.0,2219.4463765391483,159933,9,18.0
8,Haas F1 Team,2020_15,2020,22.59789453896043,322.0,86.61636431995488,104.0,1781.6134975091643,178829,9,19.0
6,Williams,2020_15,2020,22.53538866434815,325.0,89.65457279819532,104.0,1554.5524015414985,131533,9,20.0
77,Mercedes,2020_16,2020,66.8055540692386,333.0,54.24634811921451,104.0,3712.3325485579753,117750,9,1.0
63,Mercedes,2020_16,2020,69.98817486221841,330.0,51.86366311734175,104.0,3809.3873401466103,118568,9,2.0
33,Red Bull Racing,2020_16,2020,47.27240622826262,328.0,55.9145486649901,104.0,2856.762427096153,144798,9,3.0
16,Ferrari,2020_16,2020,58.54406335277436,328.0,75.78532826796511,104.0,3701.6930814917864,152444,9,4.0
11,Racing Point,2020_16,2020,47.18256728556905,347.0,58.64786772968056,104.0,2727.6875702284765,119928,9,5.0
26,AlphaTauri,2020_16,2020,72.05655733319065,332.0,49.22382149927765,104.0,4344.5755792177215,120598,9,6.0
3,Renault,2020_16,2020,41.65455615602761,333.0,31.730108620043875,104.0,2545.981753972925,124144,9,7.0
55,McLaren,2020_16,2020,55.63898549949168,335.0,59.00155171491251,104.0,3107.125367863449,122288,9,8.0
10,AlphaTauri,2020_16,2020,78.17191931082455,330.0,48.05377494783028,104.0,4772.482262293328,120272,9,9.0
18,Racing Point,2020_16,2020,52.76028679972176,331.0,54.58237465889026,104.0,3135.160789769383,120326,9,10.0
31,Renault,2020_16,2020,36.19375033442132,331.0,41.60276098239606,104.0,2160.797099898336,142826,9,11.0
23,Red Bull Racing,2020_16,2020,33.474450211354274,325.0,63.542725667504946,104.0,2044.3756220236503,146992,9,12.0
5,Ferrari,2020_16,2020,47.45508052865322,328.0,72.41462892610626,104.0,3099.70849162609,140968,9,13.0
99,Alfa Romeo Racing,2020_16,2020,39.040130558082296,333.0,63.075873508480925,104.0,2241.5731713842365,117826,9,14.0
4,McLaren,2020_16,2020,41.66493659371823,331.0,62.65899727112205,104.0,2357.136229867837,121416,9,15.0
20,Haas F1 Team,2020_16,2020,25.038632350580556,336.0,89.7991866873562,104.0,1677.2685536946867,150672,9,16.0
6,Williams,2020_16,2020,30.55513938680507,336.0,72.91058911659265,104.0,1942.6493659371824,92234,9,17.0
89,Williams,2020_16,2020,25.027609823960617,341.0,70.32821445770239,104.0,1729.02755631655,97507,9,18.0
7,Alfa Romeo Racing,2020_16,2020,30.5734389212906,337.0,72.81812831077104,104.0,1731.0000535074107,123958,9,19.0
51,Haas F1 Team,2020_16,2020,30.617207983305686,329.0,86.87382952538927,104.0,2688.4036063994863,146982,9,20.0
33,Red Bull Racing,2020_17,2020,80.1599564179724,322.0,40.40795890837398,104.0,5012.856075542181,143662,9,1.0
77,Mercedes,2020_17,2020,75.98007678738196,323.0,66.55520390162914,104.0,4650.287070665145,158324,9,2.0
44,Mercedes,2020_17,2020,84.44178686313168,326.0,71.19980284320847,104.0,4715.211165300405,158114,9,3.0
4,McLaren,2020_17,2020,71.6922797551105,325.0,43.04809588046072,104.0,4325.699180242814,122446,9,4.0
23,Red Bull Racing,2020_17,2020,63.31316799833973,323.0,49.4733319497769,104.0,3962.665248521324,142952,9,5.0
55,McLaren,2020_17,2020,59.043841444432914,324.0,48.941734979765485,104.0,3574.8563868423785,119748,9,6.0
26,AlphaTauri,2020_17,2020,84.17629967832313,323.0,45.42342015149943,104.0,5145.807408944693,125818,9,7.0
18,Racing Point,2020_17,2020,63.2009961606309,325.0,48.08327280273944,104.0,3788.811040780326,121656,9,8.0
16,Ferrari,2020_17,2020,84.46139877555255,321.0,57.00783438829512,104.0,5355.872159385701,153776,9,9.0
10,AlphaTauri,2020_17,2020,84.13956625505863,324.0,44.20135934419425,104.0,5300.489260143198,125122,9,10.0
31,Renault,2020_17,2020,50.64470270831171,325.0,43.542025526616165,104.0,3001.5090277057175,122878,9,11.0
3,Renault,2020_17,2020,37.99958493307046,328.0,36.58114558472554,104.0,2352.0948946767667,123150,9,12.0
5,Ferrari,2020_17,2020,50.771453771920726,321.0,69.95081456884922,104.0,3426.965030611186,149432,9,13.0
99,Alfa Romeo Racing,2020_17,2020,50.650461761959114,327.0,56.783698246342226,104.0,3103.5346580886167,123254,9,14.0
11,Racing Point,2020_17,2020,16.878956106672202,323.0,69.53045553595517,104.0,1069.28686313168,118626,9,15.0
7,Alfa Romeo Racing,2020_17,2020,25.273736640033206,330.0,66.46591262841133,104.0,1585.7384559510222,122674,9,16.0
20,Haas F1 Team,2020_17,2020,37.96653522880565,325.0,79.71422641901006,104.0,2575.152070146311,149832,9,17.0
63,Williams,2020_17,2020,33.709401265954135,325.0,62.61611497353948,104.0,2203.391615648023,93082,9,18.0
51,Haas F1 Team,2020_17,2020,37.98516135726886,325.0,82.28297187921552,104.0,3085.987651758846,153894,9,19.0
6,Williams,2020_17,2020,29.56952371069835,328.0,81.82842170800042,104.0,2309.593182525682,125575,9,20.0
33,Red Bull Racing,2021_1,2021,64.99581118092476,318.0,48.17190269051071,104.0,4197.974168949036,151910,9,1.0
44,Mercedes,2021_1,2021,78.09054293539552,316.0,68.62638956017399,104.0,4525.09795392299,153232,9,2.0
77,Mercedes,2021_1,2021,73.67654798345953,316.0,69.69883464905215,104.0,4379.661887116697,152636,9,3.0
16,Ferrari,2021_1,2021,64.8643467053327,316.0,49.9941463938564,104.0,3829.669029590248,119004,9,4.0
10,AlphaTauri,2021_1,2021,64.84367112399978,321.0,50.14848826593631,104.0,4049.7346007196174,119330,9,5.0
3,McLaren,2021_1,2021,77.91794210837227,319.0,40.535578110735194,104.0,5143.224316631759,120976,9,6.0
4,McLaren,2021_1,2021,78.01423124429408,318.0,41.8219751893024,104.0,4979.2619085978195,121640,9,7.0
55,Ferrari,2021_1,2021,73.62134149616026,315.0,63.57644594812309,104.0,4799.736211803877,152486,9,8.0
14,Alpine,2021_1,2021,64.97572633048708,317.0,28.964126523817196,104.0,4118.313624402556,133150,9,9.0
18,Aston Martin,2021_1,2021,64.87664464851511,318.0,45.71553622254443,104.0,3969.01159980667,118718,9,10.0
11,Red Bull Racing,2021_1,2021,47.75876698351324,314.0,65.63568014607164,104.0,3325.998711132592,150582,9,11.0
99,Alfa Romeo Racing,2021_1,2021,52.05515278449063,321.0,55.873368777187046,104.0,3176.0507491541807,119458,9,12.0
22,AlphaTauri,2021_1,2021,39.06718221362977,322.0,60.77428709521508,104.0,2471.9696042103,117766,9,13.0
7,Alfa Romeo Racing,2021_1,2021,52.05864346705333,320.0,54.82127705278986,104.0,3010.970570860856,119408,9,14.0
63,Williams,2021_1,2021,47.67584984694699,320.0,64.14940121368348,104.0,2833.2844637774556,132500,9,15.0
31,Alpine,2021_1,2021,26.030932817786372,318.0,65.92266795553408,104.0,1592.644433703883,135542,9,16.0
6,Williams,2021_1,2021,34.67284248966221,322.0,69.57913108855593,104.0,2352.0224477740185,118565,9,17.0
5,Aston Martin,2021_1,2021,25.99044090005907,326.0,66.42908544116857,104.0,1647.894957306267,116886,9,18.0
47,Haas F1 Team,2021_1,2021,26.104451962837658,315.0,86.74695236560872,104.0,1869.324740883948,150252,9,19.0
9,Haas F1 Team,2021_1,2021,30.41979485527093,325.0,79.55303152354868,104.0,2537.999516674722,149986,9,20.0
44,Mercedes,2021_2,2021,77.7023896722212,322.0,78.97234938655924,104.0,4263.747939937741,179662,9,1.0
11,Red Bull Racing,2021_2,2021,60.57397912470243,323.0,48.79349020325947,104.0,3653.863394982604,176252,9,2.0
33,Red Bull Racing,2021_2,2021,67.24400292986633,325.0,54.89882805347006,104.0,3858.398324482695,171886,9,3.0
16,Ferrari,2021_2,2021,63.89708844533968,324.0,69.6489196117927,104.0,3913.634956967589,173104,9,4.0
10,AlphaTauri,2021_2,2021,70.54143014099982,324.0,56.656015381798206,104.0,4052.308322651529,143410,9,5.0
3,McLaren,2021_2,2021,73.99501007141549,326.0,68.16137154367333,104.0,4685.752884087164,174643,9,6.0
4,McLaren,2021_2,2021,50.47436366965757,330.0,69.8562534334371,104.0,3501.7280260025636,168053,9,7.0
77,Mercedes,2021_2,2021,75.05713239333456,328.0,74.90065921992309,104.0,4225.155328694378,174686,9,8.0
31,Alpine,2021_2,2021,67.18471891594946,326.0,28.40230726973082,104.0,3874.2923457242264,154910,9,9.0
18,Aston Martin,2021_2,2021,67.24473539644754,325.0,56.08263138619301,104.0,3779.828694378319,146380,9,10.0
55,Ferrari,2021_2,2021,53.93375755356162,321.0,72.34590734297748,104.0,3544.568577183666,172321,9,11.0
63,Williams,2021_2,2021,53.8534151254349,328.0,78.39470792895074,104.0,3228.0957700054937,178559,9,12.0
5,Aston Martin,2021_2,2021,50.496383446255265,326.0,61.16956601355063,104.0,3055.0257736678263,143609,9,13.0
6,Williams,2021_2,2021,47.07397912470243,326.0,67.54426844900202,104.0,3091.3637612158946,163654,15,14.0
14,Alpine,2021_2,2021,47.18609229078923,327.0,56.12978392235854,104.0,2864.99276689251,178016,9,15.0
7,Alfa Romeo Racing,2021_2,2021,33.710080571323935,328.0,67.54211682841971,104.0,2020.2753616553744,146314,9,16.0
99,Alfa Romeo Racing,2021_2,2021,30.394341695660135,326.0,68.6062534334371,104.0,1924.5265976927303,146122,9,17.0
47,Haas F1 Team,2021_2,2021,40.44927668925105,324.0,87.62264237319172,104.0,2430.6800952206554,178352,9,18.0
9,Haas F1 Team,2021_2,2021,40.51963926020875,325.0,86.91288225599708,104.0,3168.7320545687603,178695,9,19.0
22,AlphaTauri,2021_2,2021,5.7541659036806445,321.0,80.71735945797472,104.0,319.69712506866875,155731,9,20.0
77,Mercedes,2021_3,2021,89.8393805809879,315.0,57.16706228099921,104.0,4941.399118345202,122694,9,1.0
44,Mercedes,2021_3,2021,93.93528879846276,319.0,56.132191703402285,104.0,5012.249123996835,122410,9,2.0
33,Red Bull Racing,2021_3,2021,78.0709845145247,320.0,49.30349270939301,104.0,4538.235786142195,144096,9,3.0
11,Red Bull Racing,2021_3,2021,85.951000339098,316.0,52.23685995252628,104.0,5067.039900531254,143688,9,4.0
55,Ferrari,2021_3,2021,89.77144794845711,317.0,56.85537470328925,104.0,5137.37170792359,129726,9,5.0
31,Alpine,2021_3,2021,66.34118910365096,322.0,38.989714027353905,104.0,3745.9693681473946,128552,9,6.0
4,McLaren,2021_3,2021,93.7394031875212,317.0,66.11585848310162,104.0,5740.342884593648,145864,9,7.0
16,Ferrari,2021_3,2021,113.25799706115068,319.0,51.14213857804906,104.0,6253.837176443993,129514,9,8.0
10,AlphaTauri,2021_3,2021,101.4532044760936,317.0,56.27093930145812,104.0,6007.9560868090875,127866,9,9.0
5,Aston Martin,2021_3,2021,85.91596021250142,323.0,58.4741155193851,104.0,4764.961342828077,127240,9,10.0
63,Williams,2021_3,2021,58.638012885723974,326.0,66.5774273765118,104.0,3424.7396292528542,126632,9,11.0
99,Alfa Romeo Racing,2021_3,2021,74.47648920538036,323.0,64.85752232395163,104.0,4260.86978636826,127706,9,12.0
14,Alpine,2021_3,2021,47.010681586978635,328.0,45.58206171583588,104.0,2800.2856335480956,127456,9,13.0
22,AlphaTauri,2021_3,2021,66.41516898383632,319.0,64.41991635582683,104.0,4063.557646659885,126848,9,14.0
7,Alfa Romeo Racing,2021_3,2021,74.44433141177801,322.0,64.89227986888211,104.0,4217.936136543461,127820,9,15.0
3,McLaren,2021_3,2021,43.06216796654233,317.0,77.70425002825817,104.0,3032.02667570928,128164,9,16.0
18,Aston Martin,2021_3,2021,39.1160845484345,317.0,74.38012885723974,104.0,2413.0234542782864,126070,9,17.0
6,Williams,2021_3,2021,35.26590934780152,324.0,71.89742285520515,104.0,2284.7928111224146,112418,9,18.0
47,Haas F1 Team,2021_3,2021,43.21250141290833,321.0,76.85486605629026,104.0,2408.205549903922,127906,9,19.0
9,Haas F1 Team,2021_3,2021,43.18622131796089,317.0,78.36639538826721,104.0,2369.1171583587657,128424,9,20.0
44,Mercedes,2021_4,2021,60.41190627554264,320.0,76.14980474071383,104.0,3456.8386613386615,186573,9,1.0
33,Red Bull Racing,2021_4,2021,44.25034056852239,317.0,63.25488148215421,104.0,2835.302515666152,180574,9,2.0
77,Mercedes,2021_4,2021,50.97988375261102,318.0,76.44110435019526,104.0,3116.711334120425,182675,9,3.0
16,Ferrari,2021_4,2021,56.88229951866315,323.0,73.5523113250386,104.0,4017.972754518209,182890,9,4.0
31,Alpine,2021_4,2021,47.3395695213877,321.0,23.106121151575696,104.0,2878.377486150214,120000,9,5.0
55,Ferrari,2021_4,2021,47.417582417582416,322.0,77.1512124239397,104.0,3485.6277813095994,183799,9,6.0
3,McLaren,2021_4,2021,44.25733357551539,320.0,40.82258650440468,104.0,3089.5945872309508,116162,9,7.0
11,Red Bull Racing,2021_4,2021,53.80828262646445,318.0,42.98310780128962,104.0,3420.898692216874,178667,9,8.0
4,McLaren,2021_4,2021,53.717328126419034,321.0,70.43788030151667,104.0,3942.735628008355,186407,9,9.0
14,Alpine,2021_4,2021,53.64844246662428,320.0,23.23462900735628,104.0,3143.369902824448,128622,9,10.0
18,Aston Martin,2021_4,2021,37.998319861956226,321.0,51.534919625828714,104.0,2257.197620561257,121484,9,11.0
10,AlphaTauri,2021_4,2021,28.50613023340296,316.0,54.41163382072473,104.0,1757.2312687312688,115898,9,12.0
5,Aston Martin,2021_4,2021,38.00177095631641,323.0,49.485014985014985,104.0,2365.31672872582,120574,9,13.0
99,Alfa Romeo Racing,2021_4,2021,37.98310780128962,327.0,52.33929706656979,104.0,2300.351058032876,120300,9,14.0
63,Williams,2021_4,2021,34.8011988011988,320.0,82.24107710471347,104.0,2363.8947416220144,181144,9,15.0
22,AlphaTauri,2021_4,2021,18.969167196439923,314.0,60.75796930342385,104.0,1141.793388429752,119508,9,16.0
7,Alfa Romeo Racing,2021_4,2021,18.959903732631005,329.0,55.78308055580783,104.0,1176.6404504586324,179417,9,17.0
47,Haas F1 Team,2021_4,2021,28.5338752156934,329.0,87.77962946144764,104.0,2806.4569521387702,181629,9,18.0
6,Williams,2021_4,2021,28.42207792207792,321.0,87.7378984651712,104.0,2430.8578239941876,180990,9,19.0
9,Haas F1 Team,2021_4,2021,28.53074198528744,329.0,89.11692852601944,104.0,2075.162655526292,182619,9,20.0
16,Ferrari,2021_5,2021,68.00443321820713,291.0,59.99278313315119,104.0,4980.936440022681,154781,9,1.0
33,Red Bull Racing,2021_5,2021,58.204185782772306,289.0,47.09907727202433,104.0,4167.244445589979,154269,8,2.0
77,Mercedes,2021_5,2021,71.20475282231043,291.0,48.464766225063144,104.0,4876.531161400072,134233,9,3.0
55,Ferrari,2021_5,2021,63.33604824990979,291.0,59.1285633280066,104.0,4635.636836950358,154825,9,4.0
4,McLaren,2021_5,2021,58.42594979122635,290.0,67.67714830661374,104.0,4444.020155678128,157831,9,5.0
10,AlphaTauri,2021_5,2021,75.9004587865354,288.0,44.58585494097634,104.0,5340.160626836435,127019,8,6.0
44,Mercedes,2021_5,2021,75.87174596628692,290.0,43.82055776070931,104.0,4919.928810763441,128569,8,7.0
5,Aston Martin,2021_5,2021,65.69013866694159,291.0,39.91045930202588,104.0,4361.721995979175,118363,9,8.0
11,Red Bull Racing,2021_5,2021,65.68328264343523,290.0,46.26614773957421,104.0,4690.693540904171,156583,9,9.0
99,Alfa Romeo Racing,2021_5,2021,70.80339192741894,292.0,40.726119903087785,104.0,4954.977215320378,129311,8,10.0
31,Alpine,2021_5,2021,55.63142430022166,289.0,42.13145007474612,104.0,3658.866230218053,137662,9,11.0
3,McLaren,2021_5,2021,53.14047115830713,292.0,50.42393937831847,104.0,4099.5697716377135,127876,8,12.0
18,Aston Martin,2021_5,2021,50.79308211763493,292.0,66.43682664054849,104.0,3591.6109593278006,156550,8,13.0
7,Alfa Romeo Racing,2021_5,2021,53.1152121243363,291.0,52.63704314655394,104.0,3650.586937471004,128236,9,14.0
63,Williams,2021_5,2021,60.67555028609722,291.0,71.08763338316407,104.0,4172.213103768236,156898,8,15.0
22,AlphaTauri,2021_5,2021,32.89004587865354,289.0,66.27496262693953,104.0,2315.5232228465384,129442,9,16.0
14,Alpine,2021_5,2021,30.354915201814528,289.0,58.34115160575288,104.0,2167.5127068405586,133966,8,17.0
6,Williams,2021_5,2021,35.429042734161555,291.0,80.76302902211454,104.0,2653.1492344966236,151240,8,18.0
9,Haas F1 Team,2021_5,2021,30.425898242177432,290.0,83.38223619774215,104.0,2228.425434300737,118641,8,19.0
47,Haas F1 Team,2021_5,2021,0.0,0.0,0.0,0.0,0.0,0,1,
16,Ferrari,2021_6,2021,69.17151020408163,333.0,63.65959183673469,104.0,4419.828816326531,203642,9,1.0
44,Mercedes,2021_6,2021,76.2854693877551,338.0,56.362530612244896,104.0,4339.551428571429,179840,9,2.0
33,Red Bull Racing,2021_6,2021,69.20591836734694,329.0,48.643795918367346,104.0,4255.2884489795915,194506,9,3.0
10,AlphaTauri,2021_6,2021,65.33163265306122,330.0,57.895102040816326,104.0,4082.5905714285714,178628,9,4.0
55,Ferrari,2021_6,2021,62.79710204081633,344.0,65.5465306122449,104.0,3962.555632653062,201295,9,5.0
4,McLaren,2021_6,2021,76.45330612244898,325.0,48.90322448979592,104.0,4855.449102040816,183403,9,6.0
11,Red Bull Racing,2021_6,2021,65.56065306122449,333.0,44.68322448979592,104.0,4098.487959183673,205625,9,7.0
22,AlphaTauri,2021_6,2021,66.23738775510203,334.0,62.57518367346939,104.0,3965.772081632653,181787,9,8.0
14,Alpine,2021_6,2021,72.636,335.0,38.27579591836734,104.0,4453.737510204081,202372,9,9.0
77,Mercedes,2021_6,2021,76.62824489795918,331.0,67.11665306122448,104.0,4688.928448979592,207454,9,10.0
5,Aston Martin,2021_6,2021,54.51375510204082,332.0,62.243632653061226,104.0,3265.0298775510205,179654,9,11.0
31,Alpine,2021_6,2021,39.999755102040815,335.0,50.6325306122449,104.0,2403.5001224489797,204064,9,12.0
3,McLaren,2021_6,2021,48.19881632653061,327.0,76.65036734693878,104.0,3320.102326530612,208594,9,13.0
7,Alfa Romeo Racing,2021_6,2021,54.67008163265306,334.0,63.263020408163264,104.0,3223.1188163265306,183434,9,14.0
63,Williams,2021_6,2021,43.64930612244898,331.0,74.80191836734694,104.0,2968.9402040816326,203016,20,15.0
6,Williams,2021_6,2021,0.0,0.0,0.0,0.0,0.0,0,1,16.0
47,Haas F1 Team,2021_6,2021,36.46551020408163,330.0,83.1488163265306,104.0,2987.9548979591837,202619,9,17.0
9,Haas F1 Team,2021_6,2021,32.87620408163265,333.0,79.43816326530612,104.0,2346.3610204081633,201414,80,18.0
18,Aston Martin,2021_6,2021,6.083551020408163,326.0,86.4755918367347,104.0,389.35016326530615,190376,9,19.0
99,Alfa Romeo Racing,2021_6,2021,13.138367346938775,331.0,80.0949387755102,104.0,885.5885306122449,189132,9,20.0
33,Red Bull Racing,2021_7,2021,62.45691064293498,330.0,53.47144024700327,104.0,3667.9444242644386,174033,9,1.0
44,Mercedes,2021_7,2021,78.53823102070469,327.0,65.6778514347984,104.0,4315.58935706502,178803,9,2.0
77,Mercedes,2021_7,2021,62.535779150018165,327.0,74.3445332364693,104.0,3597.013303668725,181494,9,3.0
11,Red Bull Racing,2021_7,2021,62.38698692335634,329.0,46.40474028332728,104.0,3709.3078913912095,174911,9,4.0
55,Ferrari,2021_7,2021,78.03500726480203,326.0,57.00349618597893,104.0,5022.442698873956,179217,9,5.0
10,AlphaTauri,2021_7,2021,89.67490010897203,328.0,43.02279331638213,104.0,5578.865601162368,155605,9,6.0
16,Ferrari,2021_7,2021,77.98828550671995,325.0,60.889665819106426,104.0,4936.375045405012,183890,9,7.0
4,McLaren,2021_7,2021,70.20604794769342,326.0,68.42989466037051,104.0,4608.714674900109,182949,9,8.0
14,Alpine,2021_7,2021,66.23805848165638,329.0,27.008853977479113,104.0,3963.3432618961137,151081,9,9.0
3,McLaren,2021_7,2021,81.90247003269161,326.0,42.06856156919723,104.0,5192.713585179804,152037,9,10.0
31,Alpine,2021_7,2021,42.932709771158734,328.0,39.25926262259353,104.0,2699.630902651653,151760,9,11.0
5,Aston Martin,2021_7,2021,50.633309117326554,325.0,53.56442971304032,104.0,3161.9262622593533,150637,9,12.0
99,Alfa Romeo Racing,2021_7,2021,50.77383763167454,328.0,60.39792953142027,104.0,3083.2893661460225,154157,9,13.0
63,Williams,2021_7,2021,54.63217399200872,328.0,73.00186160552126,104.0,3464.4797039593172,182250,9,14.0
47,Haas F1 Team,2021_7,2021,24.67312931347621,328.0,82.24246276788958,104.0,1886.9976843443517,187319,9,15.0
6,Williams,2021_7,2021,27.227933163821287,328.0,75.51511986923356,104.0,2177.4814293498,182861,9,16.0
7,Alfa Romeo Racing,2021_7,2021,27.34017435524882,323.0,69.67594442426444,104.0,1754.7956774427896,162665,9,17.0
9,Haas F1 Team,2021_7,2021,27.393888485288777,325.0,79.89456956047948,104.0,1984.360561205957,115277,9,18.0
18,Aston Martin,2021_7,2021,27.260034507809664,323.0,65.84657646204141,104.0,1823.96117871413,158109,9,19.0
22,AlphaTauri,2021_7,2021,4.401062477297494,321.0,81.10225208863058,104.0,374.7604431529241,155630,59,20.0
33,Red Bull Racing,2021_8,2021,62.67068149063208,322.0,51.46227094914556,104.0,3710.550700020589,155716,9,1.0
77,Mercedes,2021_8,2021,72.58184064237183,319.0,75.86040765904879,104.0,4028.3512970969737,160650,9,2.0
44,Mercedes,2021_8,2021,79.52480955322216,322.0,72.30435453983941,104.0,4342.144688079061,160674,9,3.0
4,McLaren,2021_8,2021,55.95259419394688,324.0,50.95346921968293,104.0,3409.0710829730288,123204,9,4.0
11,Red Bull Racing,2021_8,2021,69.22215359275273,321.0,37.45851348569076,104.0,4175.7775890467365,153962,9,5.0
10,AlphaTauri,2021_8,2021,59.16383570105003,322.0,49.47462425365452,104.0,3646.4500205888407,128198,9,6.0
16,Ferrari,2021_8,2021,69.10001029442043,317.0,65.31073708050236,104.0,4235.185556928145,149646,9,7.0
22,AlphaTauri,2021_8,2021,69.09465719579988,322.0,46.584414247477866,104.0,4206.27743463043,123150,9,8.0
14,Alpine,2021_8,2021,59.18627753757463,322.0,48.30605311920939,104.0,3465.819487337863,160156,9,9.0
18,Aston Martin,2021_8,2021,59.3544368952028,319.0,50.664093061560635,104.0,3516.918622606547,122800,9,10.0
63,Williams,2021_8,2021,46.11395923409512,324.0,74.74166151945646,104.0,2818.653695696932,153300,9,11.0
55,Ferrari,2021_8,2021,49.510140004117765,317.0,75.13073913938645,104.0,3236.7244698373484,158162,9,12.0
3,McLaren,2021_8,2021,46.15184270125592,322.0,53.001647107267864,104.0,3212.7803685402514,120372,9,13.0
5,Aston Martin,2021_8,2021,49.459491455631046,321.0,54.07164916615194,104.0,2907.025941939469,120648,9,14.0
99,Alfa Romeo Racing,2021_8,2021,56.28721432983323,323.0,55.38815112209183,104.0,3307.723646283714,124060,9,15.0
6,Williams,2021_8,2021,29.66141651225036,322.0,80.88079061148858,104.0,2240.5715976940496,126829,9,16.0
31,Alpine,2021_8,2021,19.75401482396541,317.0,84.05661931233271,104.0,1132.4348877908174,156606,9,17.0
7,Alfa Romeo Racing,2021_8,2021,26.398497014618076,319.0,64.98553633930409,104.0,1574.6215771052089,122532,9,18.0
47,Haas F1 Team,2021_8,2021,26.45177064031295,317.0,81.66368128474367,104.0,2574.3721947704344,150070,9,19.0
9,Haas F1 Team,2021_8,2021,29.789684990735022,319.0,79.11442248301421,104.0,1949.1994029236157,145724,9,20.0
33,Red Bull Racing,2021_9,2021,49.887054915395,320.0,49.70647773279352,104.0,2945.5340496210943,156954,9,1.0
4,McLaren,2021_9,2021,59.863334371431534,322.0,68.9297207515831,104.0,3644.3126232741615,159576,9,2.0
11,Red Bull Racing,2021_9,2021,76.49460188933872,323.0,36.06939686494342,104.0,4548.270009342884,152848,9,3.0
44,Mercedes,2021_9,2021,59.70434963147514,318.0,79.5967507526212,104.0,3196.6576871172015,157892,9,4.0
77,Mercedes,2021_9,2021,63.49159140454687,316.0,71.10235648292328,104.0,3660.929201702481,155238,9,5.0
10,AlphaTauri,2021_9,2021,70.08278833177619,322.0,50.03129866085332,104.0,4088.353783867954,123316,9,6.0
22,AlphaTauri,2021_9,2021,69.58081594518842,323.0,48.09913837849061,104.0,4067.5669054292534,122984,9,7.0
5,Aston Martin,2021_9,2021,66.46226513028132,320.0,47.996678085746915,104.0,3758.9596698847713,122774,9,8.0
63,Williams,2021_9,2021,49.58450119381293,324.0,74.69204816775667,104.0,3258.582269282674,158788,9,9.0
18,Aston Martin,2021_9,2021,69.6659399979238,319.0,48.624260355029584,104.0,3994.034361050555,124346,9,10.0
55,Ferrari,2021_9,2021,49.98281947472231,320.0,79.44518841482405,104.0,3155.908024499118,156914,9,11.0
16,Ferrari,2021_9,2021,49.947731755424066,320.0,78.05081490709021,104.0,3320.475968026575,154230,9,12.0
3,McLaren,2021_9,2021,49.88529014844804,321.0,55.38440776497457,104.0,3276.325651406623,121016,9,13.0
14,Alpine,2021_9,2021,29.964341326689503,319.0,37.64299802761341,104.0,1777.2681407661164,122942,9,14.0
99,Alfa Romeo Racing,2021_9,2021,50.01915291186546,323.0,57.63547181563376,104.0,2859.037838679539,122586,9,15.0
7,Alfa Romeo Racing,2021_9,2021,30.002958579881657,325.0,66.28485414720232,104.0,1713.061143984221,121306,9,16.0
31,Alpine,2021_9,2021,19.937143153742344,316.0,77.99922142634694,104.0,1091.143361361985,155776,9,17.0
6,Williams,2021_9,2021,19.941658880930135,322.0,81.56571161631891,104.0,1565.772137444202,153124,9,18.0
47,Haas F1 Team,2021_9,2021,30.001193812934705,321.0,90.11029793418456,104.0,1955.1104536489152,156382,9,19.0
9,Haas F1 Team,2021_9,2021,29.9827156649019,318.0,85.05211252984532,104.0,2088.4944980795185,153042,9,20.0
44,Mercedes,2021_10,2021,96.5069465571443,332.0,67.50897474901126,104.0,4983.8141669201905,162285,9,1.0
33,Red Bull Racing,2021_10,2021,65.69607544873745,322.0,53.60105465977082,104.0,3667.781918669506,150166,9,2.0
77,Mercedes,2021_10,2021,92.43905283439814,330.0,65.63360713923537,104.0,4912.054456951628,159320,9,3.0
16,Ferrari,2021_10,2021,87.41932866849204,326.0,68.0409694757124,104.0,5058.88277051009,161129,9,4.0
11,Red Bull Racing,2021_10,2021,74.4876280296116,327.0,48.62458168542744,104.0,4161.59207991076,161914,9,5.0
4,McLaren,2021_10,2021,87.75905080620626,322.0,70.35716458777,104.0,4997.931954162864,162212,9,6.0
3,McLaren,2021_10,2021,96.33394179089342,327.0,68.29058918973735,104.0,5523.802301997769,166113,9,7.0
63,Williams,2021_10,2021,74.21503904269343,326.0,72.85320961362945,104.0,4014.839164384951,161767,9,8.0
55,Ferrari,2021_10,2021,91.89073116316804,327.0,68.55253016935401,104.0,5218.389869181625,164308,9,9.0
5,Aston Martin,2021_10,2021,65.55171889260724,330.0,79.43996552073826,104.0,3611.9292161038434,164891,9,10.0
14,Alpine,2021_10,2021,52.4969070074029,325.0,47.870246425311834,104.0,2903.1219450360004,136530,9,11.0
10,AlphaTauri,2021_10,2021,61.264831153027075,326.0,61.993357671635735,104.0,3445.4531487678732,131840,9,12.0
31,Alpine,2021_10,2021,52.488844944731774,329.0,64.96876584524897,104.0,2822.9109116722443,162527,9,13.0
99,Alfa Romeo Racing,2021_10,2021,65.67188926072406,333.0,62.45730656120069,104.0,3545.482912483521,131726,9,14.0
18,Aston Martin,2021_10,2021,52.5152621437988,327.0,82.80133860663219,104.0,3309.4663320150084,165095,9,15.0
22,AlphaTauri,2021_10,2021,43.780701754385966,329.0,72.23765338200994,104.0,2300.433475306764,131660,9,16.0
7,Alfa Romeo Racing,2021_10,2021,39.37683804887942,328.0,71.24885914207483,104.0,2092.681117533719,131412,9,17.0
6,Williams,2021_10,2021,35.07230504005679,324.0,88.94863604096948,104.0,2040.831812189433,159812,9,18.0
47,Haas F1 Team,2021_10,2021,44.02342561606328,331.0,87.69460500963392,104.0,2506.374708447419,162858,9,19.0
9,Haas F1 Team,2021_10,2021,39.58599533515871,327.0,88.01526214379881,104.0,2365.652418618801,162626,9,20.0
44,Mercedes,2021_11,2021,53.90840826921294,317.0,72.08598312783907,104.0,3317.0854732548437,174498,9,1.0
77,Mercedes,2021_11,2021,54.3246036896264,313.0,70.69940669324187,104.0,3463.5839899879484,176820,9,2.0
33,Red Bull Racing,2021_11,2021,51.03402243441179,312.0,46.05029201817002,104.0,3566.642718086586,173480,9,3.0
11,Red Bull Racing,2021_11,2021,48.01886530082507,313.0,35.61421155094095,104.0,3344.4616204690833,166841,9,4.0
10,AlphaTauri,2021_11,2021,45.91026235283211,309.0,80.7536849911931,104.0,2955.456892555854,174358,9,5.0
4,McLaren,2021_11,2021,50.99962918327616,315.0,71.82826550477427,104.0,3424.261518494484,174816,9,6.0
16,Ferrari,2021_11,2021,50.90460739779364,311.0,69.57532214702883,104.0,3647.7605914526744,174753,9,7.0
31,Alpine,2021_11,2021,44.910586817465465,308.0,44.6042458514879,104.0,2898.3477333827755,176044,9,8.0
14,Alpine,2021_11,2021,44.95647538703996,308.0,25.483915824603688,104.0,2967.1282098822658,140703,9,9.0
5,Aston Martin,2021_11,2021,44.91369240752758,315.0,79.08431445258181,104.0,2928.4569852600353,176958,9,10.0
3,McLaren,2021_11,2021,39.04760359692222,317.0,56.446741448039305,104.0,2669.7922962825623,139782,9,11.0
18,Aston Martin,2021_11,2021,36.0154352461296,317.0,56.464308890330955,104.0,2249.960925187726,131156,9,12.0
7,Alfa Romeo Racing,2021_11,2021,44.98057847408918,322.0,55.00352275887643,104.0,2877.488968202466,144266,9,13.0
99,Alfa Romeo Racing,2021_11,2021,36.36933345693891,319.0,64.63887086307592,104.0,2374.565171039214,144058,9,14.0
55,Ferrari,2021_11,2021,14.75447297673125,314.0,90.5966441086493,104.0,1145.3918142208213,182609,9,15.0
22,AlphaTauri,2021_11,2021,24.07342171131918,308.0,73.22897932696765,104.0,1584.2077037174377,144392,9,16.0
63,Williams,2021_11,2021,24.04065078335033,316.0,87.65120051914342,104.0,1770.697877074256,142256,9,17.0
6,Williams,2021_11,2021,24.051682580884396,315.0,78.27876147214239,104.0,1902.0763418930192,130805,9,18.0
9,Haas F1 Team,2021_11,2021,27.117734309817372,319.0,82.20515435246129,104.0,1925.6274218967276,167414,9,19.0
47,Haas F1 Team,2021_11,2021,0.0,0.0,70.10141837396867,104.0,260.66519885046813,121408,1,20.0
33,Red Bull Racing,2021_12,2021,62.568374913686995,312.0,63.31862259449398,104.0,3703.0592332402657,299492,9,1.0
63,Williams,2021_12,2021,74.73974001020746,316.0,72.30892551562641,104.0,4381.035816145786,299513,9,2.0
44,Mercedes,2021_12,2021,68.53601128824042,322.0,74.94268816235852,104.0,3798.254886066829,294762,9,3.0
3,McLaren,2021_12,2021,68.66867813503858,316.0,61.4953916358942,104.0,4028.937944699631,255375,9,4.0
5,Aston Martin,2021_12,2021,71.9683268786214,315.0,58.50592932840974,104.0,3913.5561860157914,248976,9,5.0
10,AlphaTauri,2021_12,2021,71.67008916509052,317.0,58.353057732144464,104.0,4027.5303671680326,242856,9,6.0
11,Red Bull Racing,2021_12,2021,68.81662613708006,316.0,60.81155243327629,104.0,3999.9474016031704,299623,9,7.0
77,Mercedes,2021_12,2021,68.61094599057311,322.0,72.66972890209853,104.0,3946.218439460806,294974,9,8.0
31,Alpine,2021_12,2021,74.79465009456904,314.0,63.12086823381068,104.0,4013.731754180552,299419,9,9.0
4,McLaren,2021_12,2021,56.652346212735296,314.0,81.54582845477198,104.0,3416.9903629649643,293555,9,10.0
16,Ferrari,2021_12,2021,50.02903119277072,312.0,84.58089405265844,104.0,3110.071031853253,298668,9,11.0
6,Williams,2021_12,2021,53.08081899786844,313.0,78.5134047854934,104.0,3269.114053258879,231081,9,12.0
55,Ferrari,2021_12,2021,46.87423819388153,313.0,82.66486535170675,104.0,2717.2250743042423,289395,9,13.0
14,Alpine,2021_12,2021,50.043471734366086,314.0,59.25953946380858,104.0,2737.6722807649585,243882,9,14.0
18,Aston Martin,2021_12,2021,50.0022216217839,313.0,67.51748776606924,104.0,2792.7598246720104,250434,9,15.0
99,Alfa Romeo Racing,2021_12,2021,28.150529886817377,310.0,73.07604551322466,104.0,1541.0323336035306,242676,9,16.0
22,AlphaTauri,2021_12,2021,28.193791467771472,314.0,74.41634393106968,104.0,1564.2447686811372,242811,9,17.0
47,Haas F1 Team,2021_12,2021,28.204179050707015,309.0,75.53132786934462,104.0,1596.922483412891,250245,9,18.0
7,Alfa Romeo Racing,2021_12,2021,28.086493139992193,308.0,74.17619862499625,104.0,1568.6192620613049,242712,9,19.0
9,Haas F1 Team,2021_12,2021,25.068329880812993,306.0,75.51310456633342,104.0,1426.269716893332,248994,9,20.0
33,Red Bull Racing,2021_13,2021,36.4627235554087,311.0,50.6127380116476,104.0,2374.106521828921,200993,9,1.0
44,Mercedes,2021_13,2021,41.530791788856305,316.0,78.37202098219818,104.0,2559.9676593284044,200445,9,2.0
77,Mercedes,2021_13,2021,41.87567634546281,319.0,79.05625542108959,104.0,2586.9705092726444,200500,9,3.0
10,AlphaTauri,2021_13,2021,44.270662095741606,313.0,61.14117549874024,104.0,2745.883565321548,164093,9,4.0
16,Ferrari,2021_13,2021,46.792367105860976,314.0,77.17905084465738,104.0,3118.08211143695,195792,9,5.0
55,Ferrari,2021_13,2021,49.42059394490108,312.0,73.68196274420718,104.0,3425.9897154186115,200810,9,6.0
99,Alfa Romeo Racing,2021_13,2021,44.22403039940523,319.0,61.97335921688489,104.0,2728.7033579777785,160566,9,7.0
31,Alpine,2021_13,2021,44.12729750939656,314.0,42.89161951179216,104.0,2669.1297344182394,198842,9,8.0
14,Alpine,2021_13,2021,33.765850233365,314.0,44.61752922225435,104.0,2127.6435917558133,194105,9,9.0
3,McLaren,2021_13,2021,44.26116228160753,317.0,57.58258642765685,104.0,2949.19743091983,161576,9,10.0
63,Williams,2021_13,2021,33.89066953037875,313.0,84.03167981496014,104.0,2353.4253851555077,204988,9,11.0
18,Aston Martin,2021_13,2021,33.83685101813225,313.0,63.83726405352939,104.0,2210.332700012391,166340,9,12.0
4,McLaren,2021_13,2021,33.76473503779274,311.0,84.6606501177151,104.0,2247.2973441823965,204448,9,13.0
6,Williams,2021_13,2021,40.025360373384,320.0,73.75800256081946,104.0,2725.5566891082567,197417,9,14.0
22,AlphaTauri,2021_13,2021,38.91925157986039,310.0,69.04287307422246,104.0,2368.7013754078725,176541,9,15.0
11,Red Bull Racing,2021_13,2021,23.372723142373303,313.0,84.98752633100656,104.0,1394.0559662963117,194692,9,16.0
5,Aston Martin,2021_13,2021,18.143777621742185,318.0,71.36305811408037,104.0,1562.7924084094009,132140,9,17.0
88,Alfa Romeo Racing,2021_13,2021,23.379042583949445,315.0,74.83247284292264,104.0,1440.7728305315766,164192,9,18.0
47,Haas F1 Team,2021_13,2021,28.61141629837677,323.0,87.87369377555656,104.0,3098.865143942836,195142,9,19.0
9,Haas F1 Team,2021_13,2021,25.97166577175664,319.0,86.99425880797985,104.0,1822.1835116269465,204582,9,20.0
77,Mercedes,2021_14,2021,79.98798891284262,338.0,75.28657222051125,104.0,4201.1213427779485,157918,9,1.0
44,Mercedes,2021_14,2021,79.67872908325634,338.0,75.84139205420388,104.0,4221.792629093522,158436,9,2.0
33,Red Bull Racing,2021_14,2021,84.08433425726311,338.0,45.419310132429935,104.0,4620.583718304076,157736,9,3.0
4,McLaren,2021_14,2021,92.79416897649112,342.0,65.30392156862744,104.0,5226.0191458782465,155294,9,4.0
3,McLaren,2021_14,2021,74.84493378503234,340.0,72.26891489580126,104.0,4168.4521096396675,158362,9,5.0
10,AlphaTauri,2021_14,2021,70.66728261985422,337.0,56.65342367313418,104.0,3763.6084590904425,121222,9,6.0
55,Ferrari,2021_14,2021,79.64613489374807,342.0,72.86946925367006,104.0,4229.169284467714,158270,9,7.0
16,Ferrari,2021_14,2021,79.57894466687199,337.0,69.7696335078534,104.0,4643.855097012627,158750,9,8.0
11,Red Bull Racing,2021_14,2021,88.49009341956678,337.0,41.33785032337542,104.0,4771.488142901139,161732,9,9.0
99,Alfa Romeo Racing,2021_14,2021,70.801765732471,343.0,55.41879683810697,104.0,3708.662354994354,120668,9,10.0
5,Aston Martin,2021_14,2021,61.93465763268658,335.0,57.802792321116925,104.0,3211.0930602607536,121328,9,11.0
18,Aston Martin,2021_14,2021,57.522225644184374,339.0,56.66954111487527,104.0,3033.20429114054,121548,9,12.0
14,Alpine,2021_14,2021,48.66348424186428,347.0,39.931937172774866,104.0,2666.3894877322655,123416,9,13.0
31,Alpine,2021_14,2021,53.080484549840875,340.0,57.35258187044451,104.0,2777.990504055025,157620,9,14.0
63,Williams,2021_14,2021,70.72128118263012,343.0,61.03249153064367,104.0,3636.8113643363104,128874,9,15.0
6,Williams,2021_14,2021,45.088235294117645,345.0,86.6180576942819,104.0,2415.326147212812,157866,9,16.0
22,AlphaTauri,2021_14,2021,39.81644595010779,333.0,69.58007391438251,104.0,2190.8418540190946,127334,9,17.0
47,Haas F1 Team,2021_14,2021,35.48070013345652,339.0,69.05620572836465,104.0,2004.0282311877631,128156,9,18.0
88,Alfa Romeo Racing,2021_14,2021,31.00061595318756,341.0,68.01426958217841,104.0,1620.227132737912,119564,9,19.0
9,Haas F1 Team,2021_14,2021,39.8746021968997,342.0,67.00487629606816,104.0,2806.2241043014064,128464,9,20.0
4,McLaren,2021_15,2021,101.12194750469617,298.0,46.95755698837387,104.0,6178.151038229172,142613,9,1.0
55,Ferrari,2021_15,2021,110.01045844544856,300.0,63.007919987815406,104.0,6628.742397319389,176977,9,2.0
63,Williams,2021_15,2021,114.16134436716251,304.0,63.546885312484136,104.0,6747.504899223232,173908,9,3.0
44,Mercedes,2021_15,2021,105.52337919480124,309.0,68.42184088947556,104.0,5861.16073513733,174543,9,4.0
3,McLaren,2021_15,2021,101.12758288064173,296.0,43.837944864700205,104.0,6347.550083769102,142704,9,5.0
14,Alpine,2021_15,2021,109.92613088287555,300.0,45.86048636848251,104.0,6553.97446311621,169130,9,6.0
77,Mercedes,2021_15,2021,105.73249733461948,304.0,66.19490277707266,104.0,6125.343250241153,173362,9,7.0
18,Aston Martin,2021_15,2021,101.05736914250902,307.0,43.41219475046962,104.0,5630.942326242575,141912,9,8.0
11,Red Bull Racing,2021_15,2021,105.63522363811748,311.0,51.995227699649696,104.0,6300.250951921613,177279,9,9.0
31,Alpine,2021_15,2021,109.75097730618876,302.0,38.89176016652282,104.0,6254.062090673707,149453,9,10.0
5,Aston Martin,2021_15,2021,79.30319337970249,303.0,57.00624460577753,104.0,4371.385388637864,142238,9,11.0
10,AlphaTauri,2021_15,2021,79.1994720008123,306.0,56.76620805198761,104.0,4796.012083058334,148209,9,12.0
22,AlphaTauri,2021_15,2021,88.02127227496572,307.0,53.08138295171854,104.0,5138.895009392293,147843,9,13.0
6,Williams,2021_15,2021,52.836472559272984,308.0,68.25105345991776,104.0,3561.596436005483,169601,9,14.0
16,Ferrari,2021_15,2021,44.07412296288775,302.0,86.13250748845002,104.0,2982.2265319591816,176977,9,15.0
7,Alfa Romeo Racing,2021_15,2021,44.064578362187135,299.0,69.73757424988577,104.0,2644.0268061126058,147330,9,16.0
47,Haas F1 Team,2021_15,2021,44.107681372797884,312.0,84.54962684672793,104.0,2729.95176930497,173868,9,17.0
99,Alfa Romeo Racing,2021_15,2021,39.67847895618622,303.0,66.69152662842058,104.0,2465.548103772148,147060,80,18.0
9,Haas F1 Team,2021_15,2021,44.22876580189877,313.0,83.1951058536833,104.0,2675.595572929888,176514,9,19.0
33,Red Bull Racing,2021_15,2021,8.7513326902574,307.0,82.35817637203635,104.0,852.9573031426105,176434,9,20.0
44,Mercedes,2021_16,2021,116.79276071010948,329.0,71.27118103539917,104.0,6092.202455618157,156202,9,1.0
77,Mercedes,2021_16,2021,112.78197087275431,328.0,69.43573934304241,104.0,6124.960348676517,155614,9,2.0
33,Red Bull Racing,2021_16,2021,104.203252896779,322.0,50.05320506006166,104.0,5748.760284894228,154018,9,3.0
16,Ferrari,2021_16,2021,125.02391835866908,336.0,64.7336557882428,104.0,6825.630647390241,155896,9,4.0
10,AlphaTauri,2021_16,2021,99.99978739236738,325.0,54.298129052833,104.0,5698.647868608483,134898,9,5.0
14,Alpine,2021_16,2021,99.95237589029446,327.0,51.51807164877219,104.0,5350.74726267673,155320,9,6.0
11,Red Bull Racing,2021_16,2021,99.96996917189328,324.0,44.53082810672903,104.0,5754.841926225152,151870,9,7.0
4,McLaren,2021_16,2021,104.33464441373444,321.0,65.6768363984267,104.0,6178.843361326672,155862,9,8.0
18,Aston Martin,2021_16,2021,95.8225789305836,326.0,51.98405442755395,104.0,5229.760284894228,131534,9,9.0
22,AlphaTauri,2021_16,2021,99.91415966833208,324.0,52.81577548633996,104.0,5796.439672584246,135550,9,10.0
5,Aston Martin,2021_16,2021,79.34027851599872,328.0,61.29956415435314,104.0,4231.339002870203,128558,9,11.0
31,Alpine,2021_16,2021,75.06782183480387,327.0,53.29499309025194,104.0,4028.49452535346,137646,9,12.0
63,Williams,2021_16,2021,83.41713617518869,324.0,75.95221643457,104.0,4688.569150632507,154496,9,13.0
47,Haas F1 Team,2021_16,2021,79.55873285850961,326.0,72.20373126395238,104.0,4610.571223556925,154098,9,14.0
55,Ferrari,2021_16,2021,54.40166896991602,320.0,83.14202189858617,104.0,3205.10189220793,152634,9,15.0
3,McLaren,2021_16,2021,41.706282555543744,320.0,73.070638885936,104.0,2471.1816200701605,132422,9,16.0
6,Williams,2021_16,2021,41.699425959391945,330.0,83.89970234931434,104.0,2805.8536727968535,131025,9,17.0
99,Alfa Romeo Racing,2021_16,2021,45.976028489422774,332.0,85.82146274051239,104.0,2570.08520250877,152046,9,18.0
7,Alfa Romeo Racing,2021_16,2021,45.96608908259807,336.0,73.70367811204422,104.0,2613.565695758478,133684,9,19.0
9,Haas F1 Team,2021_16,2021,41.824811310726055,331.0,84.4316466461146,104.0,2580.2504517912193,152344,9,20.0
33,Red Bull Racing,2021_17,2021,62.18141028909397,319.0,57.19721613215725,104.0,3844.012083821955,159078,9,1.0
44,Mercedes,2021_17,2021,62.423545607505226,324.0,73.55361239993881,104.0,3846.791668791108,159856,9,2.0
11,Red Bull Racing,2021_17,2021,74.49100086677204,319.0,42.66766940294703,104.0,4633.025901187988,151818,9,3.0
77,Mercedes,2021_17,2021,62.36200479273951,324.0,69.46652730331922,104.0,4041.663386529343,159410,9,4.0
16,Ferrari,2021_17,2021,70.27940651608627,324.0,61.67001478611125,104.0,4593.297455769132,151386,9,5.0
55,Ferrari,2021_17,2021,61.9849079692041,324.0,65.16147453219803,104.0,3983.499005761485,156996,9,6.0
3,McLaren,2021_17,2021,61.95293937694387,324.0,70.40340590424718,104.0,4242.485698261357,159942,9,7.0
4,McLaren,2021_17,2021,57.8477540406873,323.0,69.62927650028043,104.0,4100.766379442207,160372,9,8.0
10,AlphaTauri,2021_17,2021,70.177637281395,323.0,39.440830061693774,104.0,4508.162341304237,120018,9,9.0
22,AlphaTauri,2021_17,2021,74.20629174527099,322.0,39.60776015907816,104.0,4876.014888084434,124258,9,10.0
31,Alpine,2021_17,2021,49.67404272676286,335.0,39.43675113445164,104.0,3067.5173099474837,133676,9,11.0
5,Aston Martin,2021_17,2021,37.12767042267883,320.0,60.10360475195024,104.0,2628.3193290164686,122360,9,12.0
99,Alfa Romeo Racing,2021_17,2021,33.09371335338806,326.0,62.457502676796,104.0,2086.379391220109,122040,9,13.0
14,Alpine,2021_17,2021,49.69611992046091,316.0,55.38576454392495,104.0,2996.8613164737676,158628,9,14.0
63,Williams,2021_17,2021,45.47290062713506,322.0,79.32356090348239,104.0,3213.4813644011624,159550,9,15.0
18,Aston Martin,2021_17,2021,28.993932595727323,318.0,66.22734920715851,104.0,1881.5514709631368,130640,9,16.0
6,Williams,2021_17,2021,24.81461275684495,321.0,61.43129556926528,104.0,1703.081884464386,107882,9,17.0
7,Alfa Romeo Racing,2021_17,2021,29.00922857288533,326.0,65.48381175750778,104.0,1710.5822668638148,122354,9,18.0
47,Haas F1 Team,2021_17,2021,37.32029776168868,320.0,80.25228164992608,104.0,2575.7361443940244,158692,9,19.0
9,Haas F1 Team,2021_17,2021,33.20129505939938,320.0,78.67026971906388,104.0,2565.6417682149595,158156,9,20.0
77,Mercedes,2021_18,2021,54.15100088710611,349.0,70.48594129671771,104.0,3613.6106375593017,216846,9,1.0
44,Mercedes,2021_18,2021,51.69950244918425,351.0,69.46052377830061,104.0,3429.4638793535696,216086,9,2.0
33,Red Bull Racing,2021_18,2021,41.638060708913486,344.0,47.23978863732789,104.0,2742.6801403941836,215627,9,3.0
11,Red Bull Racing,2021_18,2021,44.07956956068963,342.0,39.46372507424692,104.0,2774.760944189455,183984,9,4.0
10,AlphaTauri,2021_18,2021,53.724071431326415,352.0,52.557681181779614,104.0,3530.3408030238747,178408,9,5.0
55,Ferrari,2021_18,2021,56.33729316928299,346.0,66.50476337408878,104.0,3869.376981525051,215852,9,6.0
3,McLaren,2021_18,2021,41.47869016855016,353.0,58.59937516874301,104.0,3193.9144135457245,180648,9,7.0
16,Ferrari,2021_18,2021,53.76287268098893,348.0,64.5752304547383,104.0,3813.1043313919854,213376,9,8.0
22,AlphaTauri,2021_18,2021,46.68754580167393,344.0,54.774752188837894,104.0,3164.4774173641376,177845,9,9.0
4,McLaren,2021_18,2021,46.58942415242797,347.0,76.43491341073013,104.0,3603.0915647780303,218085,9,10.0
5,Aston Martin,2021_18,2021,39.165657422763914,347.0,62.70667643769044,104.0,2659.9029968758437,179052,9,11.0
7,Alfa Romeo Racing,2021_18,2021,46.463416515601494,350.0,63.75288309484321,104.0,2804.9306128746093,186304,9,12.0
63,Williams,2021_18,2021,31.885177614070273,345.0,76.28217688124349,104.0,2369.825124387704,213762,18,13.0
99,Alfa Romeo Racing,2021_18,2021,36.67670767925329,353.0,66.00586261426312,104.0,2373.9900875535154,181824,9,14.0
31,Alpine,2021_18,2021,31.83866239827207,348.0,48.41524279708412,104.0,1875.4177112662476,190140,9,15.0
14,Alpine,2021_18,2021,17.13626721178694,343.0,73.69128707524973,104.0,1054.0343657191345,215071,9,16.0
6,Williams,2021_18,2021,19.617618698653914,345.0,85.22644347591314,104.0,1777.9092066185829,215087,9,17.0
47,Haas F1 Team,2021_18,2021,22.076908242372816,347.0,86.89188876460832,104.0,1740.6167315925484,210474,9,18.0
9,Haas F1 Team,2021_18,2021,22.078373895938597,346.0,83.26223627878274,104.0,2272.048597986655,211672,9,19.0
18,Aston Martin,2021_18,2021,4.811393527982412,344.0,82.84437073321249,104.0,296.0511821653103,174505,9,20.0
44,Mercedes,2021_19,2021,75.33393539064919,328.0,67.31995045928372,104.0,4534.529363195376,158722,9,1.0
33,Red Bull Racing,2021_19,2021,55.6195685829291,324.0,42.64057178243369,104.0,3621.4055630095986,154178,9,2.0
77,Mercedes,2021_19,2021,75.15760140365363,325.0,50.89008153576221,104.0,4529.2516255547525,131574,9,3.0
11,Red Bull Racing,2021_19,2021,71.8704200639901,324.0,34.7525028382702,104.0,4470.680720404583,149196,9,4.0
10,AlphaTauri,2021_19,2021,58.66833522551347,323.0,57.40829806997626,104.0,3505.791980596553,127406,9,5.0
55,Ferrari,2021_19,2021,62.04835380328207,327.0,72.57265971720508,104.0,3745.9976777789248,157398,9,6.0
16,Ferrari,2021_19,2021,71.79327071937249,326.0,69.97925482505934,104.0,4611.214831251935,158072,9,7.0
4,McLaren,2021_19,2021,71.82743317163794,326.0,62.211838166993495,104.0,4815.773402827949,154034,36,8.0
3,McLaren,2021_19,2021,71.776860357106,324.0,44.87227784085045,104.0,4545.804210960883,123032,9,9.0
14,Alpine,2021_19,2021,61.91825781814429,328.0,45.904014862214886,104.0,3579.813087005883,129162,9,10.0
31,Alpine,2021_19,2021,45.73583445143978,327.0,76.51073382185984,104.0,2940.6190009288885,156926,9,11.0
5,Aston Martin,2021_19,2021,49.06094540200227,323.0,56.94261533698008,104.0,3034.1950665703375,122684,9,12.0
22,AlphaTauri,2021_19,2021,29.43095262669006,330.0,59.1702962121994,104.0,1814.77304159356,112058,9,13.0
7,Alfa Romeo Racing,2021_19,2021,48.91495510372587,332.0,59.190215708535455,104.0,2846.6863453400765,123036,9,14.0
99,Alfa Romeo Racing,2021_19,2021,45.76772628754257,331.0,58.323046754050985,104.0,2739.1688512746414,122644,9,15.0
18,Aston Martin,2021_19,2021,29.42217979151615,323.0,66.9182062132315,104.0,1718.3211889771906,122614,9,16.0
6,Williams,2021_19,2021,29.420167199917433,323.0,83.7558571576014,104.0,2412.3260914439056,156398,9,17.0
63,Williams,2021_19,2021,32.70440705955207,326.0,80.48374445247188,104.0,2365.084116007844,156362,9,18.0
47,Haas F1 Team,2021_19,2021,36.032356280317885,325.0,66.69491175559914,104.0,3011.2512127154505,127810,9,19.0
9,Haas F1 Team,2021_19,2021,32.77918257818144,328.0,84.52415109918464,104.0,2265.467850139333,156304,9,20.0
44,Mercedes,2021_20,2021,74.27251306218625,325.0,72.36860977358877,104.0,4246.8592869583035,157604,9,1.0
33,Red Bull Racing,2021_20,2021,74.36748283987296,323.0,42.67800430283783,104.0,4488.673957586313,155276,9,2.0
77,Mercedes,2021_20,2021,83.02463886896834,324.0,58.65080422087901,104.0,4986.396680667965,148672,9,3.0
10,AlphaTauri,2021_20,2021,78.17093535498412,329.0,46.211402520233584,104.0,4691.630724311034,125468,9,4.0
14,Alpine,2021_20,2021,74.07560700747874,327.0,67.16007581190452,104.0,4585.633285524024,157682,9,5.0
4,McLaren,2021_20,2021,86.52648294232148,329.0,66.92434176826144,104.0,5461.130673086774,158986,9,6.0
55,Ferrari,2021_20,2021,86.46450158795206,326.0,60.98488884335622,104.0,5188.615305808831,149904,9,7.0
22,AlphaTauri,2021_20,2021,74.08467370146501,321.0,44.03211761090052,104.0,4423.74720827784,117592,9,8.0
31,Alpine,2021_20,2021,73.9999487757402,326.0,63.15684868353652,104.0,4387.180411843049,157968,9,9.0
5,Aston Martin,2021_20,2021,86.46450158795206,325.0,46.09594303862309,104.0,4941.79858621043,126444,9,10.0
11,Red Bull Racing,2021_20,2021,49.49364819178363,321.0,60.03846941911689,104.0,3085.369634258785,158410,9,11.0
18,Aston Martin,2021_20,2021,61.81543899190657,326.0,57.180616740088105,104.0,3520.597274869378,126530,9,12.0
16,Ferrari,2021_20,2021,61.915223850015366,331.0,72.81677082266161,104.0,3909.757811699621,152202,9,13.0
3,McLaren,2021_20,2021,61.83439196803606,327.0,74.47787111976231,104.0,4024.6874807909026,155222,41,14.0
63,Williams,2021_20,2021,65.96096711402521,326.0,75.84740293002766,104.0,3953.9692142198546,157226,9,15.0
7,Alfa Romeo Racing,2021_20,2021,37.11843048867944,333.0,68.6214527200082,104.0,2051.7508964245467,126152,9,16.0
6,Williams,2021_20,2021,41.147167298432535,329.0,81.04994365331422,104.0,2802.275023050917,134591,9,17.0
99,Alfa Romeo Racing,2021_20,2021,32.9918553426903,331.0,70.01485503534474,104.0,1884.3135436942937,124386,9,18.0
47,Haas F1 Team,2021_20,2021,37.23865382645221,326.0,83.82527404978998,104.0,3409.6086978793155,156350,9,19.0
9,Haas F1 Team,2021_20,2021,37.192347095584466,335.0,83.64542567359902,104.0,2315.7708738858723,157020,9,20.0
44,Mercedes,2021_21,2021,107.54957072771872,327.0,69.44981602616517,104.0,5596.047935404742,162138,53,1.0
77,Mercedes,2021_21,2021,112.50597914963204,327.0,56.085547833197055,104.0,6291.399785363859,151814,9,2.0
33,Red Bull Racing,2021_21,2021,88.52136140637776,325.0,43.86994071954211,104.0,5049.420022485691,156452,9,3.0
16,Ferrari,2021_21,2021,112.19838511856092,327.0,63.22485690923958,104.0,6507.547168847097,158654,9,4.0
11,Red Bull Racing,2021_21,2021,107.31669051512674,325.0,52.078546606704826,104.0,5730.611713000818,160734,9,5.0
10,AlphaTauri,2021_21,2021,121.19623875715452,324.0,49.28674366312347,104.0,6527.549570727719,134604,9,6.0
4,McLaren,2021_21,2021,98.0977105478332,324.0,48.20042927228128,104.0,5534.565310711366,134340,9,7.0
22,AlphaTauri,2021_21,2021,121.37469337694196,323.0,48.696494276369584,104.0,6623.140739983647,134836,9,8.0
31,Alpine,2021_21,2021,102.607880212592,324.0,67.4755723630417,104.0,5312.7978843009,162150,9,9.0
99,Alfa Romeo Racing,2021_21,2021,98.22368152085036,334.0,55.77309893704007,104.0,5226.739728127555,132814,9,10.0
3,McLaren,2021_21,2021,79.30110384300899,328.0,63.966578086672115,104.0,4439.4236508585445,145604,32,11.0
7,Alfa Romeo Racing,2021_21,2021,84.29078086672118,330.0,60.74519623875715,104.0,4432.650909648406,133534,9,12.0
14,Alpine,2021_21,2021,79.47899632052331,328.0,79.42830130825838,104.0,4049.875408830744,131204,9,13.0
63,Williams,2021_21,2021,79.47930294358136,326.0,75.85333197056418,104.0,4465.96315412919,126012,9,14.0
55,Ferrari,2021_21,2021,74.9278413736713,328.0,70.58723426001636,104.0,4428.819858953393,157138,9,15.0
6,Williams,2021_21,2021,42.054016762060506,320.0,84.20272894521668,104.0,2882.915780866721,148715,9,16.0
5,Aston Martin,2021_21,2021,46.71259198691742,322.0,71.10031684382666,104.0,2610.612888389207,137224,9,17.0
18,Aston Martin,2021_21,2021,42.05023507767784,329.0,67.31791700735896,104.0,2605.370707277187,131454,9,18.0
47,Haas F1 Team,2021_21,2021,42.1511140637776,325.0,81.95415985282094,104.0,2669.170380212592,143219,9,19.0
9,Haas F1 Team,2021_21,2021,37.533319705641865,327.0,83.49805805396566,104.0,2422.9116925592803,120612,9,20.0
33,Red Bull Racing,2021_22,2021,74.72548723372111,328.0,44.67900488492723,104.0,4567.417636098102,164979,9,1.0
44,Mercedes,2021_22,2021,70.96610766983935,323.0,56.38595961122022,104.0,3908.1764113410886,130932,9,2.0
4,McLaren,2021_22,2021,74.79498413657652,323.0,48.4163770962381,104.0,4677.851085259606,132006,9,3.0
11,Red Bull Racing,2021_22,2021,94.48758624162764,329.0,39.88663947222642,104.0,5467.300196404291,153382,9,4.0
55,Ferrari,2021_22,2021,86.62829228987259,324.0,58.786775444427654,104.0,5459.715314498665,161136,9,5.0
77,Mercedes,2021_22,2021,78.80853099662588,322.0,52.626680767487535,104.0,4523.173490456766,131666,9,6.0
16,Ferrari,2021_22,2021,90.48144231253464,325.0,62.59500428060633,104.0,5549.980057410485,161109,9,7.0
22,AlphaTauri,2021_22,2021,86.76859545752127,325.0,49.83799164022763,104.0,5203.624918164879,138172,9,8.0
31,Alpine,2021_22,2021,78.64168806969835,326.0,41.12323110238203,104.0,4370.116583572543,132476,9,9.0
3,McLaren,2021_22,2021,74.77131490154605,323.0,50.76149468701214,104.0,4593.343455708315,132404,9,10.0
14,Alpine,2021_22,2021,47.3210454751473,326.0,56.705695724429674,104.0,2773.297325880042,129630,9,11.0
10,AlphaTauri,2021_22,2021,63.03958301858287,325.0,58.72825703782041,104.0,3788.899783451679,135967,9,12.0
18,Aston Martin,2021_22,2021,66.99289922949086,323.0,57.97451780228635,104.0,3794.092259656544,137662,9,13.0
99,Alfa Romeo Racing,2021_22,2021,67.05207231706703,328.0,58.50682379009921,104.0,3937.552802538148,134065,9,14.0
5,Aston Martin,2021_22,2021,70.93297074079669,323.0,56.05882056705444,104.0,4032.1993251750014,136915,9,15.0
6,Williams,2021_22,2021,31.500377700558996,324.0,65.68444377297678,104.0,2186.944906078461,112403,9,16.0
63,Williams,2021_22,2021,27.54902553255779,327.0,66.41612529586544,104.0,1901.162260160145,99602,9,17.0
7,Alfa Romeo Racing,2021_22,2021,31.537694515787884,325.0,71.92083396283427,104.0,1830.9745681623608,133835,9,18.0
47,Haas F1 Team,2021_22,2021,35.55824142619731,326.0,69.64707659767336,104.0,2092.947625522486,135982,9,19.0
9,Haas F1 Team,2021_22,2021,35.612177066022056,326.0,70.64133554917662,104.0,2101.4651760084603,135062,9,20.0
16,Ferrari,2022_1,2022,61.35845924908425,318.0,72.0801282051282,104.0,3885.6480654761904,141784,9,1.0
1,Red Bull Racing,2022_1,2022,57.203182234432234,323.0,55.081559065934066,104.0,3386.44826007326,135732,9,2.0
55,Ferrari,2022_1,2022,61.38690476190476,317.0,73.16414835164835,104.0,3908.898752289377,140624,9,3.0
11,Red Bull Racing,2022_1,2022,73.76116071428571,323.0,46.70186584249084,104.0,4474.176339285715,139596,9,4.0
44,Mercedes,2022_1,2022,69.37345467032966,318.0,74.36132097069597,104.0,3841.9536401098903,143178,9,5.0
77,Alfa Romeo,2022_1,2022,61.445455586080584,317.0,50.28703067765568,104.0,3540.241414835165,106632,9,6.0
20,Haas F1 Team,2022_1,2022,45.60485347985348,320.0,79.53199404761905,104.0,2879.0604395604396,141640,9,7.0
14,Alpine,2022_1,2022,57.27712912087912,322.0,55.121565934065934,104.0,3468.793727106227,112444,9,8.0
63,Mercedes,2022_1,2022,69.78777472527473,316.0,68.4356684981685,104.0,4216.25331959707,140686,9,9.0
10,AlphaTauri,2022_1,2022,85.66626602564102,319.0,39.09884386446886,104.0,5221.931948260073,119772,9,10.0
31,Alpine,2022_1,2022,49.30448717948718,321.0,82.11057692307692,104.0,3087.4227907509157,142558,9,11.0
47,Haas F1 Team,2022_1,2022,45.52867445054945,320.0,69.77718635531136,104.0,3427.0906593406594,138284,9,12.0
4,McLaren,2022_1,2022,57.617330586080584,316.0,58.449862637362635,104.0,3740.4391025641025,119756,9,13.0
23,Williams,2022_1,2022,53.33894230769231,317.0,79.76814331501832,104.0,3209.418440934066,142670,9,14.0
24,Alfa Romeo,2022_1,2022,49.34140338827839,317.0,55.080643315018314,104.0,2845.0647321428573,105610,9,15.0
22,AlphaTauri,2022_1,2022,33.151614010989015,320.0,66.88249771062272,104.0,2026.428514194139,119054,9,16.0
27,Aston Martin,2022_1,2022,24.60777243589743,310.0,62.04103708791209,104.0,1634.3126144688645,103028,9,17.0
3,McLaren,2022_1,2022,33.09163232600733,312.0,84.59117445054945,104.0,2302.7525183150183,137144,9,18.0
18,Aston Martin,2022_1,2022,24.763907967032967,312.0,63.94539835164835,104.0,1657.8090086996338,105026,9,19.0
6,Williams,2022_1,2022,32.87734661172161,320.0,88.77386675824175,104.0,2355.0841346153848,141974,9,20.0
11,Red Bull Racing,2022_2,2022,48.456295509234664,335.0,65.77296165505172,104.0,2735.963436357386,254560,9,1.0
16,Ferrari,2022_2,2022,53.86668333385418,327.0,79.63595737366792,104.0,3398.581955686115,272643,9,2.0
55,Ferrari,2022_2,2022,59.01037532422888,327.0,72.2918216194256,104.0,3797.6091127847744,267604,9,3.0
1,Red Bull Racing,2022_2,2022,56.161630050939095,333.0,69.15719241226289,104.0,3062.68592768524,264429,9,4.0
31,Alpine,2022_2,2022,48.60842526328947,327.0,86.84702646957717,104.0,2494.3570111565987,268021,9,5.0
63,Mercedes,2022_2,2022,53.92281008781524,327.0,81.23288227757118,104.0,3072.4503578236818,272827,9,6.0
14,Alpine,2022_2,2022,51.14722335072971,328.0,64.9462795712366,104.0,3219.7830244695147,222794,9,7.0
77,Alfa Romeo,2022_2,2022,56.376668020875655,329.0,67.33263539485608,104.0,2890.9502796962406,224957,9,8.0
10,AlphaTauri,2022_2,2022,56.25766430200944,329.0,64.3621363167599,104.0,3140.6393012281633,243425,9,9.0
20,Haas F1 Team,2022_2,2022,61.5295477983687,330.0,75.92849776555518,104.0,3561.3269164661397,274196,9,10.0
4,McLaren,2022_2,2022,40.95506109565924,323.0,76.84549517172411,104.0,2642.0413450420324,250627,9,11.0
3,McLaren,2022_2,2022,43.52117253664177,322.0,86.81811931622863,104.0,2466.1016906778336,274727,9,12.0
24,Alfa Romeo,2022_2,2022,43.53932935404232,328.0,76.16456764273883,104.0,2287.416263008219,249000,9,13.0
47,Haas F1 Team,2022_2,2022,110.972280383762,329.0,90.18963092596644,104.0,4627.937654301697,260797,9,14.0
18,Aston Martin,2022_2,2022,38.27194599831245,327.0,88.8124628894653,104.0,2126.46817088034,260904,9,15.0
44,Mercedes,2022_2,2022,28.143316978655584,324.0,92.58723710115942,104.0,1524.0345323291351,278036,9,16.0
23,Williams,2022_2,2022,22.983905747054596,327.0,91.94074814837964,104.0,1404.156723647614,118362,9,17.0
27,Aston Martin,2022_2,2022,25.578268070877215,326.0,92.8621831932248,104.0,1521.2144129504047,276672,9,18.0
6,Williams,2022_2,2022,8.589643426357073,325.0,100.37791805993938,104.0,516.6741773180412,284108,9,19.0
22,AlphaTauri,2022_2,2022,5.169380293134161,309.0,83.80018125566424,104.0,380.7378980593144,229206,9,20.0
16,Ferrari,2022_3,2022,59.76062061322497,316.0,75.72720929278003,104.0,3726.7508927471986,201405,9,1.0
1,Red Bull Racing,2022_3,2022,59.091614333210195,321.0,66.81471904116898,104.0,3220.0825842466033,195110,9,2.0
11,Red Bull Racing,2022_3,2022,59.39884250708041,323.0,67.63584123465911,104.0,3212.54213356319,200590,9,3.0
4,McLaren,2022_3,2022,56.40499938431227,320.0,66.93420350531544,104.0,3530.49850182654,180418,9,4.0
44,Mercedes,2022_3,2022,78.8051964043837,316.0,78.48343800024628,104.0,4093.570167877519,206007,9,5.0
63,Mercedes,2022_3,2022,75.83803308295366,317.0,79.62570291015064,104.0,4093.948651643886,205018,9,6.0
3,McLaren,2022_3,2022,61.61975126215983,315.0,73.44054508886425,104.0,3523.1368468579403,209376,9,7.0
31,Alpine,2022_3,2022,64.55366744653779,321.0,74.33710955136888,104.0,3680.26224192423,209050,9,8.0
55,Ferrari,2022_3,2022,65.05697163731888,316.0,72.60665763658005,104.0,3860.118212042852,196188,9,9.0
14,Alpine,2022_3,2022,41.35906908016254,323.0,68.44526536140869,104.0,2283.4585642162297,173748,9,10.0
10,AlphaTauri,2022_3,2022,53.49238599515659,317.0,62.02491482986496,104.0,3134.508106555022,178140,9,11.0
77,Alfa Romeo,2022_3,2022,36.724664450190865,318.0,73.07355415999672,104.0,1922.8414809342032,113246,9,12.0
22,AlphaTauri,2022_3,2022,47.768542461929975,318.0,56.06255387267578,104.0,2893.8058941838035,177644,9,13.0
24,Alfa Romeo,2022_3,2022,44.90735952058449,316.0,71.82933136313262,104.0,2445.446701966096,174225,9,14.0
47,Haas F1 Team,2022_3,2022,53.80273365349095,319.0,80.70077576653121,104.0,3254.504412428683,200992,9,15.0
23,Williams,2022_3,2022,30.803103066124866,318.0,87.85211180889053,104.0,1711.2779624840948,199740,9,16.0
20,Haas F1 Team,2022_3,2022,31.031687394820015,316.0,85.61921766613307,104.0,2289.4237573369455,201167,9,17.0
5,Aston Martin,2022_3,2022,8.755982432376966,313.0,71.29786972047778,104.0,884.3891556869023,150893,9,18.0
6,Williams,2022_3,2022,20.958256372367934,319.0,95.81069654804416,104.0,1170.9933505725896,213922,9,19.0
18,Aston Martin,2022_3,2022,4.523416656405205,312.0,84.05110208102451,104.0,428.3839018183311,185538,9,20.0
1,Red Bull Racing,2022_4,2022,56.61213751169317,305.0,52.32152323043343,104.0,3429.781883380106,229418,9,1.0
16,Ferrari,2022_4,2022,59.283286560648584,304.0,71.49614125350796,104.0,3696.7186233239786,222398,9,2.0
4,McLaren,2022_4,2022,55.96102276270658,294.0,66.67913938260057,104.0,3670.173448705956,212730,8,3.0
20,Haas F1 Team,2022_4,2022,54.36116308076083,301.0,62.23655285313377,104.0,3596.472443093234,228616,99,4.0
14,Alpine,2022_4,2022,69.73425319613345,301.0,67.0746414094169,104.0,4522.481836607421,228142,9,5.0
3,McLaren,2022_4,2022,56.58157935765513,296.0,61.47189741191144,104.0,3738.104069223574,207927,8,6.0
11,Red Bull Racing,2022_4,2022,64.3406610539445,307.0,46.9852276270658,104.0,3909.6068755846586,229096,9,7.0
77,Alfa Romeo,2022_4,2022,59.02701122544434,302.0,68.16425007795448,104.0,3517.0515668849393,211436,9,8.0
5,Aston Martin,2022_4,2022,64.5474352977861,302.0,71.7079045837231,104.0,3867.5921421889616,228384,9,9.0
55,Ferrari,2022_4,2022,33.54727938883692,304.0,85.66916120985344,104.0,2142.5913236669785,224201,9,10.0
63,Mercedes,2022_4,2022,41.27689429373246,301.0,84.33122856251948,104.0,2507.8244465232306,228669,9,11.0
47,Haas F1 Team,2022_4,2022,41.53679451200499,299.0,80.80043654505769,104.0,2732.59331150608,227539,9,12.0
44,Mercedes,2022_4,2022,38.65793576551294,303.0,85.59791082008107,104.0,2314.8568366074214,228718,9,13.0
24,Alfa Romeo,2022_4,2022,41.51371998752728,301.0,75.66366541939507,104.0,2311.2993451824136,211529,9,14.0
18,Aston Martin,2022_4,2022,36.19812129716246,302.0,74.90146554412223,104.0,2149.208294356096,208129,9,15.0
22,AlphaTauri,2022_4,2022,28.454513564078574,300.0,75.719714686623,104.0,1704.5964686623013,213924,9,16.0
10,AlphaTauri,2022_4,2022,28.50580760835672,299.0,83.10644683504833,104.0,1682.1195821640165,211905,9,17.0
6,Williams,2022_4,2022,33.57121141253508,305.0,75.24949329591519,104.0,2200.988423760524,212524,9,18.0
31,Alpine,2022_4,2022,23.23553944496414,299.0,81.59171343935142,104.0,1318.34619582164,207094,9,19.0
23,Williams,2022_4,2022,7.723144683504833,303.0,83.84919706891175,104.0,721.745478640474,209521,9,20.0
16,Ferrari,2022_5,2022,95.88734717088428,336.0,60.36127381290873,104.0,5539.207847597384,140584,9,1.0
55,Ferrari,2022_5,2022,100.18430480523172,336.0,53.48763150412283,104.0,5813.637645720784,138976,9,2.0
1,Red Bull Racing,2022_5,2022,67.95575774808076,343.0,41.219505260164915,104.0,3881.734489621837,129662,9,3.0
11,Red Bull Racing,2022_5,2022,84.26420244526585,345.0,40.389650270116576,104.0,4735.1669036110325,132712,9,4.0
77,Alfa Romeo,2022_5,2022,79.80773386408872,339.0,40.724367358544214,104.0,4538.031959056014,105624,9,5.0
44,Mercedes,2022_5,2022,84.11168609610463,341.0,70.09542223485926,104.0,4462.585897071368,144450,9,6.0
10,AlphaTauri,2022_5,2022,88.32601649132783,340.0,36.07187944270685,104.0,5093.666135911288,122290,9,7.0
4,McLaren,2022_5,2022,88.14546488484504,335.0,44.749388683537106,104.0,5162.419448393517,118920,9,8.0
22,AlphaTauri,2022_5,2022,83.87694057435314,338.0,33.7002558999147,104.0,4914.262325845892,123696,9,9.0
18,Aston Martin,2022_5,2022,84.28996303667898,338.0,45.37270400909866,104.0,4796.823315325561,118782,9,10.0
14,Alpine,2022_5,2022,56.08632357122548,340.0,79.35655388114871,104.0,3359.020073926642,143642,9,11.0
63,Mercedes,2022_5,2022,59.70821723059426,338.0,58.14455501848166,104.0,3218.947796417401,113058,9,12.0
5,Aston Martin,2022_5,2022,59.901961899346034,337.0,68.14358828547057,104.0,3439.088996303668,133958,9,13.0
3,McLaren,2022_5,2022,60.141256752914416,336.0,56.548820017059995,104.0,3474.7733864088714,116120,9,14.0
47,Haas F1 Team,2022_5,2022,76.39653113448962,339.0,66.78561273812909,104.0,4554.807222064259,141684,9,15.0
20,Haas F1 Team,2022_5,2022,0.0,0.0,97.10412283195906,104.0,0.0,131544,1,16.0
24,Alfa Romeo,2022_5,2022,35.98345180551606,338.0,69.03030992323002,104.0,1978.8349161216947,117020,9,17.0
23,Williams,2022_5,2022,39.88672163775946,339.0,86.5851578049474,104.0,2262.7156098947967,130556,9,18.0
6,Williams,2022_5,2022,40.02843332385556,336.0,83.1703156098948,104.0,2492.288655103782,123079,9,19.0
31,Alpine,2022_5,2022,0.0,0.0,0.0,0.0,0.0,0,1,20.0
16,Ferrari,2022_6,2022,39.249474342217425,323.0,75.96453941012673,104.0,2693.0548388929933,137292,9,1.0
1,Red Bull Racing,2022_6,2022,53.56981303631301,323.0,48.59822697050634,104.0,3427.567312610104,142194,9,2.0
55,Ferrari,2022_6,2022,53.5685628232085,323.0,60.4416661931011,104.0,3738.990680229585,127978,9,3.0
63,Mercedes,2022_6,2022,50.5072455532193,325.0,70.3866568165028,104.0,3228.877138148548,141702,9,4.0
11,Red Bull Racing,2022_6,2022,60.51247371711087,324.0,53.45604364380292,104.0,3657.361368415071,142900,9,5.0
44,Mercedes,2022_6,2022,53.65698698641814,339.0,76.96436892652157,104.0,3123.55969767574,142844,9,6.0
77,Alfa Romeo,2022_6,2022,64.13564812183895,323.0,42.64067738819117,104.0,4039.7439336250495,119450,9,7.0
20,Haas F1 Team,2022_6,2022,64.12161163834745,325.0,71.10211967949083,104.0,4191.808262772063,143438,9,8.0
3,McLaren,2022_6,2022,53.55907256918793,322.0,48.96306188554867,104.0,3549.323180087515,112032,9,9.0
47,Haas F1 Team,2022_6,2022,64.34562709552765,326.0,57.84906518156504,104.0,4375.896914246747,131050,9,10.0
4,McLaren,2022_6,2022,42.90066488606013,321.0,49.5157697334773,104.0,2706.0673410240383,106730,9,11.0
31,Alpine,2022_6,2022,32.20645564584873,323.0,86.01295675399216,104.0,2072.4470648405977,103090,9,12.0
22,AlphaTauri,2022_6,2022,53.803602886855714,325.0,47.73540944479173,104.0,3291.6984713303405,120566,9,13.0
10,AlphaTauri,2022_6,2022,53.70489287946809,325.0,47.92044098425868,104.0,3327.09052679434,118324,9,14.0
24,Alfa Romeo,2022_6,2022,53.6064670114224,323.0,55.958856623288064,104.0,3264.8494629766437,116580,9,15.0
5,Aston Martin,2022_6,2022,21.446269250440416,320.0,71.89748252543048,104.0,1441.483718815707,118068,9,16.0
14,Alpine,2022_6,2022,18.11752003182361,328.0,84.82985736205035,104.0,1480.120077285901,134848,9,17.0
18,Aston Martin,2022_6,2022,21.565948741262716,319.0,85.15394669545945,104.0,1820.0331874751375,141884,9,18.0
23,Williams,2022_6,2022,21.472182758424733,334.0,91.69324316644882,104.0,1281.8380974029665,141540,9,19.0
6,Williams,2022_6,2022,32.240097743933624,326.0,65.89856225492981,104.0,1937.430186963687,112536,9,20.0
16,Ferrari,2022_7,2022,57.59836110352363,290.0,61.310844031685335,104.0,4397.974105435674,151265,9,1.0
55,Ferrari,2022_7,2022,59.056487298552305,291.0,56.65249931712647,104.0,4275.15859054903,145593,9,2.0
11,Red Bull Racing,2022_7,2022,58.83512701447692,291.0,46.69423654739143,104.0,4127.710024583447,140202,9,3.0
1,Red Bull Racing,2022_7,2022,58.79328052444687,289.0,35.09314394974051,104.0,4061.3390876809617,124507,8,4.0
4,McLaren,2022_7,2022,63.60677410543568,289.0,36.465938268232726,104.0,4905.07489756897,123391,8,5.0
63,Mercedes,2022_7,2022,65.13717563507238,287.0,56.57399617590822,104.0,4599.707074569789,148808,9,6.0
14,Alpine,2022_7,2022,50.97437858508604,287.0,64.81688063370663,104.0,3986.731002458345,148632,8,7.0
44,Mercedes,2022_7,2022,69.48396612947282,287.0,51.12127833925157,104.0,4987.511554220158,149079,8,8.0
5,Aston Martin,2022_7,2022,65.88456705818082,289.0,42.899481016115814,104.0,4654.212510243103,131263,9,9.0
31,Alpine,2022_7,2022,51.32149685878176,289.0,38.5209505599563,104.0,3760.920295001366,119753,8,10.0
22,AlphaTauri,2022_7,2022,47.98956569243376,288.0,41.60092870800328,104.0,3566.8458891013383,125760,8,11.0
77,Alfa Romeo,2022_7,2022,40.65949194209232,288.0,50.15154329418192,104.0,3107.793936083038,121362,8,12.0
20,Haas F1 Team,2022_7,2022,48.10390603660202,292.0,68.54771920240371,104.0,3535.495766184102,148090,9,13.0
3,McLaren,2022_7,2022,50.469106801420374,289.0,58.229554766457255,104.0,4313.122917235728,143678,34,14.0
47,Haas F1 Team,2022_7,2022,40.76317945916416,291.0,68.76449057634527,104.0,3260.072548484021,147710,9,15.0
23,Williams,2022_7,2022,33.31029773285987,291.0,80.06451789128653,104.0,2656.6118546845123,98706,8,16.0
10,AlphaTauri,2022_7,2022,25.906200491668944,289.0,61.20753892379131,104.0,2014.9444960393337,121345,8,17.0
18,Aston Martin,2022_7,2022,29.028462168806335,288.0,62.07380497131931,104.0,2238.9519803332423,128963,9,18.0
6,Williams,2022_7,2022,30.661403987981423,293.0,80.00497131931166,104.0,2323.7111718109804,147992,9,19.0
24,Alfa Romeo,2022_7,2022,23.71548757170172,286.0,65.07030865883638,104.0,1772.067358645179,121171,8,20.0
16,Ferrari,2022_8,2022,63.70831092541265,338.0,76.06908534315146,104.0,3724.2994663467503,199038,9,1.0
11,Red Bull Racing,2022_8,2022,60.02895792826707,343.0,65.22632689364167,104.0,3549.0891490505937,194248,9,2.0
1,Red Bull Racing,2022_8,2022,63.3866297108344,343.0,55.10615149133331,104.0,3906.646796012079,197582,9,3.0
55,Ferrari,2022_8,2022,63.64658916973483,335.0,72.05609564390022,104.0,4310.985603772804,196544,9,4.0
63,Mercedes,2022_8,2022,77.14843006660324,334.0,66.36247052496587,104.0,4468.35874736276,199137,9,5.0
10,AlphaTauri,2022_8,2022,76.93596161006082,337.0,33.97542712944194,104.0,4767.95259173458,148596,9,6.0
44,Mercedes,2022_8,2022,74.20084391676664,334.0,65.16915566954867,104.0,4279.844537293675,198615,9,7.0
22,AlphaTauri,2022_8,2022,73.34521987341249,339.0,56.85868531005667,104.0,4598.055351011459,195990,9,8.0
5,Aston Martin,2022_8,2022,60.270011996856,341.0,70.15165680718157,104.0,3816.3090224630782,197630,44,9.0
14,Alpine,2022_8,2022,66.95031646878749,345.0,56.651181069788606,104.0,4358.880569230133,185091,71,10.0
4,McLaren,2022_8,2022,53.42985976089025,334.0,59.647044222893314,104.0,3608.175278202954,184647,38,11.0
3,McLaren,2022_8,2022,56.77983700823233,345.0,68.49315351838828,104.0,3997.017829810118,196683,9,12.0
31,Alpine,2022_8,2022,43.493939519298394,343.0,78.2610350390932,104.0,3007.5429611550076,196689,9,13.0
24,Alfa Romeo,2022_8,2022,43.565051917428534,336.0,48.29144086377363,104.0,2548.4154221652257,140185,9,14.0
77,Alfa Romeo,2022_8,2022,43.634592313738466,336.0,50.46030695403963,104.0,2589.9141190584537,140351,9,15.0
20,Haas F1 Team,2022_8,2022,29.858230256898192,340.0,80.81524841765606,104.0,2019.227236999959,165372,9,16.0
23,Williams,2022_8,2022,30.226988789144915,336.0,79.18955032474248,104.0,2043.5422578910352,194753,9,17.0
6,Williams,2022_8,2022,26.624332933438133,337.0,79.55801927770653,104.0,1831.5588880155549,194269,9,18.0
18,Aston Martin,2022_8,2022,20.25288545070947,332.0,50.59913953584578,104.0,1483.689488272039,194259,40,19.0
47,Haas F1 Team,2022_8,2022,29.92139990898937,345.0,78.33111322549952,104.0,2410.9700492284783,194639,9,20.0
1,Red Bull Racing,2022_9,2022,86.04143414489604,307.0,47.13516716874907,104.0,5380.618598449306,181747,9,1.0
14,Alpine,2022_9,2022,83.05328658205343,304.0,49.33290532865821,104.0,5154.6693663884635,150489,9,2.0
55,Ferrari,2022_9,2022,83.93609560965973,307.0,57.07876932194183,104.0,5146.9813324114775,169650,75,3.0
44,Mercedes,2022_9,2022,88.92750259272063,307.0,54.35680774359228,104.0,5378.863203121142,175094,9,4.0
20,Haas F1 Team,2022_9,2022,88.84838757469505,306.0,56.26544520717072,104.0,5701.481949725912,181923,9,5.0
47,Haas F1 Team,2022_9,2022,88.8830065682256,306.0,59.69499728381648,104.0,5606.887154921231,179083,9,6.0
31,Alpine,2022_9,2022,85.6051163020396,305.0,60.24223418440417,104.0,5228.348264111808,172629,9,7.0
63,Mercedes,2022_9,2022,86.03866857622599,298.0,60.33418934268359,104.0,5344.520815842758,182065,9,8.0
3,McLaren,2022_9,2022,85.6314879747148,300.0,50.110919057731245,104.0,5467.285298039409,160353,9,9.0
24,Alfa Romeo,2022_9,2022,88.83090522988789,301.0,46.432070719541706,104.0,5387.9799990122965,158814,9,10.0
77,Alfa Romeo,2022_9,2022,59.96938120401008,299.0,56.0991653908835,104.0,3704.385599288854,158823,9,11.0
23,Williams,2022_9,2022,59.8755494098474,311.0,68.61810459775792,104.0,3811.5228406341057,182320,66,12.0
11,Red Bull Racing,2022_9,2022,37.73895007160847,304.0,69.32159612820386,104.0,2572.292656427478,178430,112,13.0
4,McLaren,2022_9,2022,42.615536569707146,297.0,65.63795742999655,104.0,3056.427774211072,157905,9,14.0
16,Ferrari,2022_9,2022,28.482986814163663,302.0,80.87105536075856,104.0,1979.285890661267,168592,9,15.0
10,AlphaTauri,2022_9,2022,31.544817028001383,298.0,71.99565410637562,104.0,2073.2693466344017,154382,9,16.0
5,Aston Martin,2022_9,2022,34.200602498888834,298.0,67.23887599387623,104.0,2528.833720183713,152856,9,17.0
18,Aston Martin,2022_9,2022,31.5420020741765,297.0,85.37083312756185,104.0,2344.473949330831,182241,9,18.0
6,Williams,2022_9,2022,31.284902958170775,308.0,87.09531334880735,104.0,1958.7672477653216,182255,9,19.0
22,AlphaTauri,2022_9,2022,11.401402538396958,297.0,79.22722109733814,104.0,779.3619437996938,156544,9,20.0
55,Ferrari,2022_10,2022,110.19450198757067,300.0,58.79827557247634,104.0,6159.479368456414,151611,9,1.0
1,Red Bull Racing,2022_10,2022,101.0225071384581,301.0,62.04786966015341,104.0,5506.167291864957,157641,9,2.0
16,Ferrari,2022_10,2022,110.00442304462236,298.0,61.46055651979172,104.0,6176.618554392251,153387,9,3.0
11,Red Bull Racing,2022_10,2022,113.62712054196294,300.0,40.53608420581155,104.0,6340.907899893623,147551,9,4.0
44,Mercedes,2022_10,2022,100.83326801410897,301.0,52.82789317507418,104.0,5190.213929791165,131466,9,5.0
4,McLaren,2022_10,2022,114.12390123733272,295.0,48.97004646996249,104.0,6340.4386092604,130095,8,6.0
14,Alpine,2022_10,2022,100.67174290353285,297.0,43.80796148032025,104.0,5574.8484407368005,118485,9,7.0
63,Mercedes,2022_10,2022,100.80975309333184,299.0,52.35401153350876,104.0,5401.3213705839535,129816,9,8.0
24,Alfa Romeo,2022_10,2022,123.48860646100442,298.0,44.33240020155647,104.0,6625.796036056212,134498,9,9.0
6,Williams,2022_10,2022,105.08482167851744,303.0,60.62600078383069,104.0,5827.7509098034825,157751,9,10.0
10,AlphaTauri,2022_10,2022,83.14842394042887,294.0,57.66177705615587,104.0,4578.498236380941,134845,9,11.0
77,Alfa Romeo,2022_10,2022,87.96472761883433,298.0,56.84524942612396,104.0,4759.007502379486,134403,8,12.0
22,AlphaTauri,2022_10,2022,83.4447679301271,297.0,55.61620290017356,104.0,4751.509489950171,134825,9,13.0
3,McLaren,2022_10,2022,78.8546553944348,297.0,57.74715861373943,104.0,4402.8573428139525,131751,8,14.0
31,Alpine,2022_10,2022,74.41750181960697,297.0,65.37237556687755,104.0,3839.9512905212473,136182,9,15.0
23,Williams,2022_10,2022,48.602261911427135,304.0,82.12748446335591,104.0,2702.080286658082,107673,9,16.0
20,Haas F1 Team,2022_10,2022,48.59895862493701,298.0,73.84049045406192,104.0,2807.900005598791,145691,9,17.0
5,Aston Martin,2022_10,2022,39.74973405744359,298.0,64.00363921392979,104.0,2514.2186327753207,134539,9,18.0
47,Haas F1 Team,2022_10,2022,48.71910867252674,295.0,72.54123509321987,104.0,3439.680644980684,142771,9,19.0
18,Aston Martin,2022_10,2022,44.176193942108505,295.0,64.07597558927272,104.0,2903.320642741168,133818,9,20.0
1,Red Bull Racing,2022_11,2022,49.084862493513846,323.0,45.896032831737344,104.0,2777.412425114392,173474,9,1.0
16,Ferrari,2022_11,2022,68.09840086796547,321.0,75.42638803717156,104.0,3991.794471437332,176856,9,2.0
55,Ferrari,2022_11,2022,67.92872305297419,320.0,72.33270437284777,104.0,4000.9477333836503,176367,9,3.0
63,Mercedes,2022_11,2022,65.72555309212699,320.0,62.64399264116232,104.0,3520.6180951931697,153351,9,4.0
31,Alpine,2022_11,2022,73.50978819755649,320.0,55.830510873154395,104.0,4098.8703240718905,152153,9,5.0
20,Haas F1 Team,2022_11,2022,59.84055851691117,322.0,59.906552195858296,104.0,3516.239162224633,149353,9,6.0
47,Haas F1 Team,2022_11,2022,60.00707580546252,323.0,72.50738242369923,104.0,3795.7953205339873,175122,9,7.0
14,Alpine,2022_11,2022,59.88494740317939,321.0,61.65295532808151,104.0,3414.9627340912307,151464,9,8.0
44,Mercedes,2022_11,2022,54.114863908674934,322.0,82.7219208453229,104.0,2902.3794046889,181038,9,9.0
10,AlphaTauri,2022_11,2022,54.693570451436386,320.0,63.29817444219067,104.0,3201.0629746686163,161315,9,10.0
23,Williams,2022_11,2022,40.72555309212699,324.0,74.27336195103543,104.0,2394.01448181518,150540,9,11.0
77,Alfa Romeo,2022_11,2022,38.50228784376622,319.0,67.90254257276287,104.0,2071.705410632577,142542,9,12.0
11,Red Bull Racing,2022_11,2022,65.28128685315345,325.0,46.190244822869005,104.0,3764.179489598566,176345,9,13.0
22,AlphaTauri,2022_11,2022,52.05670078777301,320.0,64.35695079956602,104.0,3051.666588046606,158338,9,14.0
4,McLaren,2022_11,2022,51.675645077598,321.0,67.43605830463702,104.0,3283.8062172744,154863,9,15.0
3,McLaren,2022_11,2022,27.128543799235818,321.0,77.87886221048163,104.0,2482.238124439832,152218,9,16.0
18,Aston Martin,2022_11,2022,32.53375159205623,317.0,75.34270484456815,104.0,2382.8404641728384,157661,9,17.0
24,Alfa Romeo,2022_11,2022,24.650596726260673,319.0,76.84758715033728,104.0,1293.4439360347187,151516,9,18.0
6,Williams,2022_11,2022,24.489315533751594,323.0,91.35841313269492,104.0,1454.470352375112,171496,9,19.0
5,Aston Martin,2022_11,2022,32.57696117741403,320.0,74.15863955846974,104.0,2199.6466814472383,156192,9,20.0
16,Ferrari,2022_12,2022,81.26472772277228,334.0,63.05173267326733,104.0,5150.679146039604,131686,9,1.0
1,Red Bull Racing,2022_12,2022,67.05606435643564,339.0,36.44956683168317,104.0,3954.1808168316834,118470,9,2.0
11,Red Bull Racing,2022_12,2022,95.7210396039604,340.0,30.15940594059406,104.0,5551.101608910891,121690,9,3.0
44,Mercedes,2022_12,2022,91.03799504950496,330.0,60.50940594059406,104.0,5011.270297029703,130472,9,4.0
4,McLaren,2022_12,2022,66.60346534653465,330.0,55.8042698019802,104.0,4001.507178217822,111166,9,5.0
63,Mercedes,2022_12,2022,94.99993811881188,333.0,42.18576732673267,104.0,5284.111200495049,111548,9,6.0
14,Alpine,2022_12,2022,81.05241336633664,332.0,55.03316831683168,104.0,4865.3405321782175,123098,9,7.0
22,AlphaTauri,2022_12,2022,95.3184405940594,336.0,32.271225247524754,104.0,5682.819306930693,120512,9,8.0
55,Ferrari,2022_12,2022,47.86089108910891,332.0,62.60216584158416,104.0,3147.113304455446,114884,9,9.0
20,Haas F1 Team,2022_12,2022,42.97295792079208,334.0,83.14504950495049,104.0,3096.367141089109,130544,9,10.0
3,McLaren,2022_12,2022,56.77363861386139,331.0,56.44894801980198,104.0,3449.4949876237624,110060,9,11.0
31,Alpine,2022_12,2022,56.901299504950494,332.0,54.91943069306931,104.0,3328.8092202970297,106798,9,12.0
77,Alfa Romeo,2022_12,2022,61.79430693069307,330.0,55.8259900990099,104.0,3612.683663366337,114930,9,13.0
5,Aston Martin,2022_12,2022,72.00198019801981,329.0,57.66355198019802,104.0,4036.566707920792,116794,9,14.0
23,Williams,2022_12,2022,51.910148514851485,333.0,51.22116336633663,104.0,3031.6996287128713,106454,9,15.0
10,AlphaTauri,2022_12,2022,33.412623762376235,333.0,72.43490099009901,104.0,2089.7322400990097,116720,9,16.0
18,Aston Martin,2022_12,2022,42.85154702970297,329.0,63.48131188118812,104.0,2886.530693069307,116366,9,17.0
24,Alfa Romeo,2022_12,2022,38.29424504950495,331.0,67.99554455445545,104.0,2155.078650990099,118866,9,18.0
47,Haas F1 Team,2022_12,2022,42.90136138613861,336.0,72.45024752475247,104.0,2525.2988242574256,117074,9,19.0
6,Williams,2022_12,2022,28.660272277227723,334.0,87.02258663366337,104.0,1787.4055693069306,97552,9,20.0
63,Mercedes,2022_13,2022,75.62979477505287,314.0,66.33430515063168,104.0,4585.896873034928,142728,9,1.0
55,Ferrari,2022_13,2022,72.56982793117247,311.0,57.655119190533355,104.0,4736.651746412851,133404,9,2.0
16,Ferrari,2022_13,2022,72.58063225290115,312.0,60.98942434116504,104.0,4862.342479849082,135184,9,3.0
4,McLaren,2022_13,2022,62.53061224489796,312.0,55.09409478076945,104.0,4187.355113473961,123282,9,4.0
31,Alpine,2022_13,2022,65.80689418624593,311.0,63.83650603098382,104.0,4218.763105242097,141270,9,5.0
14,Alpine,2022_13,2022,56.299376893614586,311.0,77.59109358028925,104.0,3744.8975590236096,145776,9,6.0
44,Mercedes,2022_13,2022,69.11673240724862,312.0,71.93717486994798,104.0,4132.167667066827,145832,9,7.0
77,Alfa Romeo,2022_13,2022,66.2002515291831,310.0,40.63899845652547,104.0,4033.111644657863,116066,9,8.0
3,McLaren,2022_13,2022,63.14114217115418,312.0,46.95741153604299,104.0,4067.027725375865,112150,9,9.0
1,Red Bull Racing,2022_13,2022,69.0964957411536,313.0,46.01692105413594,104.0,4425.417252615332,143117,9,10.0
11,Red Bull Racing,2022_13,2022,52.44171954496084,314.0,64.58474818498829,104.0,3240.7792831418283,141544,9,11.0
24,Alfa Romeo,2022_13,2022,53.16492311210198,310.0,47.89418624592694,104.0,3248.5181501171896,115930,9,12.0
20,Haas F1 Team,2022_13,2022,59.52872577602469,313.0,78.91242211170183,104.0,3605.4452066540903,125524,9,13.0
18,Aston Martin,2022_13,2022,52.82993197278912,310.0,66.63699765620534,104.0,3451.651746412851,129502,9,14.0
47,Haas F1 Team,2022_13,2022,52.87206311095867,314.0,77.12147716229349,104.0,3421.151946492883,142050,9,15.0
22,AlphaTauri,2022_13,2022,29.64825930372149,315.0,64.03847253186989,104.0,1881.2950894643573,117026,9,16.0
23,Williams,2022_13,2022,33.038815526210485,321.0,85.63168124392614,104.0,2302.212427828274,83488,9,17.0
5,Aston Martin,2022_13,2022,34.39621562910879,312.0,74.12868004344595,104.0,2653.4182244326303,140210,9,18.0
10,AlphaTauri,2022_13,2022,29.83010346995941,313.0,65.91951066140741,104.0,1949.5059166523752,117158,9,19.0
6,Williams,2022_13,2022,33.08843537414966,321.0,85.91179328874406,104.0,2129.366375121477,127240,9,20.0
1,Red Bull Racing,2022_14,2022,35.68960121791348,340.0,79.40148856091682,104.0,1912.6640165771555,193130,9,1.0
55,Ferrari,2022_14,2022,55.77663128515245,344.0,48.23275679790248,104.0,3140.8339324227177,132628,9,2.0
11,Red Bull Racing,2022_14,2022,47.6580115870935,343.0,64.1694083816129,104.0,2663.1181545227723,185828,9,3.0
16,Ferrari,2022_14,2022,55.52010825897577,334.0,79.06681608660718,104.0,3216.270478284772,192699,9,4.0
31,Alpine,2022_14,2022,59.3147122256523,335.0,77.33556053622024,104.0,3508.456632976699,195992,9,5.0
14,Alpine,2022_14,2022,63.4709688332558,336.0,76.90768384995982,104.0,3840.258341438661,192235,9,6.0
44,Mercedes,2022_14,2022,79.77117604770162,333.0,72.14686852454857,104.0,4169.551613312471,184760,9,7.0
63,Mercedes,2022_14,2022,80.06453249883707,334.0,68.64519812238339,104.0,4359.71552416797,184862,9,8.0
23,Williams,2022_14,2022,71.41489406690066,338.0,75.21749059077261,104.0,3897.654586205438,191036,9,9.0
4,McLaren,2022_14,2022,55.38825220958261,334.0,78.21161246669767,104.0,3605.221169704402,196041,9,10.0
3,McLaren,2022_14,2022,35.921935129191866,336.0,87.68714847549371,104.0,2508.176978052184,190574,9,11.0
10,AlphaTauri,2022_14,2022,47.531441620501546,336.0,37.68072059880746,104.0,2535.901932591872,113480,9,12.0
24,Alfa Romeo,2022_14,2022,47.6426185139764,337.0,45.11823910009726,104.0,2449.1741870004653,112604,9,13.0
18,Aston Martin,2022_14,2022,47.39806317926164,329.0,85.58920793335307,104.0,2943.6602951748637,196830,9,14.0
47,Haas F1 Team,2022_14,2022,51.546369518332135,336.0,80.62743688417136,104.0,3286.2162642195626,190502,9,15.0
5,Aston Martin,2022_14,2022,23.824713494312174,328.0,88.61716073920581,104.0,1703.7304943544636,195686,9,16.0
6,Williams,2022_14,2022,27.744026726434644,333.0,88.63039709054003,104.0,1692.9542436672727,175581,9,17.0
20,Haas F1 Team,2022_14,2022,23.823783143739163,332.0,92.6298473379287,104.0,2162.0641519008755,190094,9,18.0
22,AlphaTauri,2022_14,2022,23.793462172791475,335.0,49.69171565103396,104.0,1313.7287182306425,114578,9,19.0
77,Alfa Romeo,2022_14,2022,19.873726054044912,336.0,51.481752442170254,104.0,1040.6654121030151,111372,9,20.0
1,Red Bull Racing,2022_15,2022,35.8477605626355,327.0,46.873671408175134,104.0,2060.470202527629,126690,9,1.0
16,Ferrari,2022_15,2022,54.15832055417482,323.0,73.93781397070488,104.0,3305.0508698641,148248,9,2.0
55,Ferrari,2022_15,2022,54.25059489186188,326.0,55.83649727671725,104.0,3452.888689122733,132696,9,3.0
44,Mercedes,2022_15,2022,54.38004336100682,320.0,70.21495425942572,104.0,3250.5531172333563,148664,9,4.0
11,Red Bull Racing,2022_15,2022,56.676960499180375,330.0,39.84717889059278,104.0,3398.009782666173,154118,9,5.0
63,Mercedes,2022_15,2022,54.10739781079795,326.0,73.85394743799905,104.0,3249.946591930622,153918,9,6.0
4,McLaren,2022_15,2022,54.01908941885675,323.0,51.783565120829145,104.0,3291.546613082333,118188,9,7.0
47,Haas F1 Team,2022_15,2022,63.19723970176088,325.0,70.14108190999947,104.0,4084.236793400666,154338,9,8.0
22,AlphaTauri,2022_15,2022,63.16683411770927,324.0,38.839299878377666,104.0,3762.6636878007503,130008,9,9.0
18,Aston Martin,2022_15,2022,42.321929036010786,321.0,76.24213420760404,104.0,2752.313732748136,143896,9,10.0
10,AlphaTauri,2022_15,2022,45.3325577706097,325.0,52.78139707048808,104.0,2770.8711860821745,127762,9,11.0
31,Alpine,2022_15,2022,36.24684046322246,323.0,80.52228861509174,104.0,2529.1538786949395,152739,9,12.0
14,Alpine,2022_15,2022,33.31727565966897,327.0,56.08190999947121,104.0,2111.6678652636033,113643,9,13.0
24,Alfa Romeo,2022_15,2022,45.345618951932735,322.0,58.38882132092433,104.0,2625.562952778806,125242,9,14.0
23,Williams,2022_15,2022,47.86256676008672,323.0,78.51377505155729,104.0,2960.4829993125695,154500,9,15.0
77,Alfa Romeo,2022_15,2022,27.13299138067791,319.0,69.24874411718048,104.0,1610.822219872032,124428,9,16.0
3,McLaren,2022_15,2022,23.80445243509069,320.0,68.6803447728835,104.0,1496.046004970652,118664,9,17.0
20,Haas F1 Team,2022_15,2022,27.13288562212469,323.0,91.24900851356354,104.0,1879.06726243985,87983,9,18.0
5,Aston Martin,2022_15,2022,24.01269102638676,319.0,67.77626778065677,104.0,1625.2468404632225,119912,9,19.0
6,Williams,2022_15,2022,14.977261911057056,324.0,74.2649780551002,104.0,1359.835439691185,124170,9,20.0
16,Ferrari,2022_16,2022,57.52839520209198,346.0,75.13683133420498,104.0,3174.563015178216,133536,9,1.0
1,Red Bull Racing,2022_16,2022,66.36029787959752,343.0,68.6789267238929,104.0,3414.913080552555,142024,9,2.0
55,Ferrari,2022_16,2022,53.009152407481096,347.0,62.63811039736229,104.0,3071.0216019555455,122058,9,3.0
11,Red Bull Racing,2022_16,2022,66.6532317662441,344.0,66.68546415780797,104.0,3329.4418736854072,142002,9,4.0
44,Mercedes,2022_16,2022,75.88761298391223,341.0,74.75851287590245,104.0,3884.518390085839,140170,9,5.0
63,Mercedes,2022_16,2022,75.83406287306009,341.0,74.10096071854926,104.0,3860.981013018021,139554,9,6.0
4,McLaren,2022_16,2022,84.21510999943153,342.0,50.077823887215054,104.0,4294.116764254448,109668,9,7.0
3,McLaren,2022_16,2022,88.48013188562334,341.0,48.86339605480075,104.0,4550.17901199477,109926,9,8.0
10,AlphaTauri,2022_16,2022,80.15456767665283,345.0,38.05775680745836,104.0,4363.627764197601,105140,9,9.0
14,Alpine,2022_16,2022,75.6890455346484,344.0,42.71360354726849,104.0,3975.6835881985103,103802,9,10.0
31,Alpine,2022_16,2022,53.565971235290775,343.0,80.95349894832584,104.0,2738.0021601955546,141992,9,11.0
77,Alfa Romeo,2022_16,2022,53.28639645273151,345.0,50.58899437212211,104.0,2745.192314251606,102846,9,12.0
45,Williams,2022_16,2022,57.56193508043886,346.0,82.45779091580923,104.0,2924.828434995168,142048,9,13.0
24,Alfa Romeo,2022_16,2022,53.58774373259053,347.0,50.73025979193906,104.0,2722.1909499175713,102974,9,14.0
22,AlphaTauri,2022_16,2022,26.875333977602185,344.0,53.99579330339378,104.0,1673.4832584844523,118608,9,15.0
6,Williams,2022_16,2022,31.03848558922176,347.0,90.61468932977093,104.0,1733.744869535558,139735,9,16.0
5,Aston Martin,2022_16,2022,30.899721448467968,334.0,62.64095275993406,104.0,1997.4147575464729,90390,9,17.0
18,Aston Martin,2022_16,2022,40.013472798590186,339.0,67.65078733443238,104.0,2223.734409641294,116056,9,18.0
20,Haas F1 Team,2022_16,2022,44.3753624012279,340.0,84.80410437155363,104.0,2883.3228355409015,138692,9,19.0
47,Haas F1 Team,2022_16,2022,39.83025410721392,341.0,84.16138934682508,104.0,2483.804559149565,139740,9,20.0
16,Ferrari,2022_17,2022,77.3513544602289,294.0,54.018289526657846,104.0,5379.589060792546,148779,9,1.0
11,Red Bull Racing,2022_17,2022,73.65629493299592,296.0,53.03611893943751,104.0,4857.098119284523,156497,9,2.0
44,Mercedes,2022_17,2022,89.19922930925404,294.0,45.58888824984184,104.0,5762.406223040202,136098,9,3.0
55,Ferrari,2022_17,2022,85.3381261862311,294.0,45.529188474147354,104.0,5770.57537240467,139653,9,4.0
14,Alpine,2022_17,2022,88.99919480071317,293.0,39.33732098694427,104.0,5967.159602001495,126157,9,5.0
4,McLaren,2022_17,2022,92.8853741300972,291.0,37.70161614999712,104.0,6593.268188876747,133765,8,6.0
10,AlphaTauri,2022_17,2022,93.04647150169669,292.0,37.916834416518086,104.0,6543.270949560016,134637,50,7.0
1,Red Bull Racing,2022_17,2022,77.14487835739345,295.0,50.80243860355438,104.0,5316.571691493645,156521,9,8.0
20,Haas F1 Team,2022_17,2022,89.32092943003393,292.0,35.91591418876172,104.0,5930.598953240927,130833,8,9.0
22,AlphaTauri,2022_17,2022,89.20578593201817,296.0,35.70690745959625,104.0,6214.722436302985,136264,9,10.0
63,Mercedes,2022_17,2022,66.2641053660781,293.0,60.19106228791626,104.0,4602.060965088859,152104,9,11.0
18,Aston Martin,2022_17,2022,58.211594869730256,293.0,49.08753666532467,104.0,3834.33461781791,127657,82,12.0
47,Haas F1 Team,2022_17,2022,62.01558635762351,291.0,57.709783171334905,104.0,4525.410076493932,149535,75,13.0
5,Aston Martin,2022_17,2022,58.19250014378559,292.0,52.79588198079025,104.0,3770.155115891183,126108,9,14.0
24,Alfa Romeo,2022_17,2022,54.22160234658078,288.0,50.25892908494853,104.0,3598.5035371254385,121311,8,15.0
77,Alfa Romeo,2022_17,2022,27.11255535745097,290.0,66.38638062920573,104.0,1749.996951745557,120897,9,16.0
3,McLaren,2022_17,2022,35.074423419796396,290.0,67.87686202335078,104.0,3038.164548225686,133729,8,17.0
31,Alpine,2022_17,2022,34.9764766779778,291.0,85.65060102375338,104.0,2442.6503134525797,156487,9,18.0
23,Williams,2022_17,2022,27.643814344050153,297.0,69.80502674411917,104.0,2008.190659688273,140622,9,19.0
6,Williams,2022_17,2022,31.411111750158163,297.0,73.05935469028584,104.0,2293.274803013746,139941,9,20.0
1,Red Bull Racing,2022_18,2022,54.74396191360892,331.0,50.40124245239201,104.0,3060.880747793776,114904,9,1.0
16,Ferrari,2022_18,2022,54.8111936832327,328.0,55.149326521133304,104.0,3355.894333488156,108992,9,2.0
55,Ferrari,2022_18,2022,54.84266140269391,329.0,68.36803297724106,104.0,3490.3725034835115,128192,9,3.0
11,Red Bull Racing,2022_18,2022,68.19989549465862,331.0,56.32083139804923,104.0,3836.118323269856,138804,9,4.0
31,Alpine,2022_18,2022,81.12343241987924,326.0,43.605434277751975,104.0,4419.039886205295,104134,9,5.0
44,Mercedes,2022_18,2022,90.3446353924756,322.0,71.04766604737576,104.0,4792.6265675801205,139594,9,6.0
14,Alpine,2022_18,2022,68.03309335810496,328.0,73.1697050627032,104.0,3979.993032977241,138790,9,7.0
63,Mercedes,2022_18,2022,85.91227357176034,322.0,68.1632025081282,104.0,4692.874477473293,139158,9,8.0
5,Aston Martin,2022_18,2022,68.04040873200186,319.0,81.30440083604273,104.0,3590.3045750116116,142776,9,9.0
4,McLaren,2022_18,2022,81.37000696702276,323.0,66.72544124477473,104.0,4902.025661867162,139450,34,10.0
3,McLaren,2022_18,2022,49.70001161170459,325.0,81.06177426846261,104.0,3415.131328379006,138798,9,11.0
77,Alfa Romeo,2022_18,2022,54.15728053878309,326.0,53.204366000928935,104.0,2970.339642359498,106152,9,12.0
22,AlphaTauri,2022_18,2022,67.7914537854157,328.0,51.02072689270785,104.0,3870.315780306549,120092,9,13.0
24,Alfa Romeo,2022_18,2022,54.262076172782166,324.0,48.58104969809568,104.0,2959.1491523455643,106232,9,14.0
47,Haas F1 Team,2022_18,2022,54.12918021365537,325.0,83.59550627032048,104.0,3398.177775197399,138766,9,15.0
23,Williams,2022_18,2022,26.89526242452392,332.0,89.35073153738969,104.0,1577.6660473757547,116403,9,16.0
10,AlphaTauri,2022_18,2022,40.52148165350673,327.0,69.71255225267069,104.0,2242.434219693451,118192,9,17.0
20,Haas F1 Team,2022_18,2022,26.944379934974453,325.0,92.98240826753369,104.0,2157.7079075708316,138450,9,18.0
18,Aston Martin,2022_18,2022,27.330294937296795,320.0,72.19728286112401,104.0,1511.5971319089642,105933,9,19.0
6,Williams,2022_18,2022,35.86855550394798,331.0,86.31856711565258,104.0,2186.467719461217,73805,9,20.0
55,Ferrari,2022_19,2022,53.946205571565805,323.0,58.9082895406001,104.0,3422.5968808272587,122472,9,1.0
16,Ferrari,2022_19,2022,54.167825055094085,321.0,66.72289088546081,104.0,3756.824377013053,133942,9,2.0
1,Red Bull Racing,2022_19,2022,58.04000678081031,327.0,42.71085494716618,104.0,3541.7284285472115,136296,9,3.0
11,Red Bull Racing,2022_19,2022,49.93942476125897,324.0,41.567045261908795,104.0,3062.3341809346216,119582,9,4.0
44,Mercedes,2022_19,2022,75.31078713906312,320.0,65.79866644063965,104.0,4440.955755212748,144050,9,5.0
63,Mercedes,2022_19,2022,78.72955868226254,320.0,56.88930327174097,104.0,4624.280386506188,129560,9,6.0
18,Aston Martin,2022_19,2022,61.966434988981185,317.0,52.964683279651915,104.0,3517.566028140363,110796,9,7.0
4,McLaren,2022_19,2022,74.25998756851443,320.0,66.7276374526756,104.0,4877.445725264169,145334,9,8.0
14,Alpine,2022_19,2022,70.36011753404532,321.0,42.95745041532463,104.0,4224.046166016839,110098,9,9.0
77,Alfa Romeo,2022_19,2022,74.19709555291857,319.0,28.52760354862406,104.0,4272.219867774199,109008,9,10.0
23,Williams,2022_19,2022,62.49064813245183,326.0,70.53167203480815,104.0,3899.1126744645985,143770,9,11.0
5,Aston Martin,2022_19,2022,49.839520822738315,316.0,57.17760072328643,104.0,2766.274227270159,109472,9,12.0
10,AlphaTauri,2022_19,2022,45.557156580211334,320.0,49.23184720574108,104.0,2923.7930722721367,112828,9,13.0
24,Alfa Romeo,2022_19,2022,61.680115273775215,324.0,51.473187545911735,104.0,3629.7582641125614,118194,9,14.0
22,AlphaTauri,2022_19,2022,49.679324179239416,321.0,44.6962762050065,104.0,3095.177826750297,115742,9,15.0
20,Haas F1 Team,2022_19,2022,33.107023789342826,322.0,82.30863988246595,104.0,2101.5989715771034,139856,9,16.0
3,McLaren,2022_19,2022,24.900096061479346,315.0,83.75300898457365,104.0,2719.754873707408,140684,34,17.0
31,Alpine,2022_19,2022,25.050743063796123,320.0,89.58851782788044,104.0,1808.660281403628,142646,9,18.0
47,Haas F1 Team,2022_19,2022,33.262643385884616,319.0,78.61818387297282,104.0,2356.8146578516134,138618,9,19.0
6,Williams,2022_19,2022,32.792789738373735,325.0,85.95694185455162,104.0,2045.610272927615,132656,9,20.0
1,Red Bull Racing,2022_20,2022,52.36620610247553,350.0,58.38105929763961,104.0,3081.857512953368,140788,9,1.0
63,Mercedes,2022_20,2022,58.76609096142775,346.0,70.90472078295913,104.0,3604.404778353483,142192,9,2.0
44,Mercedes,2022_20,2022,62.499884858952214,349.0,69.23534830166955,104.0,3741.433045480714,142156,9,3.0
11,Red Bull Racing,2022_20,2022,0.0,0.0,97.86896948762234,104.0,102.56868163500287,156330,1,4.0
55,Ferrari,2022_20,2022,55.9831894070236,348.0,52.12642487046632,104.0,3523.6747841105353,117996,9,5.0
77,Alfa Romeo,2022_20,2022,59.064075993091535,348.0,26.800518134715027,104.0,3527.2241220495107,102334,9,6.0
16,Ferrari,2022_20,2022,58.8937248128958,346.0,66.10662061024755,104.0,3852.3603914795626,141544,9,7.0
4,McLaren,2022_20,2022,62.27576280944157,347.0,43.36954519286125,104.0,4071.332412204951,109276,9,8.0
14,Alpine,2022_20,2022,49.10374208405297,347.0,77.22366148531951,104.0,3245.7233736327003,141772,9,9.0
31,Alpine,2022_20,2022,58.77466896948762,346.0,45.021013241220494,104.0,3606.0896948762233,103198,9,10.0
3,McLaren,2022_20,2022,45.62061024755325,347.0,53.06649395509499,104.0,3269.396833621186,109900,9,11.0
24,Alfa Romeo,2022_20,2022,39.464075993091534,350.0,47.522682786413355,104.0,2342.14807138745,102072,9,12.0
22,AlphaTauri,2022_20,2022,42.742890040299365,348.0,44.999769717904435,104.0,2735.1092688543467,115504,9,13.0
10,AlphaTauri,2022_20,2022,48.88434081750144,349.0,50.81214738054116,104.0,3025.2472078295914,111822,9,14.0
20,Haas F1 Team,2022_20,2022,56.78618307426598,352.0,76.81496833621186,104.0,3389.278295912493,141016,9,15.0
47,Haas F1 Team,2022_20,2022,36.17691421991941,352.0,68.12216465169833,104.0,2773.7806563039726,117852,9,16.0
5,Aston Martin,2022_20,2022,32.75797351755901,345.0,61.886701208981,104.0,2123.9776050662063,110622,9,17.0
18,Aston Martin,2022_20,2022,33.67864133563616,344.0,60.14559585492228,104.0,2463.8720207253887,111600,9,18.0
23,Williams,2022_20,2022,32.70621761658031,351.0,81.22343120322395,104.0,2455.7529073114565,121159,9,19.0
6,Williams,2022_20,2022,32.710592976396086,349.0,82.99326424870466,104.0,2512.2178468624065,132797,9,20.0
20,Haas F1 Team,2022_21,2022,81.65578993627774,334.0,53.06157987255549,104.0,4805.979070533948,134843,9,1.0
1,Red Bull Racing,2022_21,2022,72.15491100856954,332.0,59.00269171610635,104.0,4292.69045264777,156426,9,2.0
63,Mercedes,2022_21,2022,72.8661283234454,324.0,55.805537244561634,104.0,4090.490936058009,128176,9,3.0
4,McLaren,2022_21,2022,77.94204570424083,328.0,51.42369808833224,104.0,4551.45918479455,130974,9,4.0
55,Ferrari,2022_21,2022,75.47418149857174,324.0,53.09739617666447,104.0,4343.685948143265,132668,9,5.0
31,Alpine,2022_21,2022,68.51598549769281,328.0,51.16567787299495,104.0,3939.6445836079984,124481,9,6.0
14,Alpine,2022_21,2022,65.49527576356844,331.0,52.89793451988574,104.0,3837.1303559657217,123483,9,7.0
44,Mercedes,2022_21,2022,78.0123599208965,328.0,49.43375082399473,104.0,4360.564985717425,128459,9,8.0
11,Red Bull Racing,2022_21,2022,81.46368929905515,335.0,39.128213579433094,104.0,4833.619808833223,137824,9,9.0
16,Ferrari,2022_21,2022,78.52944407822457,327.0,50.39238628872775,104.0,4801.499121072292,138328,9,10.0
23,Williams,2022_21,2022,65.73461876510657,332.0,74.18397055592177,104.0,4083.149362777411,152237,9,11.0
10,AlphaTauri,2022_21,2022,75.05355965721819,330.0,57.23994726433751,104.0,4334.643649747309,130143,9,12.0
5,Aston Martin,2022_21,2022,72.31537024829707,324.0,57.47994946165678,104.0,4019.800373544276,124398,9,13.0
3,McLaren,2022_21,2022,66.24181498571743,326.0,58.190013183915624,104.0,3862.7970775653703,127080,9,14.0
18,Aston Martin,2022_21,2022,75.44358382773017,326.0,58.15622940013184,104.0,4268.948308064162,130029,9,15.0
6,Williams,2022_21,2022,41.21544715447155,311.0,73.20418589321028,104.0,2521.0791584267195,137182,9,16.0
24,Alfa Romeo,2022_21,2022,37.90254889035377,305.0,70.3264117776313,104.0,2137.7953197099537,137646,9,17.0
77,Alfa Romeo,2022_21,2022,40.923533289386945,307.0,71.05339485827291,104.0,2366.997912546693,137431,9,18.0
22,AlphaTauri,2022_21,2022,37.93973851900681,305.0,70.17787299494617,104.0,2339.033728850802,140822,9,19.0
47,Haas F1 Team,2022_21,2022,37.59843990331795,306.0,69.99835201054714,104.0,2250.1659525379036,139581,9,20.0
1,Red Bull Racing,2022_22,2022,71.83188090050835,330.0,45.4422052771726,104.0,4267.445049624788,136174,9,1.0
11,Red Bull Racing,2022_22,2022,76.5141007020092,331.0,41.895545872670056,104.0,4501.535584604212,133850,9,2.0
16,Ferrari,2022_22,2022,72.31644880174292,328.0,68.030077463084,104.0,4526.200314693779,134594,9,3.0
55,Ferrari,2022_22,2022,68.21623093681917,328.0,54.32764463810216,104.0,4167.688211086904,119720,9,4.0
44,Mercedes,2022_22,2022,89.29587267005567,323.0,67.68312757201646,104.0,4852.400750423626,137540,9,5.0
63,Mercedes,2022_22,2022,85.04756717501816,324.0,68.9988501573469,104.0,4651.6707818930045,137104,9,6.0
4,McLaren,2022_22,2022,72.23922778988138,324.0,47.32183490680223,104.0,4280.840656015493,108514,9,7.0
31,Alpine,2022_22,2022,72.68070685064149,326.0,45.678588719438395,104.0,4166.610869038974,106768,9,8.0
5,Aston Martin,2022_22,2022,76.85445412732994,320.0,58.79466230936819,104.0,4226.836782861293,117536,9,9.0
3,McLaren,2022_22,2022,63.85154926167998,322.0,52.158496732026144,104.0,3723.55077463084,108372,9,10.0
14,Alpine,2022_22,2022,51.395243282498186,328.0,50.96453643185669,104.0,2954.568445896877,103158,9,11.0
22,AlphaTauri,2022_22,2022,64.28364802711208,330.0,51.01204308884047,104.0,3787.021120793997,121608,9,12.0
47,Haas F1 Team,2022_22,2022,64.25248123940935,327.0,70.98462841926894,104.0,3966.954127329944,135370,9,13.0
18,Aston Martin,2022_22,2022,64.02644638102154,318.0,62.07068506414912,104.0,3633.1954127329946,118018,9,14.0
24,Alfa Romeo,2022_22,2022,51.41503267973856,324.0,56.563846526264825,104.0,2912.805071411281,107354,9,15.0
20,Haas F1 Team,2022_22,2022,38.67556281771968,327.0,82.36135318324861,104.0,2596.932885499879,87943,9,16.0
10,AlphaTauri,2022_22,2022,38.84404502541757,327.0,71.79284676833696,104.0,2234.0495642701526,117334,9,17.0
77,Alfa Romeo,2022_22,2022,25.900084725248124,324.0,66.6419147906076,104.0,1493.9606027596224,105638,9,18.0
23,Williams,2022_22,2022,38.5117404986686,333.0,84.21816751391914,104.0,2419.7251876059067,109806,9,19.0
6,Williams,2022_22,2022,38.55047204066812,331.0,85.49195110142823,104.0,2279.716836117163,122759,9,20.0
1,Red Bull Racing,2023_1,2023,55.699574511194406,324.0,32.15636713605511,104.0,3402.0597203930706,138506,9,1.0
11,Red Bull Racing,2023_1,2023,55.79191571269375,327.0,33.267500759801436,104.0,3419.264157633472,133462,9,2.0
16,Ferrari,2023_1,2023,63.39686961807315,327.0,68.77737817850269,104.0,4070.260713200283,160049,9,3.0
55,Ferrari,2023_1,2023,66.92280417384256,330.0,62.35847431871138,104.0,3980.932833552832,147765,9,4.0
14,Aston Martin,2023_1,2023,55.94959983790903,322.0,44.99088238273731,104.0,3248.2190760814506,114664,9,5.0
63,Mercedes,2023_1,2023,55.97578766082464,322.0,74.99746732853814,104.0,3250.4358221051566,160948,9,6.0
44,Mercedes,2023_1,2023,55.912166953702766,325.0,77.10692938911964,104.0,3256.2757066153376,160754,9,7.0
18,Aston Martin,2023_1,2023,67.36845304427109,322.0,62.186657886738935,104.0,4372.966720696992,162229,9,8.0
31,Alpine,2023_1,2023,55.65808935264918,322.0,43.21735386485665,104.0,3318.6338263600446,117102,9,9.0
27,Haas F1 Team,2023_1,2023,63.58423665282139,322.0,66.40537939418499,104.0,4232.79551210617,161985,9,10.0
4,McLaren,2023_1,2023,48.67566609259447,321.0,54.37665889980752,104.0,3262.3416067267754,128936,9,11.0
77,Alfa Romeo,2023_1,2023,44.69992908519907,320.0,59.552831526694355,104.0,2644.171715125114,126110,9,12.0
24,Alfa Romeo,2023_1,2023,45.01352446560632,321.0,55.99620099280721,104.0,2602.883041231891,126564,9,13.0
22,AlphaTauri,2023_1,2023,55.97745922398946,322.0,53.020109411407155,104.0,3501.4730523756457,137634,9,14.0
23,Williams,2023_1,2023,29.637878634383547,324.0,86.53495086617365,104.0,1844.7462263195216,159510,9,15.0
2,Williams,2023_1,2023,22.681795157532164,324.0,88.67865464491946,104.0,1479.499392158849,150016,9,16.0
20,Haas F1 Team,2023_1,2023,22.52223685543511,322.0,90.38380103332996,104.0,1835.4563873974269,160100,9,17.0
81,McLaren,2023_1,2023,26.185746125012663,319.0,64.7983993516361,104.0,1676.7461756660923,126653,9,18.0
21,AlphaTauri,2023_1,2023,33.62632965251748,319.0,67.27322459730524,104.0,2087.118579677844,138750,9,19.0
10,Alpine,2023_1,2023,22.457704386586972,325.0,57.85685340897579,104.0,1432.3400871238982,113108,9,20.0
11,Red Bull Racing,2023_2,2023,82.06792724853055,338.0,40.7404347343906,104.0,4361.689419984474,125714,9,1.0
16,Ferrari,2023_2,2023,86.85810136409005,333.0,69.75274481534879,104.0,4896.505267827437,140724,9,2.0
14,Aston Martin,2023_2,2023,82.22324498170123,327.0,51.67888432959965,104.0,4076.322446489963,108608,9,3.0
63,Mercedes,2023_2,2023,96.02362204724407,330.0,70.42430963735167,104.0,5097.464123322613,149370,9,4.0
55,Ferrari,2023_2,2023,109.79782632804702,333.0,47.848674725518464,104.0,5984.442774758789,127516,9,5.0
18,Aston Martin,2023_2,2023,91.77032272374404,326.0,48.95758012642786,104.0,4687.050238438505,109116,9,6.0
31,Alpine,2023_2,2023,109.69302428745702,331.0,57.991460574470445,104.0,5602.2668293223915,128670,9,7.0
44,Mercedes,2023_2,2023,96.13651990684264,330.0,69.79893534434956,104.0,5122.863480093158,146470,9,8.0
81,McLaren,2023_2,2023,105.4708328712432,328.0,52.35782411001442,104.0,5432.104691138959,122676,9,9.0
10,Alpine,2023_2,2023,104.74647887323944,330.0,58.20117555728069,104.0,5487.08045913275,126314,9,10.0
27,Haas F1 Team,2023_2,2023,82.48558278806698,336.0,67.07901741155595,104.0,4940.785793501164,147976,9,11.0
24,Alfa Romeo,2023_2,2023,82.46334701120107,337.0,60.96473328157924,104.0,4209.533159587446,121550,9,12.0
20,Haas F1 Team,2023_2,2023,78.02739270267273,335.0,70.66269269158256,104.0,4541.877841854275,146680,9,13.0
77,Alfa Romeo,2023_2,2023,82.73422424309638,331.0,59.94382832427637,104.0,4247.53504491516,121438,9,14.0
1,Red Bull Racing,2023_2,2023,27.372407674392814,338.0,64.4290784074526,104.0,1471.27947210824,123060,9,15.0
22,AlphaTauri,2023_2,2023,45.611067982699346,327.0,69.13064212043918,104.0,2555.973771764445,122100,9,16.0
23,Williams,2023_2,2023,41.19124986137296,332.0,67.55284462681601,104.0,2359.749695020517,104554,9,17.0
21,AlphaTauri,2023_2,2023,0.0,0.0,0.0,0.0,0.0,0,1,18.0
4,McLaren,2023_2,2023,18.26494399467672,322.0,77.66552068315404,104.0,1062.1181656870356,119298,9,19.0
2,Williams,2023_2,2023,33.1874237551292,333.0,85.76965731396251,104.0,1914.2254075634912,145536,9,20.0
1,Red Bull Racing,2023_3,2023,88.53133701076963,329.0,58.252219595482,104.0,4613.698765432099,158359,9,1.0
63,Mercedes,2023_3,2023,107.24591541896508,325.0,52.89887050170738,104.0,5467.552140793276,130270,9,2.0
44,Mercedes,2023_3,2023,103.72350932492776,325.0,67.56159705805096,104.0,5604.390911478855,155978,9,3.0
14,Aston Martin,2023_3,2023,96.0140267927502,322.0,54.03593380614657,104.0,4853.18476490675,129404,9,4.0
55,Ferrari,2023_3,2023,103.58050958760178,323.0,61.23094299973732,104.0,5736.467244549514,151682,9,5.0
18,Aston Martin,2023_3,2023,96.3344890990281,322.0,51.54709745206199,104.0,4998.134121355398,128589,9,6.0
16,Ferrari,2023_3,2023,92.28605200945628,325.0,55.70696086157079,104.0,5138.552140793276,141467,9,7.0
23,Williams,2023_3,2023,100.01108484370896,327.0,58.91678486997636,104.0,5373.565537168374,155960,9,8.0
10,Alpine,2023_3,2023,95.83666929340689,328.0,76.66430260047281,104.0,5200.904912004203,160905,9,9.0
27,Haas F1 Team,2023_3,2023,97.1819805621224,328.0,66.66708694510113,104.0,5389.941738902023,162076,9,10.0
31,Alpine,2023_3,2023,66.53075912792225,325.0,82.18828473863935,104.0,3733.908379301287,159137,9,11.0
22,AlphaTauri,2023_3,2023,81.76874179143682,322.0,58.206304176516944,104.0,4474.304123982138,133500,9,12.0
4,McLaren,2023_3,2023,89.00614657210402,324.0,75.676280535855,104.0,4906.160021013921,162322,9,13.0
20,Haas F1 Team,2023_3,2023,67.08006304176517,326.0,71.16842658261098,104.0,3982.218334646704,158062,9,14.0
21,AlphaTauri,2023_3,2023,85.44449697924875,322.0,60.50186498555293,104.0,4528.5922773837665,134919,9,15.0
81,McLaren,2023_3,2023,44.39374835828737,321.0,68.60367743630155,104.0,2980.770475439979,131539,9,16.0
24,Alfa Romeo,2023_3,2023,44.51000788022065,321.0,73.23572366692935,104.0,2301.014552140793,133372,9,17.0
2,Williams,2023_3,2023,44.732755450485946,327.0,81.6903073286052,104.0,2541.9206199106907,154471,9,18.0
77,Alfa Romeo,2023_3,2023,48.28936170212766,322.0,74.28247964276333,104.0,2469.555397951143,133191,9,19.0
11,Red Bull Racing,2023_3,2023,4.665195692146047,327.0,78.3939584975046,104.0,397.8164959285527,151732,89,20.0
16,Ferrari,2023_4,2023,70.63310729292341,337.0,66.03070266672214,104.0,4396.620085701211,196902,9,1.0
1,Red Bull Racing,2023_4,2023,67.48595914631609,342.0,37.45717019594792,104.0,4003.428422848109,199322,9,2.0
11,Red Bull Racing,2023_4,2023,70.75774847110705,341.0,34.45059699629738,104.0,4086.2050588675793,182204,9,3.0
55,Ferrari,2023_4,2023,80.95852227815452,335.0,50.71523068602571,104.0,5071.839331031327,182388,88,4.0
44,Mercedes,2023_4,2023,81.12347630735948,336.0,62.5411241003453,104.0,4695.917918209427,201361,9,5.0
14,Aston Martin,2023_4,2023,77.21537629487872,336.0,71.35149977118608,104.0,4530.1951158630445,201853,9,6.0
4,McLaren,2023_4,2023,70.61555102550236,331.0,57.48795606772891,104.0,4207.853725506511,175868,9,7.0
22,AlphaTauri,2023_4,2023,77.38295128343803,338.0,56.51483130174314,104.0,4707.313225444107,179519,9,8.0
18,Aston Martin,2023_4,2023,77.6747098223572,335.0,61.42929650122728,104.0,4860.679868536007,201515,9,9.0
81,McLaren,2023_4,2023,80.8516453800391,333.0,56.45796064400716,104.0,4687.234222240712,177189,9,10.0
63,Mercedes,2023_4,2023,63.915754877896575,335.0,68.80908599242834,104.0,3714.9751216873983,200623,9,11.0
31,Alpine,2023_4,2023,67.23834089112619,338.0,55.45629654282981,104.0,4088.825727004202,179036,9,12.0
23,Williams,2023_4,2023,64.11145317635312,340.0,64.0118151183592,104.0,3796.610808337147,193749,9,13.0
77,Alfa Romeo,2023_4,2023,63.90015392935891,333.0,59.590256687606605,104.0,3891.3698464866666,177789,9,14.0
2,Williams,2023_4,2023,63.892374256354785,342.0,65.64899945916711,104.0,3732.107958563881,189113,9,15.0
24,Alfa Romeo,2023_4,2023,37.08474435245663,338.0,67.78807671506428,104.0,2402.9439613928525,177124,9,16.0
27,Haas F1 Team,2023_4,2023,33.81561758954945,338.0,82.3869867287931,104.0,2316.297957315805,196770,9,17.0
20,Haas F1 Team,2023_4,2023,30.343012855181595,335.0,80.18434080792112,104.0,1990.7063277447269,190508,9,18.0
10,Alpine,2023_4,2023,17.912426675541873,336.0,86.52439988351291,104.0,1405.059450014561,209309,53,19.0
21,AlphaTauri,2023_4,2023,7.460831218538087,333.0,87.04110329908059,104.0,484.25098806007406,190512,9,20.0
11,Red Bull Racing,2023_5,2023,82.81764202112475,343.0,28.152954610334,104.0,4842.153753925207,123596,9,1.0
14,Aston Martin,2023_5,2023,78.57390807878961,338.0,44.386582928918074,104.0,4252.591892663431,110217,9,2.0
55,Ferrari,2023_5,2023,74.57230944904367,336.0,51.682443619754494,104.0,4418.640365401085,124011,9,3.0
20,Haas F1 Team,2023_5,2023,78.99115044247787,342.0,65.62843277190979,104.0,4608.473023123038,143187,9,4.0
10,Alpine,2023_5,2023,82.58252926063375,336.0,67.32412218098773,104.0,5010.576819868684,144039,9,5.0
63,Mercedes,2023_5,2023,82.87816157579218,338.0,64.94844419069369,104.0,4756.688153011704,141769,9,6.0
16,Ferrari,2023_5,2023,75.458978018841,338.0,56.094090779332,104.0,4487.171453040251,123919,9,7.0
31,Alpine,2023_5,2023,82.98509848701113,340.0,44.73942335141307,104.0,4586.083300028547,114837,9,8.0
1,Red Bull Racing,2023_5,2023,66.26251784184984,342.0,48.4729660291179,104.0,3865.900827861833,143229,9,9.0
77,Alfa Romeo,2023_5,2023,66.36836996859834,340.0,58.692092492149584,104.0,3819.745018555524,122053,9,10.0
23,Williams,2023_5,2023,62.5953182986012,339.0,69.86879817299457,104.0,4094.7607193833855,142584,9,11.0
27,Haas F1 Team,2023_5,2023,61.90099914359121,342.0,75.70630887810448,104.0,4175.484898658293,143086,9,12.0
44,Mercedes,2023_5,2023,62.29962888952326,339.0,70.11601484441907,104.0,3535.629688838139,139902,9,13.0
24,Alfa Romeo,2023_5,2023,70.3012846131887,340.0,56.13348558378533,104.0,3962.5560376819863,121836,9,14.0
21,AlphaTauri,2023_5,2023,66.0448187268056,339.0,55.147131030545246,104.0,3759.9132743362834,121034,9,15.0
4,McLaren,2023_5,2023,32.98452754781616,337.0,67.51458749643163,104.0,1979.1920639451896,115170,9,16.0
22,AlphaTauri,2023_5,2023,41.36517270910648,335.0,67.04881530117042,104.0,2452.7157293748214,119948,9,17.0
18,Aston Martin,2023_5,2023,32.923437053953755,336.0,59.0729660291179,104.0,1884.8172423636884,104369,9,18.0
81,McLaren,2023_5,2023,37.19080787896089,338.0,75.09694547530688,104.0,2726.7779617470737,133899,34,19.0
2,Williams,2023_5,2023,40.96688552669141,341.0,66.6679988581216,104.0,3576.769797316586,120406,9,20.0
1,Red Bull Racing,2023_6,2023,68.78105875152998,291.0,25.215218278253776,104.0,4955.10363117095,143628,8,1.0
14,Aston Martin,2023_6,2023,57.06227050183598,288.0,47.667635658914726,104.0,3908.297123623011,133801,8,2.0
16,Ferrari,2023_6,2023,59.6265299877601,289.0,39.600214198286416,104.0,4645.623419012648,160135,8,3.0
31,Alpine,2023_6,2023,59.37331701346389,288.0,40.47261321909425,104.0,4274.792635658915,138571,8,4.0
55,Ferrari,2023_6,2023,63.964759281925744,292.0,34.94053447572419,104.0,4957.107303141574,156585,9,5.0
44,Mercedes,2023_6,2023,68.82879436964504,290.0,55.92013463892289,104.0,4806.969400244798,160529,9,6.0
10,Alpine,2023_6,2023,57.06828845369237,291.0,45.810536515707874,104.0,4204.6657486740105,138920,8,7.0
63,Mercedes,2023_6,2023,66.0483986128111,290.0,43.08695430436556,104.0,4535.72863117095,137483,9,8.0
22,AlphaTauri,2023_6,2023,65.87143002855977,289.0,44.34547123623011,104.0,4647.34751121991,139006,9,9.0
4,McLaren,2023_6,2023,52.67023663810689,290.0,51.14468584251326,104.0,4127.245818033456,139278,8,10.0
81,McLaren,2023_6,2023,50.322878416972664,290.0,53.154018767849855,104.0,4055.2082823337414,138328,8,11.0
21,AlphaTauri,2023_6,2023,45.53105875152999,288.0,52.92390860873113,104.0,3446.5109649122805,138742,9,12.0
23,Williams,2023_6,2023,43.35771113831089,290.0,70.22832517339862,104.0,3276.837770297838,159964,8,13.0
18,Aston Martin,2023_6,2023,43.6936964504284,288.0,71.14422684618523,104.0,2954.642288861689,160529,9,14.0
77,Alfa Romeo,2023_6,2023,50.27738678090575,288.0,52.44869441044472,104.0,3678.684159526724,137428,8,15.0
2,Williams,2023_6,2023,29.80115259077927,292.0,64.73056915544676,104.0,2101.0501325989394,138924,9,16.0
20,Haas F1 Team,2023_6,2023,20.46282129742962,290.0,88.36525907792738,104.0,2316.655497756018,160985,9,17.0
27,Haas F1 Team,2023_6,2023,18.26045491636067,291.0,73.92212362301102,104.0,1354.4576703386374,136592,8,18.0
24,Alfa Romeo,2023_6,2023,29.695889432884535,289.0,66.89504283965728,104.0,2190.4747552019585,137314,8,19.0
11,Red Bull Racing,2023_6,2023,7.222511219910241,288.0,81.49637902896777,104.0,526.9752141982864,155625,9,20.0
1,Red Bull Racing,2023_7,2023,63.4694535381516,334.0,24.398589775875095,104.0,3927.504910601864,140286,9,1.0
55,Ferrari,2023_7,2023,69.78478972550995,334.0,33.19924452279023,104.0,4196.509242004533,148259,9,2.0
4,McLaren,2023_7,2023,69.30017627801561,328.0,52.412238730798286,104.0,4308.98685469655,139093,9,3.0
10,Alpine,2023_7,2023,66.23001762780156,333.0,54.4555023923445,104.0,4056.365298413498,139364,9,4.0
44,Mercedes,2023_7,2023,72.59365399143792,338.0,69.21903802568623,104.0,4224.598337950139,164015,9,5.0
18,Aston Martin,2023_7,2023,72.5880130949383,327.0,60.363837824225634,104.0,4149.63943591035,144553,9,6.0
31,Alpine,2023_7,2023,66.48305212792748,330.0,51.32873331654495,104.0,3877.946512213549,139747,9,7.0
27,Haas F1 Team,2023_7,2023,57.19380508687988,335.0,72.15154872828003,104.0,3724.9555779400657,163032,9,8.0
14,Aston Martin,2023_7,2023,56.72420045328633,326.0,61.67695794510199,104.0,3257.9470158650215,138744,9,9.0
81,McLaren,2023_7,2023,63.145756736338456,327.0,51.866028708133975,104.0,3866.174162679426,135741,9,10.0
11,Red Bull Racing,2023_7,2023,54.21641903802568,332.0,47.18272475446991,104.0,3147.7022412490555,147776,9,11.0
63,Mercedes,2023_7,2023,57.02875849911861,334.0,73.68214555527575,104.0,3467.7959707882146,162033,9,12.0
24,Alfa Romeo,2023_7,2023,50.58015613195669,330.0,55.66577688239738,104.0,3079.144749433392,134898,9,13.0
21,AlphaTauri,2023_7,2023,50.60906572651725,326.0,58.42256358599849,104.0,3024.601712415009,138455,9,14.0
22,AlphaTauri,2023_7,2023,60.13049609670108,327.0,60.38685469654999,104.0,3567.293981364895,138460,9,15.0
77,Alfa Romeo,2023_7,2023,32.04019138755981,328.0,67.91553764794762,104.0,2004.5798539410728,133848,9,16.0
20,Haas F1 Team,2023_7,2023,28.734122387307984,335.0,73.10496096701083,104.0,1732.112012087635,137293,9,17.0
23,Williams,2023_7,2023,25.38010576680937,334.0,84.73009317552254,104.0,1984.6157139259633,106408,9,18.0
16,Ferrari,2023_7,2023,31.78675396625535,334.0,67.81903802568623,104.0,2081.336539914379,151667,9,19.0
2,Williams,2023_7,2023,19.02810375220347,328.0,59.82362125409217,104.0,1271.1988416016118,98934,9,20.0
1,Red Bull Racing,2023_8,2023,77.899808080311,337.0,41.13985532208061,104.0,4738.527631514197,177072,9,1.0
27,Haas F1 Team,2023_8,2023,72.05048964125781,330.0,58.29870577235372,104.0,4807.388022243,175659,9,2.0
14,Aston Martin,2023_8,2023,77.53083017568034,329.0,43.49180650558535,104.0,4970.063087446484,151983,9,3.0
44,Mercedes,2023_8,2023,75.31784853107622,325.0,62.3330052654889,104.0,4709.911372471827,175942,9,4.0
63,Mercedes,2023_8,2023,72.01023571674622,324.0,62.0516214753211,104.0,4660.060233256238,176123,9,5.0
31,Alpine,2023_8,2023,71.87663008710201,325.0,52.70685497760937,104.0,5095.733428473009,176582,9,6.0
4,McLaren,2023_8,2023,74.75931302593376,325.0,42.69799714580975,104.0,4802.580040352344,150632,9,7.0
55,Ferrari,2023_8,2023,75.1785837311156,335.0,36.08055705919984,104.0,4944.3121893607595,158653,9,8.0
81,McLaren,2023_8,2023,67.32139166379608,333.0,47.740563948624576,104.0,4294.040647605925,148962,9,9.0
23,Williams,2023_8,2023,69.7453865459377,343.0,61.155996260026576,104.0,4340.843413217854,176928,9,10.0
16,Ferrari,2023_8,2023,63.46459327788987,334.0,64.4420550169775,104.0,4548.678755966734,176806,9,11.0
11,Red Bull Racing,2023_8,2023,66.23133704049998,335.0,58.90822302052064,104.0,3939.3977658579793,171065,9,12.0
18,Aston Martin,2023_8,2023,57.44855076029723,326.0,56.99399635844693,104.0,3460.2341912307465,150769,9,13.0
20,Haas F1 Team,2023_8,2023,60.76846611879337,333.0,68.61876876137985,104.0,4378.426799862212,171230,9,14.0
77,Alfa Romeo,2023_8,2023,69.31130357757985,329.0,55.29875498253039,104.0,4229.530731755327,153299,9,15.0
22,AlphaTauri,2023_8,2023,34.644751734658726,314.0,67.49377491265194,104.0,2212.946853009202,152740,9,16.0
10,Alpine,2023_8,2023,31.636828896215736,311.0,66.05216278726441,104.0,2116.3415678362285,140210,9,17.0
21,AlphaTauri,2023_8,2023,34.60872988534029,314.0,69.89779046306776,104.0,2165.214064268491,153864,9,18.0
2,Williams,2023_8,2023,40.99635844692683,314.0,80.56596624181881,104.0,2487.449436543477,180054,9,19.0
24,Alfa Romeo,2023_8,2023,31.73766054820137,309.0,66.6220166330397,104.0,2126.3731115594705,155691,9,20.0
1,Red Bull Racing,2023_9,2023,73.37044888441359,329.0,23.67772536965393,104.0,4326.276644231279,137133,9,1.0
16,Ferrari,2023_9,2023,80.07536170438286,326.0,41.40267104775028,104.0,4905.789284010812,145203,9,2.0
55,Ferrari,2023_9,2023,76.93963644072288,327.0,33.6829190736128,104.0,4502.8553182468595,135694,9,3.0
4,McLaren,2023_9,2023,70.89003126821771,325.0,51.219407493772856,104.0,4983.355715724204,146358,37,4.0
44,Mercedes,2023_9,2023,76.83279453071175,325.0,54.32900524670094,104.0,4396.121098097408,140349,9,5.0
18,Aston Martin,2023_9,2023,76.78636917695691,324.0,63.96099422332927,104.0,4351.820499231544,152652,9,6.0
14,Aston Martin,2023_9,2023,82.70756266892788,322.0,66.7216068684085,104.0,4522.811913720918,157110,9,7.0
27,Haas F1 Team,2023_9,2023,77.04987015740103,326.0,58.29582913773915,104.0,4809.148868514495,153752,9,8.0
10,Alpine,2023_9,2023,64.28395781440457,324.0,53.4035719963962,104.0,3734.005299697917,123233,9,9.0
23,Williams,2023_9,2023,64.24405108908792,330.0,51.35598070909958,104.0,3590.477714770258,123424,9,10.0
63,Mercedes,2023_9,2023,64.34538131326515,324.0,60.693677460384755,104.0,3859.871694313424,142647,9,11.0
31,Alpine,2023_9,2023,46.149398484286394,323.0,55.762467539350254,104.0,2585.201918490646,118055,9,12.0
81,McLaren,2023_9,2023,58.38041231649796,322.0,54.56017806985002,104.0,3895.671842704966,129294,9,13.0
77,Alfa Romeo,2023_9,2023,42.93529068843076,325.0,60.15824897980815,104.0,2362.571519423393,120638,9,14.0
11,Red Bull Racing,2023_9,2023,58.20758916741746,327.0,43.26005617679792,104.0,3446.6344798346495,135617,9,15.0
22,AlphaTauri,2023_9,2023,30.388997827123855,321.0,62.07143992792411,104.0,1777.877523981133,128139,9,16.0
24,Alfa Romeo,2023_9,2023,27.349939053473953,326.0,70.93582065822248,104.0,1531.897503842281,124905,9,17.0
2,Williams,2023_9,2023,27.535322486618263,329.0,83.92649318988818,104.0,1610.8360803434205,146032,9,18.0
20,Haas F1 Team,2023_9,2023,30.66129630611055,325.0,78.72929143038847,104.0,2147.312099210345,147518,9,19.0
21,AlphaTauri,2023_9,2023,30.41968307806455,323.0,68.43028247389898,104.0,1731.723620753617,127863,9,20.0
1,Red Bull Racing,2023_10,2023,96.46710184002649,328.0,46.548744146445294,104.0,5205.827349699636,181816,9,1.0
4,McLaren,2023_10,2023,96.6813301168346,321.0,45.066647746085806,104.0,5352.638948015704,162240,9,2.0
81,McLaren,2023_10,2023,96.55659618750296,320.0,44.63540040679249,104.0,5285.0311716569695,157164,9,3.0
16,Ferrari,2023_10,2023,92.63067026157702,326.0,54.49136748498179,104.0,5271.118821247812,184945,9,4.0
55,Ferrari,2023_10,2023,96.66950475379596,328.0,53.830850007095215,104.0,5430.771817794806,185251,9,5.0
63,Mercedes,2023_10,2023,88.94697507213472,323.0,63.617709663686675,104.0,4804.251170710941,185405,9,6.0
44,Mercedes,2023_10,2023,92.6965138829762,323.0,61.94338016177097,104.0,4948.6726739510905,185110,9,7.0
23,Williams,2023_10,2023,93.03055673809186,327.0,57.74353152641786,104.0,5003.145404663923,184587,9,8.0
14,Aston Martin,2023_10,2023,89.07601343361242,327.0,48.44723523012157,104.0,4740.603897639658,159118,9,9.0
10,Alpine,2023_10,2023,89.15112813963388,324.0,49.3247244690412,104.0,4871.384513504565,155319,9,10.0
27,Haas F1 Team,2023_10,2023,63.372451634265175,305.0,68.95435409867083,104.0,3791.5292086467057,187543,9,11.0
18,Aston Martin,2023_10,2023,70.60020812638948,308.0,52.410198193084526,104.0,3856.305330873658,157040,9,12.0
31,Alpine,2023_10,2023,70.88198287687432,309.0,54.79811740220425,104.0,3884.5123220282862,159167,9,13.0
2,Williams,2023_10,2023,70.5626034719266,309.0,66.17960361383095,104.0,3660.447377134478,187597,9,14.0
77,Alfa Romeo,2023_10,2023,42.45054633177239,305.0,67.45494536682276,104.0,2365.4894281254433,165321,9,15.0
11,Red Bull Racing,2023_10,2023,40.97738990587011,307.0,65.05638333096826,104.0,2193.1606830329692,169710,9,15.0
22,AlphaTauri,2023_10,2023,41.00525046118915,308.0,63.36091007993945,104.0,2390.1044416063573,163482,9,16.0
24,Alfa Romeo,2023_10,2023,44.80440849534081,304.0,66.79267773520647,104.0,2545.2125254245307,165519,9,17.0
21,AlphaTauri,2023_10,2023,40.95260394494111,308.0,64.61402015041861,104.0,2315.951941724611,164606,9,18.0
20,Haas F1 Team,2023_10,2023,25.73184806773568,303.0,89.66742348990114,104.0,1634.6656733361715,187528,9,19.0
44,Mercedes,2023_11,2023,66.38977182427064,315.0,65.9796798728573,104.0,4093.6208990804857,143046,9,1.0
1,Red Bull Racing,2023_11,2023,69.41752752866387,315.0,26.99267794301283,104.0,4268.047167669429,122246,9,2.0
4,McLaren,2023_11,2023,66.4115677148371,314.0,48.28487910091951,104.0,4346.003973209218,119610,9,3.0
81,McLaren,2023_11,2023,66.43591781132932,317.0,45.76546713588375,104.0,4423.929957997502,117356,9,4.0
24,Alfa Romeo,2023_11,2023,73.2230105573845,315.0,51.48075831535929,104.0,4448.805993869906,118826,9,5.0
16,Ferrari,2023_11,2023,69.85985923487343,319.0,41.245601089794526,104.0,4733.824838233625,140052,9,6.0
77,Alfa Romeo,2023_11,2023,66.73600862754002,315.0,51.85452378249518,104.0,4181.82234078783,118670,9,7.0
14,Aston Martin,2023_11,2023,69.79906913384039,317.0,43.07310704960835,104.0,4435.831990010217,118634,9,8.0
11,Red Bull Racing,2023_11,2023,75.93330684527189,316.0,28.62095584061755,104.0,4748.794585083438,126088,9,9.0
27,Haas F1 Team,2023_11,2023,66.19661709615167,320.0,59.30309910318992,104.0,4721.932455443297,143290,9,10.0
55,Ferrari,2023_11,2023,49.786525144738334,319.0,57.199398342604155,104.0,3749.1014303553184,142058,9,11.0
31,Alpine,2023_11,2023,52.937620615279826,316.0,58.10421160177091,104.0,3308.62912929958,123554,9,12.0
3,AlphaTauri,2023_11,2023,49.77040526734022,311.0,52.71296401407651,104.0,3264.8580429106596,120672,9,13.0
18,Aston Martin,2023_11,2023,59.53394255874674,317.0,52.932568963559994,104.0,3735.915767964582,119038,9,14.0
10,Alpine,2023_11,2023,53.33704166193665,317.0,60.30338290384834,104.0,3554.360483596322,125394,9,15.0
23,Williams,2023_11,2023,26.73930071517766,315.0,88.99716199341583,104.0,1645.5972868657054,89874,9,16.0
22,AlphaTauri,2023_11,2023,29.765467135883757,309.0,66.44312634805313,104.0,1925.1781132932229,119540,9,17.0
63,Mercedes,2023_11,2023,29.93262572369168,314.0,84.95850834373935,104.0,3021.4154274037915,141942,9,18.0
20,Haas F1 Team,2023_11,2023,26.756271994551028,322.0,87.0619253036667,104.0,2021.95515949597,141806,9,19.0
2,Williams,2023_11,2023,26.725905324100353,316.0,86.15506867975934,104.0,1846.490634578272,126174,9,20.0
1,Red Bull Racing,2023_12,2023,96.741769987174,339.0,50.78889363925704,104.0,5236.951213719063,173298,9,1.0
16,Ferrari,2023_12,2023,101.27134102892974,338.0,53.632178993872024,104.0,5861.055721818441,177692,9,2.0
11,Red Bull Racing,2023_12,2023,96.52667331718207,341.0,36.223314806897534,104.0,5110.471426535557,143003,9,3.0
44,Mercedes,2023_12,2023,105.84428293192722,334.0,51.35874780295473,104.0,5539.470523965608,169134,9,4.0
55,Ferrari,2023_12,2023,101.07985368866088,338.0,52.64776020141561,104.0,5779.05538929267,173104,9,5.0
81,McLaren,2023_12,2023,101.28373948981046,327.0,41.19253242126265,104.0,5486.101277849033,139542,9,6.0
4,McLaren,2023_12,2023,92.69312621728184,328.0,48.354947508431906,104.0,4884.748325495226,140932,9,7.0
63,Mercedes,2023_12,2023,105.73687710797589,332.0,59.349342074010735,104.0,5648.929789558691,181569,9,8.0
14,Aston Martin,2023_12,2023,96.7726948838535,335.0,43.003087739299794,104.0,5125.563773692461,138598,9,9.0
18,Aston Martin,2023_12,2023,96.91330578119803,331.0,43.73944230677878,104.0,5169.762196570234,139313,9,10.0
22,AlphaTauri,2023_12,2023,65.80290722530997,320.0,52.48396750748183,104.0,3552.9968647570186,134441,9,11.0
10,Alpine,2023_12,2023,74.34535176476177,325.0,80.16963564676263,104.0,4166.721675929884,183748,9,12.0
20,Haas F1 Team,2023_12,2023,74.58477031969977,322.0,72.03486770224693,104.0,4638.909980523491,182884,9,13.0
77,Alfa Romeo,2023_12,2023,74.47793453992685,317.0,53.425300460785714,104.0,3949.766994442069,152279,9,14.0
31,Alpine,2023_12,2023,56.159707377321745,318.0,81.27058097002518,104.0,3438.1872120089306,183745,9,15.0
23,Williams,2023_12,2023,35.02536696593986,321.0,80.82285877155479,104.0,2278.3140943423114,181375,9,16.0
24,Alfa Romeo,2023_12,2023,39.4792171393283,319.0,63.172960904470095,104.0,2137.4055864329484,152047,9,17.0
2,Williams,2023_12,2023,27.81416559783383,322.0,70.57612464966034,104.0,1917.9433281079284,160983,21,18.0
3,AlphaTauri,2023_12,2023,35.09434231152915,316.0,62.7623390812788,104.0,2004.411144363688,138465,9,19.0
27,Haas F1 Team,2023_12,2023,22.1682580399981,313.0,90.2646905135148,104.0,1627.7274713790318,180866,9,20.0
1,Red Bull Racing,2023_13,2023,78.79449679943102,328.0,34.64900426742532,104.0,4678.232396870555,198432,9,1.0
4,McLaren,2023_13,2023,76.16531827880512,320.0,57.026449146514935,104.0,4887.0242709815075,180349,9,2.0
63,Mercedes,2023_13,2023,80.89624822190612,320.0,63.08610419630156,104.0,4905.887624466572,200335,9,3.0
23,Williams,2023_13,2023,80.79960881934566,322.0,56.03489509246088,104.0,5058.073257467994,197805,9,4.0
14,Aston Martin,2023_13,2023,75.92554231863443,323.0,57.59241642958748,104.0,4459.8258801564725,173619,9,5.0
55,Ferrari,2023_13,2023,83.42203058321479,329.0,44.307432432432435,104.0,5217.52667140825,197115,9,6.0
11,Red Bull Racing,2023_13,2023,83.33752667140826,327.0,29.659717283072546,104.0,4891.667096372688,186974,9,7.0
81,McLaren,2023_13,2023,78.91016180654339,321.0,53.90611664295875,104.0,4942.252267069702,176888,9,8.0
16,Ferrari,2023_13,2023,67.58552631578948,330.0,52.080103129445234,104.0,4347.516847439545,200472,9,9.0
2,Williams,2023_13,2023,68.55472083926031,325.0,25.20159139402561,104.0,4290.581258890469,198397,9,10.0
18,Aston Martin,2023_13,2023,55.72857396870555,304.0,64.79943100995733,104.0,3243.0649893314367,175648,9,11.0
10,Alpine,2023_13,2023,53.03929587482219,304.0,67.62726706970128,104.0,3223.1166874110954,178731,8,12.0
44,Mercedes,2023_13,2023,58.11708748221906,301.0,75.86575391180655,104.0,3372.5718349928875,197553,9,13.0
22,AlphaTauri,2023_13,2023,55.669141180654336,303.0,67.23021870554766,104.0,3426.329036273115,180047,9,14.0
27,Haas F1 Team,2023_13,2023,50.8102773826458,300.0,78.59130512091038,104.0,3329.0930387624467,200381,9,15.0
24,Alfa Romeo,2023_13,2023,30.60281827880512,300.0,79.2386646514936,104.0,1824.2724484352773,185768,9,16.0
31,Alpine,2023_13,2023,30.240087126600283,306.0,88.60072901849217,104.0,2626.8636201991467,202464,9,17.0
20,Haas F1 Team,2023_13,2023,29.75809032716927,305.0,83.23221906116643,104.0,1965.0793029871977,200142,9,18.0
77,Alfa Romeo,2023_13,2023,30.39002489331437,300.0,79.35126244665719,104.0,1839.8376600284496,185796,9,19.0
40,AlphaTauri,2023_13,2023,30.345750355618776,304.0,78.83557076813656,104.0,1861.050897937411,185567,8,20.0
55,Ferrari,2023_14,2023,88.60022981901753,352.0,49.735478310830224,104.0,5003.429416834243,139948,9,1.0
1,Red Bull Racing,2023_14,2023,92.90261419132432,345.0,41.31864406779661,104.0,4707.766503878196,138136,9,2.0
16,Ferrari,2023_14,2023,92.7500143636886,350.0,47.18845159436943,104.0,5111.504740017236,137880,9,3.0
63,Mercedes,2023_14,2023,93.1602413099684,341.0,49.05848893995978,104.0,4685.4274633725945,113988,9,4.0
11,Red Bull Racing,2023_14,2023,92.73473139902327,346.0,35.06210858948578,104.0,4635.4505601838555,130372,9,5.0
23,Williams,2023_14,2023,92.5446136167768,349.0,67.97069807526573,104.0,4876.773915541511,141152,9,6.0
81,McLaren,2023_14,2023,106.63820741166332,344.0,46.74702671646079,104.0,5563.488422866993,113974,9,7.0
44,Mercedes,2023_14,2023,93.12197644355072,342.0,67.80143636885953,104.0,4738.5938523412815,141426,9,8.0
4,McLaren,2023_14,2023,102.15719620798622,348.0,69.68325193909796,104.0,5768.971215168055,142990,9,9.0
14,Aston Martin,2023_14,2023,83.8822177535191,347.0,49.94352197644355,104.0,4312.812352772192,109018,9,10.0
22,AlphaTauri,2023_14,2023,66.26814133869577,347.0,53.846078713013505,104.0,3629.7611605860384,119134,9,11.0
40,AlphaTauri,2023_14,2023,66.43889686871589,351.0,53.093766159149666,104.0,3545.4945130709566,114882,9,12.0
27,Haas F1 Team,2023_14,2023,71.07164607871302,344.0,75.17460499856364,104.0,4090.618557885665,123196,9,13.0
77,Alfa Romeo,2023_14,2023,61.956908934214304,350.0,60.95191037058317,104.0,3163.0252800919275,112772,9,14.0
2,Williams,2023_14,2023,66.20195346164896,348.0,78.1105429474289,104.0,3422.7793162884227,140726,9,15.0
24,Alfa Romeo,2023_14,2023,35.441195058891125,350.0,71.34702671646079,104.0,1752.3837977592646,111950,9,16.0
10,Alpine,2023_14,2023,31.08641195058891,347.0,93.07991956334386,104.0,1878.4166618787704,140076,9,17.0
31,Alpine,2023_14,2023,34.988796322895716,347.0,86.16018385521402,104.0,2055.7755817293883,140370,9,18.0
20,Haas F1 Team,2023_14,2023,35.64378052283826,353.0,86.14966963516231,104.0,2211.576041367423,105333,9,19.0
18,Aston Martin,2023_14,2023,39.653777650100544,344.0,68.74708417121516,104.0,1979.7403619649529,108162,9,20.0
55,Ferrari,2023_15,2023,55.10259201875969,319.0,51.87119467358988,104.0,3915.7367363175745,195987,9,1.0
63,Mercedes,2023_15,2023,46.70064067668858,312.0,71.61923705037478,104.0,3172.0175453289226,199522,9,2.0
16,Ferrari,2023_15,2023,57.86625350697207,320.0,52.231983585277,104.0,4300.276286587664,196574,9,3.0
4,McLaren,2023_15,2023,54.97458230392362,317.0,62.27247602696705,104.0,4184.3550940077885,200085,9,4.0
44,Mercedes,2023_15,2023,43.92014572254093,314.0,76.28851388132826,104.0,2818.7946903396005,202037,9,5.0
20,Haas F1 Team,2023_15,2023,58.000795611574055,317.0,63.73673631757464,104.0,4186.110255014447,200226,9,6.0
14,Aston Martin,2023_15,2023,48.79276412210544,317.0,54.99196013567271,104.0,3159.644445374984,166882,9,7.0
31,Alpine,2023_15,2023,49.62597881160755,312.0,54.73719693480172,104.0,3196.6071353795905,164450,9,8.0
27,Haas F1 Team,2023_15,2023,57.982747791131025,318.0,60.57137473305138,104.0,4275.119425484695,201030,9,9.0
40,AlphaTauri,2023_15,2023,57.78325865751015,311.0,52.38880281395251,104.0,3856.8798626523176,179342,9,10.0
1,Red Bull Racing,2023_15,2023,38.77182697541979,317.0,63.11314434068925,104.0,2582.2927013106655,198989,9,11.0
10,Alpine,2023_15,2023,33.120221096269,313.0,59.69963569364767,104.0,2262.2438340103013,162273,9,12.0
11,Red Bull Racing,2023_15,2023,35.869938444788744,314.0,58.95423139734517,104.0,2517.069469452703,199287,9,13.0
23,Williams,2023_15,2023,33.09065784514886,317.0,78.41359239562833,104.0,2376.7426824672334,198735,9,14.0
22,AlphaTauri,2023_15,2023,27.754407269377328,310.0,64.1714333570621,104.0,1951.6075122482307,164251,9,15.0
77,Alfa Romeo,2023_15,2023,24.92713872953394,312.0,76.55123319793978,104.0,1623.7887023156484,186883,9,16.0
81,McLaren,2023_15,2023,24.89460240358444,316.0,69.70826179808216,104.0,2498.8683053473474,120288,9,17.0
2,Williams,2023_15,2023,24.775972530463548,315.0,80.32804321427076,104.0,2062.836145890038,142084,9,18.0
24,Alfa Romeo,2023_15,2023,24.945270298563713,313.0,77.12440852560613,104.0,1598.9494996021942,187091,9,19.0
18,Aston Martin,2023_15,2023,21.9400360118923,319.0,76.51396507683933,104.0,1390.73556383736,180720,9,20.0
1,Red Bull Racing,2023_16,2023,44.913984271967955,335.0,54.09993650173399,104.0,2416.2343086015726,146189,9,1.0
81,McLaren,2023_16,2023,52.81736921799443,332.0,51.732183851902505,104.0,3221.2799296634594,137031,9,2.0
4,McLaren,2023_16,2023,45.20295022712841,331.0,59.13915889219948,104.0,2892.443071362282,137382,9,3.0
16,Ferrari,2023_16,2023,52.621452644947006,332.0,53.549601914716945,104.0,3107.64284667611,152803,9,4.0
11,Red Bull Racing,2023_16,2023,67.77106432862794,335.0,37.3556879792898,104.0,3629.105016363015,144344,9,5.0
55,Ferrari,2023_16,2023,52.52923362477409,332.0,53.8607434181605,104.0,3405.6593073804524,164747,9,6.0
44,Mercedes,2023_16,2023,67.84096126605773,326.0,67.71953304352074,104.0,3829.266253113857,165611,9,7.0
63,Mercedes,2023_16,2023,56.68451130757583,326.0,66.5370976407952,104.0,3439.0796170566114,158339,9,8.0
22,AlphaTauri,2023_16,2023,67.83993552483759,328.0,51.14599716700044,104.0,3954.156108044742,137390,9,9.0
14,Aston Martin,2023_16,2023,56.40809847115713,330.0,55.536316123675086,104.0,3128.014311532262,137192,9,10.0
40,AlphaTauri,2023_16,2023,60.789381136130515,329.0,57.59756752796366,104.0,3541.9596541786746,144377,9,11.0
10,Alpine,2023_16,2023,45.47623699506667,331.0,59.87681336394275,104.0,2780.0667220241294,136525,9,12.0
23,Williams,2023_16,2023,45.59229228740292,334.0,80.28960093782054,104.0,2641.522248815513,168638,9,13.0
31,Alpine,2023_16,2023,45.40717041957701,333.0,60.1385727543594,104.0,2589.955795437894,137125,9,14.0
20,Haas F1 Team,2023_16,2023,34.14536218434035,335.0,86.30523128022273,104.0,2274.7480584184045,167998,9,15.0
77,Alfa Romeo,2023_16,2023,19.063009817808823,329.0,74.02867190934401,104.0,1072.7666682948272,136032,9,16.0
18,Aston Martin,2023_16,2023,26.60465002686465,325.0,74.30391247008255,104.0,1664.0078640160211,145072,9,17.0
27,Haas F1 Team,2023_16,2023,22.74664191862453,333.0,92.08308503883164,104.0,1911.4223611585992,168048,9,18.0
24,Alfa Romeo,2023_16,2023,22.884872759243883,327.0,73.30738045230304,104.0,1240.2325990328725,136075,9,19.0
2,Williams,2023_16,2023,7.533825037854736,335.0,100.23015679187222,104.0,431.878913691203,179178,9,20.0
1,Red Bull Racing,2023_17,2023,78.4644898421142,322.0,40.009337332352445,104.0,4298.011035029143,120400,9,1.0
63,Mercedes,2023_17,2023,86.6430309546715,321.0,59.72989644049573,104.0,5164.122856657801,138640,9,2.0
44,Mercedes,2023_17,2023,82.04453624582649,319.0,46.205308131967634,104.0,4549.058287589836,116004,9,3.0
14,Aston Martin,2023_17,2023,86.313677777149,329.0,48.32335464885971,104.0,4823.126478410956,116220,9,4.0
16,Ferrari,2023_17,2023,106.9232075151378,342.0,49.77431950653613,104.0,6218.358553562333,129818,9,5.0
81,McLaren,2023_17,2023,94.6228283628544,321.0,42.05285496010413,104.0,5452.885575236262,116310,9,6.0
10,Alpine,2023_17,2023,94.33382377907306,318.0,45.21419274517571,104.0,5398.121555090261,116458,9,7.0
31,Alpine,2023_17,2023,98.69831928017656,320.0,44.62497877879011,104.0,5445.003791522834,116730,9,8.0
77,Alfa Romeo,2023_17,2023,86.6308641276668,315.0,50.04255559956992,104.0,4848.927168807651,116670,9,9.0
4,McLaren,2023_17,2023,86.73583837926546,323.0,44.05687284251033,104.0,5133.710316337502,116654,9,10.0
22,AlphaTauri,2023_17,2023,65.75768207798087,319.0,56.48157998981382,104.0,3687.350008488484,116566,9,11.0
55,Ferrari,2023_17,2023,74.2061569803633,324.0,62.86639126252051,104.0,4586.669458434723,134708,9,12.0
11,Red Bull Racing,2023_17,2023,65.75587120140342,324.0,61.575236262803465,104.0,3617.62831758248,142976,9,13.0
23,Williams,2023_17,2023,61.814498330598155,323.0,68.82491087091846,104.0,3732.279157942391,138626,9,14.0
27,Haas F1 Team,2023_17,2023,49.17746590458944,323.0,79.97787335181937,104.0,3481.295965140626,142420,9,15.0
2,Williams,2023_17,2023,41.53505743874144,323.0,78.65242487691698,104.0,2763.9000622488825,142880,9,16.0
18,Aston Martin,2023_17,2023,41.06021164619999,326.0,86.01476996208477,104.0,2381.3816422386963,142378,9,17.0
40,AlphaTauri,2023_17,2023,41.146171693735496,317.0,68.00333880368966,104.0,2297.538509422217,116482,9,18.0
20,Haas F1 Team,2023_17,2023,37.133495557693394,318.0,86.00899779299417,104.0,3204.392620677947,142438,9,19.0
24,Alfa Romeo,2023_17,2023,37.09784392507498,326.0,70.09410899213401,104.0,2095.4113519325447,115890,9,20.0
16,Ferrari,2023_18,2023,85.68359788359788,329.0,36.941019214703424,104.0,5290.669729880256,124672,9,1.0
4,McLaren,2023_18,2023,81.7602896129212,326.0,53.36441102756892,104.0,5658.450403787246,146512,37,2.0
44,Mercedes,2023_18,2023,73.56853244221665,322.0,56.89395711500975,104.0,4225.438373712058,138160,9,3.0
55,Ferrari,2023_18,2023,73.52258423837371,327.0,45.039598997493734,104.0,4785.783625730995,141219,9,4.0
63,Mercedes,2023_18,2023,73.59326093010303,321.0,58.987580061264275,104.0,4710.349818991925,142978,9,5.0
1,Red Bull Racing,2023_18,2023,73.42016151489835,325.0,45.22606516290727,104.0,4267.189306599833,145848,9,6.0
10,Alpine,2023_18,2023,77.44121414647731,325.0,40.15750487329435,104.0,4786.476970203286,120588,9,7.0
31,Alpine,2023_18,2023,85.87691450849346,325.0,38.00813143971039,104.0,5183.470119743804,120606,9,8.0
11,Red Bull Racing,2023_18,2023,69.59203564466722,325.0,42.856697298802565,104.0,4246.337064884433,145388,9,9.0
81,McLaren,2023_18,2023,81.62289055973267,326.0,38.50431634642161,104.0,4987.849011417433,120182,9,10.0
22,AlphaTauri,2023_18,2023,49.05697577276525,320.0,50.21436925647452,104.0,2963.6376496797548,107666,9,11.0
24,Alfa Romeo,2023_18,2023,61.73957115009747,325.0,56.55249234196603,104.0,3457.9038707880813,120548,9,12.0
77,Alfa Romeo,2023_18,2023,61.51690336953495,327.0,54.414981899192426,104.0,3607.758563074352,119826,9,13.0
20,Haas F1 Team,2023_18,2023,49.02528543581175,333.0,65.31757170704539,104.0,3322.824895572264,132346,9,14.0
3,AlphaTauri,2023_18,2023,49.028292954608744,321.0,48.42099693678641,104.0,2995.5444722918405,109120,9,15.0
27,Haas F1 Team,2023_18,2023,24.478919521024785,329.0,83.19766081871344,104.0,2661.912559175717,142520,9,16.0
14,Aston Martin,2023_18,2023,31.982846003898636,324.0,59.59181286549707,104.0,2044.012754107491,113088,9,17.0
23,Williams,2023_18,2023,24.6197716513506,325.0,69.96324143692564,104.0,1796.1852408799778,127306,9,18.0
18,Aston Martin,2023_18,2023,36.810247841826786,323.0,61.24544695071011,104.0,2442.2087440824284,119276,9,19.0
2,Williams,2023_18,2023,32.774046226677804,325.0,77.90665552770815,104.0,2360.3451963241437,144654,9,20.0
16,Ferrari,2023_19,2023,55.70440503432494,352.0,46.62620137299771,104.0,4013.5937643020593,140880,9,1.0
55,Ferrari,2023_19,2023,55.72185354691076,350.0,47.32128146453089,104.0,3938.117276887872,140774,9,2.0
1,Red Bull Racing,2023_19,2023,49.45240274599542,351.0,32.80400457665904,104.0,2973.433752860412,120510,9,3.0
3,AlphaTauri,2023_19,2023,49.15903890160183,355.0,37.69067505720824,104.0,3018.244393592677,106536,9,4.0
11,Red Bull Racing,2023_19,2023,52.812242562929065,351.0,23.754061784897026,104.0,3162.6021167048057,118192,9,5.0
44,Mercedes,2023_19,2023,59.238443935926774,346.0,64.18009153318077,104.0,3805.209153318078,142624,9,6.0
81,McLaren,2023_19,2023,59.02871853546911,349.0,42.518764302059495,104.0,3871.9026887871855,110286,9,7.0
63,Mercedes,2023_19,2023,62.6879290617849,346.0,63.182723112128144,104.0,4033.787643020595,141270,9,8.0
77,Alfa Romeo,2023_19,2023,55.72156750572083,350.0,44.39593821510297,104.0,3407.2770022883296,105934,9,9.0
24,Alfa Romeo,2023_19,2023,49.05337528604119,348.0,46.52282608695652,104.0,3028.129233409611,106012,9,10.0
10,Alpine,2023_19,2023,48.97734553775744,344.0,52.61287185354691,104.0,3397.595594965675,114836,9,11.0
27,Haas F1 Team,2023_19,2023,40.17963386727689,353.0,50.64553775743707,104.0,2575.444508009153,104754,9,12.0
14,Aston Martin,2023_19,2023,46.14754004576659,346.0,52.01361556064073,104.0,2888.024027459954,114024,9,13.0
23,Williams,2023_19,2023,39.23340961098398,348.0,71.86321510297483,104.0,2736.90795194508,141688,9,14.0
22,AlphaTauri,2023_19,2023,36.126258581235696,343.0,59.6308352402746,104.0,2264.437471395881,109020,9,15.0
31,Alpine,2023_19,2023,19.65840961098398,344.0,59.475343249427915,104.0,1756.3295766590388,101046,9,16.0
20,Haas F1 Team,2023_19,2023,29.68867276887872,353.0,67.21510297482837,104.0,2929.6638443935926,117585,9,17.0
18,Aston Martin,2023_19,2023,29.729061784897024,348.0,59.47768878718536,104.0,2105.426315789474,113436,9,18.0
4,McLaren,2023_19,2023,19.83129290617849,348.0,66.96464530892449,104.0,1731.7176201372995,109594,9,19.0
2,Williams,2023_19,2023,19.99181922196796,348.0,83.34799771167049,104.0,1460.7759153318077,120871,9,20.0
1,Red Bull Racing,2023_20,2023,52.80709183673469,334.0,37.82117346938775,104.0,3074.0948979591835,148461,9,1.0
16,Ferrari,2023_20,2023,52.87464285714286,334.0,37.30326530612245,104.0,3560.5578571428573,124407,9,2.0
18,Aston Martin,2023_20,2023,47.00607142857143,331.0,38.805510204081635,104.0,3024.9128571428573,108572,9,3.0
14,Aston Martin,2023_20,2023,52.7169387755102,330.0,38.460306122448976,104.0,3295.354336734694,108874,9,4.0
44,Mercedes,2023_20,2023,62.237295918367344,328.0,63.93872448979592,104.0,3695.2780612244896,157576,9,5.0
63,Mercedes,2023_20,2023,62.02239795918367,328.0,33.22408163265306,104.0,3805.603469387755,104222,9,6.0
4,McLaren,2023_20,2023,38.21433673469388,332.0,71.02974489795919,104.0,3150.6435714285712,158592,9,7.0
55,Ferrari,2023_20,2023,58.815816326530616,334.0,49.34505102040816,104.0,3936.1652551020406,117559,9,8.0
11,Red Bull Racing,2023_20,2023,50.13510204081633,335.0,17.823265306122448,104.0,2969.047959183674,111091,9,9.0
81,McLaren,2023_20,2023,43.92229591836735,332.0,47.818418367346936,104.0,3069.9147959183674,123586,9,10.0
27,Haas F1 Team,2023_20,2023,44.30591836734694,335.0,69.88688775510204,104.0,3368.849642857143,154502,9,11.0
31,Alpine,2023_20,2023,44.107091836734696,339.0,38.851020408163265,104.0,2760.678724489796,101128,9,12.0
10,Alpine,2023_20,2023,41.36316326530612,340.0,35.35275510204082,104.0,2807.3260714285716,101450,9,13.0
20,Haas F1 Team,2023_20,2023,44.056581632653064,336.0,69.4859693877551,104.0,3158.659132653061,146006,9,14.0
23,Williams,2023_20,2023,44.452551020408166,332.0,64.71260204081632,104.0,2983.1327040816327,149210,9,15.0
22,AlphaTauri,2023_20,2023,26.57392857142857,336.0,49.297091836734694,104.0,1595.007551020408,100222,9,16.0
3,AlphaTauri,2023_20,2023,17.651122448979592,334.0,47.839642857142856,104.0,1086.5911224489796,99982,9,17.0
77,Alfa Romeo,2023_20,2023,26.540357142857143,329.0,57.06602040816327,104.0,1622.5901020408164,107696,9,18.0
2,Williams,2023_20,2023,26.201785714285716,331.0,85.49785714285714,104.0,1647.7935204081632,157800,9,19.0
24,Alfa Romeo,2023_20,2023,26.634948979591837,329.0,57.18515306122449,104.0,1571.766581632653,107806,9,20.0
16,Ferrari,2023_21,2023,108.66446373564828,350.0,57.7008681041725,104.0,5922.571828619434,135702,9,1.0
55,Ferrari,2023_21,2023,107.97821338560628,352.0,51.02957154858583,104.0,5886.900756090731,136248,9,2.0
1,Red Bull Racing,2023_21,2023,88.85891907028844,349.0,54.221562587510505,104.0,4538.231867824139,138184,9,3.0
63,Mercedes,2023_21,2023,103.42100252030244,350.0,60.73671240548866,104.0,5530.4702884346125,133012,9,4.0
10,Alpine,2023_21,2023,116.8500140016802,353.0,71.32080649677961,104.0,5987.159731167741,144840,9,5.0
23,Williams,2023_21,2023,98.89694763371604,352.0,55.10764491739009,104.0,5324.592719126295,134334,9,6.0
2,Williams,2023_21,2023,107.58655838700643,350.0,65.05819098291795,104.0,5551.978213385606,147070,9,7.0
77,Alfa Romeo,2023_21,2023,88.83802856342761,353.0,57.21024922990759,104.0,4441.220890506861,119710,9,8.0
20,Haas F1 Team,2023_21,2023,107.87885746289555,347.0,71.30288434612153,104.0,5759.804480537665,145034,9,9.0
14,Aston Martin,2023_21,2023,112.59339120694484,349.0,47.20459255110613,104.0,5558.3744049285915,113466,9,10.0
44,Mercedes,2023_21,2023,70.44911789414729,348.0,70.85539064687762,104.0,3640.21741809017,134836,9,11.0
11,Red Bull Racing,2023_21,2023,66.14897787734529,349.0,58.22061047325679,104.0,3356.7011481377767,123448,9,12.0
27,Haas F1 Team,2023_21,2023,79.408681041725,348.0,80.05382245869504,104.0,4254.668440212826,145458,9,13.0
18,Aston Martin,2023_21,2023,84.11884626155138,344.0,57.198319798375806,104.0,4151.03612433492,114934,9,14.0
3,AlphaTauri,2023_21,2023,84.58291795015401,348.0,56.85807896947634,104.0,4515.836516381966,120674,9,15.0
4,McLaren,2023_21,2023,41.96970036404368,342.0,67.25438252590311,104.0,2705.9046205544664,103029,9,16.0
31,Alpine,2023_21,2023,46.52175861103333,352.0,88.09969196303557,104.0,2600.169588350602,143852,9,17.0
24,Alfa Romeo,2023_21,2023,46.48395407448894,355.0,70.90137216465976,104.0,2308.8031363763653,118636,9,18.0
81,McLaren,2023_21,2023,46.45852702324279,344.0,64.42867544105293,104.0,2694.746177541305,84569,9,19.0
22,AlphaTauri,2023_21,2023,42.026939232707925,349.0,69.87432091851022,104.0,2297.4100252030244,117614,9,20.0
1,Red Bull Racing,2023_22,2023,60.228660790446405,333.0,38.57213534262155,104.0,3391.302587432471,135150,9,1.0
16,Ferrari,2023_22,2023,72.39903326698891,332.0,54.81495592834803,104.0,4655.561387546204,142476,9,2.0
81,McLaren,2023_22,2023,68.49223770258743,328.0,52.66624964458345,104.0,3984.38311060563,125710,9,3.0
63,Mercedes,2023_22,2023,72.253738982087,327.0,72.56798407733864,104.0,5386.23030992323,145476,9,4.0
4,McLaren,2023_22,2023,64.12050042649986,325.0,53.79220926926358,104.0,3908.5930622689793,124338,9,5.0
22,AlphaTauri,2023_22,2023,72.27841910719363,324.0,43.12868922377026,104.0,4292.501450099517,108858,9,6.0
14,Aston Martin,2023_22,2023,72.23093545635484,326.0,41.10463463178846,104.0,4208.335740688087,110378,9,7.0
27,Haas F1 Team,2023_22,2023,72.58993460335513,331.0,67.52948535683821,104.0,4416.534603355132,140800,9,8.0
11,Red Bull Racing,2023_22,2023,68.38635200454934,333.0,27.1243104918965,104.0,3993.403298265567,123232,9,9.0
10,Alpine,2023_22,2023,72.1468296843901,329.0,47.22615865794712,104.0,4181.572817742394,108716,9,10.0
44,Mercedes,2023_22,2023,48.29559283480239,328.0,80.37731020756327,104.0,2741.5425078191643,143200,9,11.0
31,Alpine,2023_22,2023,48.335285754904746,330.0,51.214899061700315,104.0,3056.921069092977,108650,9,12.0
18,Aston Martin,2023_22,2023,48.18146147284617,327.0,41.8348023883992,104.0,2832.12323002559,109674,9,13.0
23,Williams,2023_22,2023,48.33340915553028,335.0,82.77253340915553,104.0,2710.028092123969,143164,9,14.0
3,AlphaTauri,2023_22,2023,48.54648848450384,326.0,49.522035825988056,104.0,2832.2568097810636,109054,9,15.0
55,Ferrari,2023_22,2023,23.941711686096102,330.0,75.32715382428206,104.0,2883.2626101791298,141594,9,16.0
20,Haas F1 Team,2023_22,2023,24.318112027295992,330.0,90.36701734432756,104.0,2259.5749218083592,128555,9,17.0
77,Alfa Romeo,2023_22,2023,24.184475405174865,329.0,66.85874324708558,104.0,1392.5915837361388,107868,9,18.0
24,Alfa Romeo,2023_22,2023,24.106624964458344,327.0,67.67750924083025,104.0,1371.1865226044924,108126,9,19.0
2,Williams,2023_22,2023,24.220130793289737,332.0,90.55422234859256,104.0,1719.16025021325,117013,9,20.0
1,Red Bull Racing,2024_1,2024,71.20594613102031,331.0,28.595982652362473,104.0,4177.40555809176,118054,9,1.0
16,Ferrari,2024_1,2024,79.69887012097695,319.0,57.30044510385757,104.0,5150.52162748231,144082,9,2.0
63,Mercedes,2024_1,2024,71.094384843643,317.0,60.973008445560374,104.0,4597.386213193335,143606,9,3.0
55,Ferrari,2024_1,2024,75.71673133987674,323.0,52.863672677470895,104.0,4709.854199954349,143764,9,4.0
11,Red Bull Racing,2024_1,2024,71.24726089933804,322.0,43.287947957087425,104.0,4062.618294909838,144421,9,5.0
14,Aston Martin,2024_1,2024,58.7204405386898,320.0,47.53321159552613,104.0,3455.0095297877197,109586,9,6.0
4,McLaren,2024_1,2024,62.993095183748,315.0,70.96273681807807,104.0,4080.876512211824,143456,9,7.0
81,McLaren,2024_1,2024,75.2976489385985,316.0,70.87017804154303,104.0,4436.669481853458,143710,9,8.0
44,Mercedes,2024_1,2024,75.32058890664231,317.0,63.25199726089934,104.0,4471.585825154074,143774,9,9.0
27,Haas F1 Team,2024_1,2024,75.01255421136727,321.0,71.27185574069847,104.0,4618.569390550103,144468,9,10.0
22,RB,2024_1,2024,50.18306322757361,317.0,52.2149623373659,104.0,3017.011926500799,108478,9,11.0
18,Aston Martin,2024_1,2024,50.11355854827665,319.0,80.06105911892261,104.0,3093.425530700754,143228,9,12.0
23,Williams,2024_1,2024,50.5109564026478,323.0,76.75028532298562,104.0,3126.090618580233,142638,9,13.0
3,RB,2024_1,2024,50.057349920109566,317.0,51.59404245606026,104.0,2941.5873088336,109526,9,14.0
20,Haas F1 Team,2024_1,2024,50.17884044738644,321.0,79.44909837936544,104.0,3652.680894772883,142380,9,15.0
77,Kick Sauber,2024_1,2024,25.273054097238074,320.0,67.7809860762383,104.0,1437.1652020086738,107644,9,16.0
24,Kick Sauber,2024_1,2024,25.20172335083314,315.0,69.06796393517462,104.0,1415.4703264094956,107554,9,17.0
2,Williams,2024_1,2024,25.347295138096325,322.0,83.58856425473635,104.0,1935.7860077607852,138230,9,18.0
31,Alpine,2024_1,2024,37.855227117096554,318.0,59.47574754622232,104.0,2685.905615156357,118462,9,19.0
10,Alpine,2024_1,2024,37.819276420908466,317.0,84.83713763980826,104.0,2727.518945446245,141988,9,20.0
1,Red Bull Racing,2024_2,2024,77.65711462450592,333.0,32.52569169960474,104.0,4011.4178801747457,130022,9,1.0
16,Ferrari,2024_2,2024,103.8510505512794,332.0,63.87138547950905,104.0,5831.010089452881,158797,9,2.0
11,Red Bull Racing,2024_2,2024,81.95610567921781,332.0,31.842053255668816,104.0,4298.616548783025,131291,9,3.0
14,Aston Martin,2024_2,2024,73.19273975452465,331.0,62.49027459954233,104.0,3851.805804035781,136296,9,4.0
81,McLaren,2024_2,2024,95.00488870397338,327.0,57.400093613480344,104.0,4915.426929477845,137544,9,5.0
4,McLaren,2024_2,2024,94.76523819429998,327.0,53.252652381943,104.0,5060.06266902434,138648,9,6.0
63,Mercedes,2024_2,2024,94.74199084668192,332.0,51.809288537549406,104.0,5024.336280424381,133231,9,7.0
44,Mercedes,2024_2,2024,103.19877262325775,333.0,70.23101726648638,104.0,5098.37528604119,158413,9,8.0
22,RB,2024_2,2024,77.40102974828375,333.0,48.6919076346994,104.0,4301.266746411483,121305,9,9.0
18,Aston Martin,2024_2,2024,82.11878510505512,329.0,58.35879966715207,104.0,4397.574422716872,136230,9,10.0
38,Ferrari,2024_2,2024,77.84454961514459,332.0,67.55861244019138,104.0,4531.179789889744,159788,9,11.0
23,Williams,2024_2,2024,69.35131058872477,332.0,73.51118161015187,104.0,3784.71161847306,155783,9,12.0
20,Haas F1 Team,2024_2,2024,73.28624921988767,336.0,73.18842313293115,104.0,4238.647233201581,156572,9,13.0
3,RB,2024_2,2024,51.50790513833992,334.0,77.37565009361349,104.0,2847.0470147701267,155050,9,14.0
27,Haas F1 Team,2024_2,2024,39.41808820470147,338.0,81.83633243187019,104.0,2479.6268462658622,165449,9,15.0
77,Kick Sauber,2024_2,2024,38.69346785937175,330.0,76.52127106303308,104.0,2050.9962554607864,135070,9,16.0
31,Alpine,2024_2,2024,42.90446224256293,332.0,73.9112752236322,104.0,2750.152433950489,135526,9,17.0
10,Alpine,2024_2,2024,38.80845641772415,327.0,75.41257541085916,104.0,2557.097670064489,135058,9,18.0
2,Williams,2024_2,2024,38.8384647389224,331.0,78.109423757021,104.0,2571.7707509881425,136488,9,19.0
24,Kick Sauber,2024_2,2024,8.514510089452882,321.0,63.99136675681298,104.0,444.0367172872894,100058,9,20.0
1,Red Bull Racing,2024_3,2024,83.98766891891891,329.0,53.68536036036036,104.0,4343.420157657658,131506,9,1.0
55,Ferrari,2024_3,2024,72.52376126126126,324.0,52.480743243243246,104.0,4297.044763513513,146212,9,2.0
11,Red Bull Racing,2024_3,2024,88.15731981981982,330.0,45.161204954954954,104.0,4483.981193693694,127739,9,3.0
4,McLaren,2024_3,2024,76.28057432432432,323.0,78.57387387387388,104.0,4138.683051801801,149060,9,4.0
16,Ferrari,2024_3,2024,80.68338963963964,324.0,63.179054054054056,104.0,4710.7027027027025,145582,9,5.0
81,McLaren,2024_3,2024,72.08057432432433,326.0,54.84802927927928,104.0,3735.16768018018,114436,9,6.0
63,Mercedes,2024_3,2024,91.92240990990992,323.0,49.79853603603603,104.0,4838.7967342342345,114368,9,7.0
22,RB,2024_3,2024,71.91424549549549,323.0,40.45084459459459,104.0,3946.7269707207206,109044,9,8.0
18,Aston Martin,2024_3,2024,91.96356981981982,324.0,56.80647522522523,104.0,4568.20045045045,120490,9,9.0
14,Aston Martin,2024_3,2024,83.87314189189189,324.0,58.29588963963964,104.0,4259.601970720721,118838,9,10.0
44,Mercedes,2024_3,2024,60.36942567567568,321.0,71.9705518018018,104.0,3248.2938626126124,135642,9,11.0
23,Williams,2024_3,2024,60.31390765765766,324.0,78.4705518018018,104.0,3349.7101351351353,146576,9,12.0
77,Kick Sauber,2024_3,2024,60.288738738738736,324.0,62.607657657657654,104.0,3137.0502815315317,118624,9,13.0
20,Haas F1 Team,2024_3,2024,51.97618243243243,328.0,78.23445945945946,104.0,3103.2581644144143,140454,9,14.0
31,Alpine,2024_3,2024,84.13057432432433,326.0,70.75968468468469,104.0,4816.759009009009,147668,9,15.0
27,Haas F1 Team,2024_3,2024,32.20506756756757,329.0,87.9563063063063,104.0,2066.2889076576575,144388,9,16.0
10,Alpine,2024_3,2024,44.20760135135135,325.0,70.61948198198198,104.0,2465.808783783784,122760,9,17.0
3,RB,2024_3,2024,24.09572072072072,322.0,64.74588963963964,104.0,1331.7876126126123,107400,9,18.0
24,Kick Sauber,2024_3,2024,36.27252252252252,324.0,70.56092342342342,104.0,1919.3076576576575,116602,9,19.0
1,Red Bull Racing,2024_4,2024,54.910782608695655,326.0,53.04046376811594,104.0,2968.1884057971015,138724,9,1.0
11,Red Bull Racing,2024_4,2024,54.637159420289855,326.0,38.712057971014495,104.0,2936.693565217391,123622,9,2.0
4,McLaren,2024_4,2024,59.32069565217391,320.0,50.55344927536232,104.0,3513.740579710145,109492,9,3.0
55,Ferrari,2024_4,2024,54.69982608695652,322.0,61.62631884057971,104.0,3515.257043478261,138874,9,4.0
14,Aston Martin,2024_4,2024,54.69130434782609,326.0,57.11373913043478,104.0,3038.664927536232,109610,9,5.0
81,McLaren,2024_4,2024,54.691420289855074,319.0,58.24811594202899,104.0,3053.8106666666667,109686,9,6.0
44,Mercedes,2024_4,2024,68.47060869565217,321.0,74.58046376811595,104.0,3659.928289855072,139094,9,7.0
16,Ferrari,2024_4,2024,54.640521739130435,322.0,64.52968115942029,104.0,3400.214956521739,138740,9,8.0
63,Mercedes,2024_4,2024,68.40498550724638,322.0,75.80492753623189,104.0,3779.392289855072,138880,9,9.0
22,RB,2024_4,2024,82.40817391304348,324.0,40.4576231884058,104.0,4668.296173913043,110096,9,10.0
3,RB,2024_4,2024,54.99507246376812,323.0,50.451942028985506,104.0,3156.362898550725,109850,9,11.0
27,Haas F1 Team,2024_4,2024,55.14197101449275,328.0,74.25791304347825,104.0,3845.1171594202897,139522,9,12.0
77,Kick Sauber,2024_4,2024,54.912231884057974,322.0,55.1952463768116,104.0,3059.6351304347827,108288,9,13.0
23,Williams,2024_4,2024,41.39002898550724,326.0,83.87344927536232,104.0,2329.003652173913,138712,9,14.0
31,Alpine,2024_4,2024,54.86857971014493,324.0,71.66979710144928,104.0,3648.555710144928,139004,9,15.0
18,Aston Martin,2024_4,2024,27.51849275362319,321.0,64.62747826086957,104.0,1625.1065507246376,109068,9,16.0
10,Alpine,2024_4,2024,27.630840579710146,322.0,86.7119420289855,104.0,1763.3459710144928,138494,9,17.0
20,Haas F1 Team,2024_4,2024,41.47379710144928,328.0,87.10904347826087,104.0,2452.7487536231883,138748,9,18.0
2,Williams,2024_4,2024,27.995652173913044,322.0,80.16649275362319,104.0,2242.150666666667,128419,9,19.0
24,Kick Sauber,2024_4,2024,27.538666666666668,321.0,68.24173913043478,104.0,1543.1240579710145,108056,9,20.0
1,Red Bull Racing,2024_5,2024,67.5176187797269,336.0,26.51843706848054,104.0,4013.64220324247,142855,9,1.0
11,Red Bull Racing,2024_5,2024,71.37651511277042,337.0,38.808213573364704,104.0,4160.588247327776,160124,9,2.0
14,Aston Martin,2024_5,2024,56.44172249782642,336.0,55.68746483915512,104.0,3412.5791438653914,136354,9,3.0
4,McLaren,2024_5,2024,55.75962767861709,332.0,73.78755178233519,104.0,3543.9813327878073,164995,9,4.0
81,McLaren,2024_5,2024,60.22231882575563,331.0,55.8584360456196,104.0,3867.870556947783,138735,9,5.0
16,Ferrari,2024_5,2024,75.23101314376311,335.0,53.63586150462845,104.0,4731.128471334322,152848,9,6.0
55,Ferrari,2024_5,2024,67.66731447859664,337.0,38.91898941338925,104.0,4394.604459673707,158746,9,7.0
63,Mercedes,2024_5,2024,78.74264818697898,335.0,66.73129443052217,104.0,4690.742494757837,162023,9,8.0
27,Haas F1 Team,2024_5,2024,78.40551322047767,339.0,53.825448780238325,104.0,4695.824425919296,147662,9,9.0
77,Kick Sauber,2024_5,2024,56.234337441824785,333.0,58.02766838848259,104.0,3295.4995141410527,135892,9,10.0
18,Aston Martin,2024_5,2024,44.97049046182172,339.0,61.85506060451082,104.0,2764.5925944867795,135707,9,11.0
3,RB,2024_5,2024,44.83705825193065,337.0,59.17521607937401,104.0,2743.2441569068687,132088,9,12.0
31,Alpine,2024_5,2024,56.33754411087813,331.0,61.282411906101366,104.0,3717.092568915256,147457,9,13.0
23,Williams,2024_5,2024,52.44734823300772,337.0,60.243236332020665,104.0,3192.589730476142,147385,9,14.0
10,Alpine,2024_5,2024,56.37728225847696,331.0,70.3446018513783,104.0,3582.124073032271,158018,9,15.0
24,Kick Sauber,2024_5,2024,29.952948396665473,334.0,78.7858129187337,104.0,1825.7508310745152,142824,9,16.0
20,Haas F1 Team,2024_5,2024,22.569886973865906,337.0,87.32900322201196,104.0,1802.6702807753288,166073,9,17.0
44,Mercedes,2024_5,2024,22.488058098501508,336.0,92.30823914488823,104.0,1259.9637395796042,157214,9,18.0
22,RB,2024_5,2024,33.79614381424845,335.0,75.03421469851173,104.0,2098.95074924564,128371,9,19.0
2,Williams,2024_5,2024,26.113742136756507,333.0,70.48821152764282,104.0,1968.6100342658417,102389,9,20.0
1,Red Bull Racing,2024_6,2024,77.04483855762432,343.0,29.02563045015319,104.0,4371.096217299081,119014,9,1.0
16,Ferrari,2024_6,2024,89.93188781522508,340.0,57.161265613952395,104.0,5396.01361065284,140110,9,2.0
55,Ferrari,2024_6,2024,89.65478435069527,340.0,33.87155314635871,104.0,5357.0538534056095,125300,9,3.0
11,Red Bull Racing,2024_6,2024,77.04366014612303,342.0,35.978729672401606,104.0,4202.5588027339145,124170,9,4.0
4,McLaren,2024_6,2024,90.0950978081546,339.0,44.56699269384869,104.0,5260.720952156493,119616,9,5.0
81,McLaren,2024_6,2024,81.10688192316756,337.0,44.801496582606646,104.0,4761.085199151544,118412,9,6.0
63,Mercedes,2024_6,2024,89.65843742634928,339.0,46.081840678765026,104.0,5204.51325712939,126376,9,7.0
44,Mercedes,2024_6,2024,89.64176290360594,338.0,45.1756422342682,104.0,4888.771211407024,124520,9,8.0
27,Haas F1 Team,2024_6,2024,89.49051378741457,343.0,46.72878859297667,104.0,5340.582842328541,127136,9,9.0
22,RB,2024_6,2024,89.50913268913504,337.0,44.85570351166627,104.0,5373.353287768088,123294,9,10.0
18,Aston Martin,2024_6,2024,63.70439547489983,344.0,57.373438604760786,104.0,3671.374558095687,121676,9,11.0
10,Alpine,2024_6,2024,63.89241102993165,342.0,54.65560923874617,104.0,4157.19520386519,123776,9,12.0
31,Alpine,2024_6,2024,64.06239688899363,342.0,56.571293895828425,104.0,4033.451685128447,123626,9,13.0
23,Williams,2024_6,2024,64.02362715060099,346.0,58.46352816403488,104.0,3652.284998821589,124490,37,14.0
14,Aston Martin,2024_6,2024,63.87667923638935,339.0,55.424522743341974,104.0,3731.822295545605,124030,9,15.0
77,Kick Sauber,2024_6,2024,25.309568701390525,346.0,68.07341503653076,104.0,1446.2748644826777,106942,9,16.0
2,Williams,2024_6,2024,34.022448739099694,345.0,71.4769031345746,104.0,2133.203393825124,128988,9,17.0
3,RB,2024_6,2024,38.34934008955928,337.0,70.21965590384163,104.0,2375.4521564930474,122722,9,18.0
20,Haas F1 Team,2024_6,2024,38.46771152486448,343.0,72.32394532170633,104.0,2187.8574711289184,122918,9,19.0
24,Kick Sauber,2024_6,2024,38.27828187603111,344.0,72.30968654254066,104.0,2257.9011312750413,123232,9,20.0
1,Red Bull Racing,2024_7,2024,71.49586529242569,340.0,28.69499041227229,104.0,4138.074784276127,125060,9,1.0
81,McLaren,2024_7,2024,59.860858101629915,333.0,47.05740651965484,104.0,3704.2229745925215,106494,9,2.0
4,McLaren,2024_7,2024,75.48166347075743,335.0,46.70074304889741,104.0,4544.33455177373,111094,9,3.0
16,Ferrari,2024_7,2024,83.80920421860019,333.0,48.070889261744966,104.0,4979.208473154363,134926,9,4.0
55,Ferrari,2024_7,2024,79.5945589645254,336.0,51.52223154362416,104.0,4956.87368168744,134632,9,5.0
63,Mercedes,2024_7,2024,71.59461888782359,331.0,70.52259108341323,104.0,4175.942653403643,134552,9,6.0
22,RB,2024_7,2024,60.00964765100671,333.0,48.45655560882071,104.0,3528.8690675934804,105154,9,7.0
44,Mercedes,2024_7,2024,79.49790268456375,333.0,52.0414669223394,104.0,4374.612356184084,115810,9,8.0
3,RB,2024_7,2024,59.794642857142854,333.0,48.40897651006711,104.0,3559.171800095877,105158,9,9.0
27,Haas F1 Team,2024_7,2024,83.03739213806328,337.0,55.72920661553212,104.0,4710.11349472675,119390,9,10.0
11,Red Bull Racing,2024_7,2024,39.538650527325025,337.0,45.43480345158198,104.0,2521.3613974113136,133482,9,11.0
31,Alpine,2024_7,2024,59.771632310642374,329.0,67.13530680728667,104.0,3844.351869606903,134782,9,12.0
18,Aston Martin,2024_7,2024,59.80830536912752,336.0,73.12541946308725,104.0,3615.4723154362414,134202,9,13.0
23,Williams,2024_7,2024,47.555848513902205,335.0,81.27900287631832,104.0,2731.969618887824,134512,9,14.0
10,Alpine,2024_7,2024,55.98549856184084,329.0,65.07562320230106,104.0,3985.6362655800576,132522,9,15.0
77,Kick Sauber,2024_7,2024,23.955716682646212,334.0,69.50910834132311,104.0,1330.713027325024,104116,9,16.0
24,Kick Sauber,2024_7,2024,35.61187679769895,333.0,75.74244966442953,104.0,2037.6656879194632,120666,9,17.0
20,Haas F1 Team,2024_7,2024,31.47153643336529,334.0,74.13734419942473,104.0,2619.033616970278,117538,9,18.0
14,Aston Martin,2024_7,2024,27.91149328859061,336.0,86.72279482262704,104.0,1996.9995805369128,120810,9,19.0
2,Williams,2024_7,2024,31.634108341323103,337.0,69.30021572387344,104.0,2048.9600910834133,89621,9,20.0
16,Ferrari,2024_8,2024,66.9051679136941,291.0,46.99535989791775,104.0,5053.985441679717,132650,9,1.0
81,McLaren,2024_8,2024,62.273998027956615,287.0,43.272605997331944,104.0,4463.808131778899,125610,8,2.0
55,Ferrari,2024_8,2024,72.46598225160953,289.0,40.94901687837133,104.0,5582.017806391741,139472,8,3.0
4,McLaren,2024_8,2024,69.63459196102315,287.0,44.964851226726985,104.0,4884.943158749493,140182,8,4.0
63,Mercedes,2024_8,2024,72.56939852676759,290.0,51.76747288440346,104.0,5195.402180847978,139750,8,5.0
1,Red Bull Racing,2024_8,2024,72.57212458674091,289.0,37.939968679310944,104.0,4926.497534945769,137222,8,6.0
44,Mercedes,2024_8,2024,72.16762368772113,291.0,51.96798329563251,104.0,4942.357461864161,139706,9,7.0
22,RB,2024_8,2024,64.27365002030045,289.0,35.38014036308799,104.0,4690.962241169305,125964,8,8.0
23,Williams,2024_8,2024,75.3950466910272,289.0,45.40589292964445,104.0,5283.076329679253,139222,9,9.0
10,Alpine,2024_8,2024,77.29238443245751,290.0,45.65912650078302,104.0,5697.918334203352,139444,8,10.0
31,Alpine,2024_8,2024,51.49567890493591,289.0,58.36732208108578,104.0,4193.679194942289,139246,8,11.0
3,RB,2024_8,2024,54.255611623455714,286.0,48.493996867931095,104.0,4025.759468708311,125588,8,12.0
18,Aston Martin,2024_8,2024,43.74473638420045,291.0,56.80668174699843,104.0,3077.9124760744735,125164,8,13.0
27,Haas F1 Team,2024_8,2024,51.4134330955281,292.0,61.491328809233806,104.0,4387.85163273592,140282,9,14.0
14,Aston Martin,2024_8,2024,28.31657096456122,291.0,63.077721709877615,104.0,2332.6519923438314,102864,8,14.0
2,Williams,2024_8,2024,31.49799895597703,288.0,69.09796415521141,104.0,2507.2239429267443,140314,9,15.0
20,Haas F1 Team,2024_8,2024,46.430601473232414,294.0,67.4840786497303,104.0,3574.3308392784643,138978,8,15.0
11,Red Bull Racing,2024_8,2024,31.072327591207006,289.0,66.7431703497477,104.0,2215.809465808248,138782,9,16.0
77,Kick Sauber,2024_8,2024,28.503915086131897,289.0,70.25468360303927,104.0,2070.086363900006,124550,8,17.0
24,Kick Sauber,2024_8,2024,28.44747984455658,288.0,67.23171509773215,104.0,2082.79380546372,124620,9,18.0
63,Mercedes,2024_9,2024,88.10518398518862,334.0,49.48906503124277,104.0,4988.728072205508,116572,9,1.0
1,Red Bull Racing,2024_9,2024,92.19839157602406,330.0,36.900138856746125,104.0,5330.339446887295,135708,9,2.0
4,McLaren,2024_9,2024,85.14458458690117,329.0,49.48142791020597,104.0,4926.470782226336,124618,9,3.0
81,McLaren,2024_9,2024,98.58296690580885,329.0,43.88023605646841,104.0,5704.904246702153,122332,9,4.0
3,RB,2024_9,2024,85.09557972691506,333.0,39.166338810460545,104.0,5210.347894006017,121442,9,5.0
14,Aston Martin,2024_9,2024,77.88434390187457,333.0,51.65737097894006,104.0,4624.130641055312,122044,9,6.0
44,Mercedes,2024_9,2024,88.03054848414719,327.0,47.618780374913214,104.0,4754.596274010646,115568,9,7.0
22,RB,2024_9,2024,81.67733163619532,334.0,39.66876880351771,104.0,5019.148403147419,119910,9,8.0
18,Aston Martin,2024_9,2024,84.7074172645221,337.0,52.09118259662115,104.0,5071.895163156677,128592,9,9.0
23,Williams,2024_9,2024,88.5945961582967,336.0,46.92495950011571,104.0,5206.989122888221,127472,9,10.0
16,Ferrari,2024_9,2024,71.49357787549178,331.0,65.9008909974543,104.0,4597.929935200185,141548,9,11.0
55,Ferrari,2024_9,2024,74.5622541078454,330.0,67.16234667900949,104.0,4899.51324924786,143524,9,12.0
2,Williams,2024_9,2024,75.31740337884749,334.0,60.31005554269845,104.0,4415.924265216385,135570,9,13.0
20,Haas F1 Team,2024_9,2024,54.372251793566306,332.0,67.75630641055311,104.0,4067.883418190234,140652,9,14.0
10,Alpine,2024_9,2024,61.26718352233279,326.0,55.78332561906966,104.0,4047.1440638741033,128142,9,15.0
11,Red Bull Racing,2024_9,2024,37.45302013422819,331.0,67.0213492247165,104.0,2354.7620342513305,139702,9,16.0
77,Kick Sauber,2024_9,2024,33.993462161536684,332.0,72.02979634343902,104.0,1860.3968410090256,113716,9,17.0
31,Alpine,2024_9,2024,37.24832214765101,329.0,78.12254107845406,104.0,2357.130409627401,138414,9,18.0
27,Haas F1 Team,2024_9,2024,33.8178662346679,327.0,70.58290904883128,104.0,2425.2797384864616,118208,9,19.0
24,Kick Sauber,2024_9,2024,37.21106225410784,333.0,74.07376764637816,104.0,2082.163966674381,125042,9,20.0
4,McLaren,2024_10,2024,44.2124647556391,326.0,55.86266447368421,104.0,2757.9669290413535,108156,9,1.0
1,Red Bull Racing,2024_10,2024,44.207413063909776,330.0,36.81138392857143,104.0,2585.4962993421054,127880,9,2.0
44,Mercedes,2024_10,2024,66.36771616541354,329.0,71.72932330827068,104.0,3814.7524083646617,138446,9,3.0
63,Mercedes,2024_10,2024,59.41188909774437,330.0,66.46516682330827,104.0,3917.482260338346,137866,9,4.0
16,Ferrari,2024_10,2024,44.14127114661654,329.0,68.50370065789474,104.0,3101.686795112782,137670,9,5.0
55,Ferrari,2024_10,2024,44.25599154135338,330.0,58.33294172932331,104.0,3127.3576715225563,137506,9,6.0
10,Alpine,2024_10,2024,66.38762922932331,324.0,43.66083176691729,104.0,4260.648026315789,108134,9,7.0
11,Red Bull Racing,2024_10,2024,66.4093045112782,326.0,35.40718984962406,104.0,3839.0259046052633,135264,9,8.0
31,Alpine,2024_10,2024,66.43879229323308,324.0,50.072544642857146,104.0,3894.0261983082705,108356,9,9.0
81,McLaren,2024_10,2024,59.11295817669173,323.0,45.816964285714285,104.0,3847.158482142858,108968,9,10.0
14,Aston Martin,2024_10,2024,44.2844219924812,327.0,51.64268092105263,104.0,2748.9662828947367,107868,9,11.0
77,Kick Sauber,2024_10,2024,44.49424342105263,328.0,57.6578947368421,104.0,2569.69842575188,107110,9,12.0
27,Haas F1 Team,2024_10,2024,44.56191259398496,331.0,53.51057330827068,104.0,2776.8379934210525,107516,9,13.0
18,Aston Martin,2024_10,2024,55.82747885338346,328.0,59.12082941729323,104.0,3355.8504464285716,116979,9,14.0
24,Kick Sauber,2024_10,2024,55.69807330827068,329.0,62.95077537593985,104.0,3183.5457589285716,116730,9,15.0
20,Haas F1 Team,2024_10,2024,22.289708646616543,331.0,69.68479793233082,104.0,1331.4415531015038,106640,9,16.0
22,RB,2024_10,2024,33.52690319548872,329.0,67.64003759398496,104.0,2030.008928571429,115652,9,17.0
3,RB,2024_10,2024,33.543056860902254,329.0,69.62558740601504,104.0,2018.7559915413533,116066,9,18.0
23,Williams,2024_10,2024,22.2249765037594,324.0,67.43562030075188,104.0,1517.022145206767,101549,9,19.0
2,Williams,2024_10,2024,33.97550516917293,326.0,70.29910714285714,104.0,2113.480615601504,112210,9,20.0
1,Red Bull Racing,2024_11,2024,61.40186970493719,324.0,36.457785568215016,104.0,3336.975810692375,123096,9,1.0
4,McLaren,2024_11,2024,68.00782938942449,323.0,49.80035056967572,104.0,4059.319777972539,118936,9,2.0
63,Mercedes,2024_11,2024,61.33812445223488,323.0,72.0314344142565,104.0,3643.7302950628105,140904,9,3.0
55,Ferrari,2024_11,2024,61.03984808647385,324.0,57.563131755769795,104.0,3771.281273736488,140158,9,4.0
44,Mercedes,2024_11,2024,60.97172071282501,322.0,73.26906222611744,104.0,3312.2945369558865,139272,9,5.0
16,Ferrari,2024_11,2024,74.33152205667542,323.0,54.38737949167397,104.0,4797.492375109553,141040,9,6.0
81,McLaren,2024_11,2024,57.7758691206544,322.0,68.57657026000584,104.0,4037.795384165936,140090,9,7.0
11,Red Bull Racing,2024_11,2024,71.58977505112475,324.0,40.28676599474146,104.0,4126.598889862694,139586,9,8.0
27,Haas F1 Team,2024_11,2024,71.83488168273445,325.0,48.265264387963775,104.0,4186.13853345019,117784,9,9.0
31,Alpine,2024_11,2024,81.57592754893368,322.0,61.16032719836401,104.0,4750.404791118902,139930,9,10.0
3,RB,2024_11,2024,51.49144025708443,325.0,52.60514168857727,104.0,3071.548641542506,116806,9,11.0
20,Haas F1 Team,2024_11,2024,51.125270230791706,325.0,57.541513292433535,104.0,3030.9287174992696,115638,9,12.0
10,Alpine,2024_11,2024,61.25801928133217,320.0,69.27227578147823,104.0,3657.738767163307,134470,9,13.0
22,RB,2024_11,2024,51.19053461875548,325.0,55.439439088518846,104.0,3031.5627227578148,117020,9,14.0
14,Aston Martin,2024_11,2024,51.16862401402279,322.0,53.10762489044698,104.0,2991.9765118317264,119570,9,15.0
23,Williams,2024_11,2024,30.514052001168565,324.0,65.88349401110138,104.0,2254.550686532282,100412,9,16.0
18,Aston Martin,2024_11,2024,30.528133216476775,325.0,64.90452819164476,104.0,2127.106397896582,118120,9,17.0
77,Kick Sauber,2024_11,2024,30.50417762196903,326.0,68.44446392053754,104.0,1695.6215016067777,112116,9,18.0
2,Williams,2024_11,2024,30.531463628396143,324.0,80.49716622845457,104.0,2020.881565877885,95575,9,19.0
24,Kick Sauber,2024_11,2024,30.607186678352324,324.0,71.1065731814198,104.0,1645.3638328951213,112596,9,20.0
63,Mercedes,2024_12,2024,105.583951449764,325.0,49.99610975673012,104.0,5700.510192437367,141349,9,1.0
44,Mercedes,2024_12,2024,101.21972093988278,324.0,67.66995176098345,104.0,5269.9212096063075,163924,9,2.0
4,McLaren,2024_12,2024,89.02370454899113,320.0,48.36780953368951,104.0,4934.234503864308,138572,9,3.0
1,Red Bull Racing,2024_12,2024,97.58192852326366,325.0,33.27070906167332,104.0,5126.741895326521,147073,9,4.0
81,McLaren,2024_12,2024,96.96820374500751,335.0,47.19025883085222,104.0,5225.28777426215,138962,9,5.0
27,Haas F1 Team,2024_12,2024,69.28585507547072,328.0,72.93116862907827,104.0,3992.518854712381,161969,9,6.0
55,Ferrari,2024_12,2024,97.21085118522744,326.0,45.91114684371596,104.0,5454.464858135795,160788,9,7.0
18,Aston Martin,2024_12,2024,101.20265573940556,327.0,48.32071165516883,104.0,5506.010892681155,140451,9,8.0
23,Williams,2024_12,2024,93.44198350536854,326.0,65.27003475283988,104.0,5139.050002593495,162894,9,9.0
14,Aston Martin,2024_12,2024,96.9936200010374,327.0,50.20021785362312,104.0,5257.329270190363,140605,9,10.0
16,Ferrari,2024_12,2024,77.48244203537529,323.0,62.742725245085325,104.0,4763.867887338555,164952,9,11.0
2,Williams,2024_12,2024,81.44286529384304,325.0,70.54146999325691,104.0,4478.988899839203,163194,9,12.0
22,RB,2024_12,2024,69.02904714974844,325.0,48.654390787903935,104.0,3682.423725296955,138030,9,13.0
24,Kick Sauber,2024_12,2024,89.90865708802323,323.0,56.40162871518232,104.0,4728.79257222885,141165,9,14.0
3,RB,2024_12,2024,73.45604025105037,326.0,49.759323616370146,104.0,4041.9941905700503,138565,9,15.0
77,Kick Sauber,2024_12,2024,44.81025986825043,306.0,71.00238601587219,104.0,2376.9842834171895,148149,9,16.0
20,Haas F1 Team,2024_12,2024,24.39239587115514,312.0,90.87405985787645,104.0,1665.4493490326263,169444,9,17.0
31,Alpine,2024_12,2024,44.75392914570258,303.0,78.49831422791638,104.0,3010.5085326002386,164904,9,18.0
11,Red Bull Racing,2024_12,2024,18.298200114113804,306.0,77.23460760412884,104.0,1161.9451216349396,171602,58,19.0
10,Alpine,2024_12,2024,28.452150007780485,298.0,77.76731158255096,104.0,2183.331708076145,166214,9,20.0
4,McLaren,2024_13,2024,57.68388826815642,318.0,47.42753072625698,104.0,3812.5690726256985,167693,9,1.0
81,McLaren,2024_13,2024,55.116245810055865,317.0,49.07208938547486,104.0,3607.194413407821,168054,9,2.0
1,Red Bull Racing,2024_13,2024,54.93331843575419,321.0,43.1435530726257,104.0,3351.719374301676,188030,9,3.0
55,Ferrari,2024_13,2024,67.9334972067039,319.0,43.8635530726257,104.0,4597.12366480447,187571,9,4.0
44,Mercedes,2024_13,2024,62.96612290502793,320.0,59.26149720670391,104.0,3814.820290502794,184581,9,5.0
16,Ferrari,2024_13,2024,57.72120670391062,319.0,46.547754189944136,104.0,4075.757363128492,185264,9,6.0
14,Aston Martin,2024_13,2024,47.07401117318436,326.0,61.66940782122905,104.0,3187.8132290502795,170450,9,7.0
18,Aston Martin,2024_13,2024,57.38654748603352,323.0,48.388513966480446,104.0,3795.7812737430168,167702,9,8.0
3,RB,2024_13,2024,52.22753072625699,314.0,51.353564245810055,104.0,3450.969653631285,172116,9,9.0
22,RB,2024_13,2024,50.81707262569832,314.0,58.984759776536315,104.0,3331.036245810056,170320,9,10.0
27,Haas F1 Team,2024_13,2024,41.93434636871508,324.0,67.43369832402234,104.0,2744.7085139664805,167397,9,11.0
77,Kick Sauber,2024_13,2024,49.88344134078212,318.0,66.4069720670391,104.0,3106.455642458101,165626,9,12.0
23,Williams,2024_13,2024,41.58055865921788,320.0,63.51736312849162,104.0,2864.503240223464,164683,9,13.0
2,Williams,2024_13,2024,33.843620111731845,319.0,75.62020111731843,104.0,2423.772782122905,173350,36,14.0
20,Haas F1 Team,2024_13,2024,39.26596648044693,326.0,67.98122905027932,104.0,2570.60625698324,165623,9,15.0
11,Red Bull Racing,2024_13,2024,14.838033519553072,320.0,84.36357541899442,104.0,905.2293184357542,188299,9,16.0
63,Mercedes,2024_13,2024,24.107977653631284,320.0,87.77827932960894,104.0,1681.2438882681563,194026,9,17.0
24,Kick Sauber,2024_13,2024,31.616581005586593,316.0,77.57224581005586,104.0,1925.2380782122905,162929,9,18.0
31,Alpine,2024_13,2024,15.982614525139663,318.0,82.01430167597765,104.0,1587.4286033519554,176079,9,19.0
10,Alpine,2024_13,2024,15.995307262569831,314.0,89.86194413407821,104.0,1435.744,187209,9,20.0
1,Red Bull Racing,2024_14,2024,112.297159837705,320.0,32.88656494656838,104.0,5986.475684324819,141421,9,1.0
16,Ferrari,2024_14,2024,117.41659523401336,320.0,43.60820618321047,104.0,6370.866106634665,132120,9,2.0
11,Red Bull Racing,2024_14,2024,112.41333790502314,318.0,39.029258814789415,104.0,6080.18972512715,150277,9,3.0
44,Mercedes,2024_14,2024,117.21829818846793,322.0,65.23029887422139,104.0,5876.85799188525,157235,9,4.0
4,McLaren,2024_14,2024,128.39790845191155,320.0,44.16966683810504,104.0,6927.5977484427685,137898,9,5.0
81,McLaren,2024_14,2024,123.14812274987142,320.0,43.87204983141894,104.0,6659.881764672267,137799,9,6.0
63,Mercedes,2024_14,2024,117.51871535516317,320.0,45.16138065032288,104.0,6311.007943311046,125956,9,7.0
55,Ferrari,2024_14,2024,122.76924395679752,320.0,39.89193668209612,104.0,6602.1337790730895,134694,9,8.0
14,Aston Martin,2024_14,2024,122.93742499571404,316.0,41.234070518315335,104.0,6640.572604148809,137530,9,9.0
31,Alpine,2024_14,2024,122.94999714269387,324.0,44.97685582033259,104.0,6419.672209840563,131382,9,10.0
23,Williams,2024_14,2024,86.05657466140923,321.0,63.648608491913826,104.0,4708.414823704212,146119,9,11.0
10,Alpine,2024_14,2024,91.29955997485573,318.0,67.92828161609235,104.0,5415.039316532373,156041,9,12.0
3,RB,2024_14,2024,75.11303503057317,317.0,56.4028230184582,104.0,4208.77993028173,129241,9,13.0
77,Kick Sauber,2024_14,2024,91.21944111092064,319.0,56.70689753700211,104.0,4770.541173781359,137430,9,14.0
18,Aston Martin,2024_14,2024,91.02365849477113,316.0,54.27110120578319,104.0,4951.974912852163,137248,9,15.0
27,Haas F1 Team,2024_14,2024,49.38882221841248,322.0,69.35402022972741,104.0,2616.681238927939,137475,9,16.0
20,Haas F1 Team,2024_14,2024,48.80347448425624,320.0,78.75347162695012,104.0,2793.620835476313,156474,9,17.0
22,RB,2024_14,2024,43.347276987256414,316.0,67.67260986342076,104.0,2483.80507457569,129204,9,18.0
2,Williams,2024_14,2024,43.2748157037545,326.0,67.92633864792273,104.0,2436.577061546374,86422,9,19.0
24,Kick Sauber,2024_14,2024,49.04794559689125,318.0,69.31573232756158,104.0,2690.4342533859076,137376,9,20.0
4,McLaren,2024_15,2024,45.18668245376635,331.0,72.61558412268832,104.0,2748.3416215606676,135778,9,1.0
1,Red Bull Racing,2024_15,2024,45.36851601262968,330.0,35.90296571944069,104.0,2580.372744700045,119668,9,2.0
81,McLaren,2024_15,2024,51.78743797925124,333.0,54.60515336039693,104.0,3275.882329724853,115770,9,3.0
63,Mercedes,2024_15,2024,58.413734776725306,336.0,72.15149977447001,104.0,3691.317151556157,144882,9,4.0
11,Red Bull Racing,2024_15,2024,55.1990302210194,336.0,33.84804916553902,104.0,3338.882949932341,123276,9,5.0
16,Ferrari,2024_15,2024,77.94102390617952,336.0,39.356619305367616,104.0,5181.115640505187,138534,9,6.0
14,Aston Martin,2024_15,2024,52.04420387911592,333.0,53.78033378439333,104.0,3268.2598105548036,117880,9,7.0
18,Aston Martin,2024_15,2024,61.71752368064953,334.0,52.98945647271087,104.0,3738.9723161930538,118722,9,8.0
10,Alpine,2024_15,2024,65.2628552097429,333.0,47.89078709968426,104.0,4049.80700270636,118346,9,9.0
55,Ferrari,2024_15,2024,58.80046233649075,334.0,53.3015899864682,104.0,4317.920782589084,130808,9,10.0
23,Williams,2024_15,2024,58.664185836716285,331.0,62.617050067659,104.0,4041.389941362201,144130,9,10.0
44,Mercedes,2024_15,2024,42.0968651330627,335.0,74.61953089760938,104.0,2695.4211208840775,143240,9,11.0
22,RB,2024_15,2024,48.823297248534054,330.0,54.40713802435724,104.0,2946.7399075327016,112666,9,12.0
27,Haas F1 Team,2024_15,2024,55.40398060442039,337.0,61.73883626522328,104.0,3746.737257555255,121284,9,13.0
20,Haas F1 Team,2024_15,2024,49.06698240866035,334.0,59.56574199368516,104.0,2907.0842918358144,116916,9,14.0
3,RB,2024_15,2024,29.25287550744249,330.0,65.58671628326567,104.0,1771.6897271087057,112058,9,15.0
31,Alpine,2024_15,2024,29.351544880469103,332.0,64.00789354984212,104.0,2439.9274921064502,116840,9,16.0
77,Kick Sauber,2024_15,2024,29.4064050518719,331.0,71.74289580514208,104.0,1670.1892196662156,116244,9,17.0
24,Kick Sauber,2024_15,2024,30.66153585926928,328.0,72.51945196211096,104.0,1742.2673658096526,119220,9,18.0
2,Williams,2024_15,2024,0.0,0.0,0.0,0.0,0.0,0,1,20.0
4,McLaren,2024_16,2024,53.78082270481443,350.0,65.66379409399057,104.0,2847.015569343904,118410,9,1.0
81,McLaren,2024_16,2024,85.25600367689303,349.0,52.67838676318511,104.0,4456.612834654717,119676,9,2.0
63,Mercedes,2024_16,2024,80.47644490405607,349.0,71.21394921291508,104.0,4357.022923129955,141788,9,3.0
16,Ferrari,2024_16,2024,94.38693553946916,352.0,55.91347811099621,104.0,5083.684878777433,140979,9,4.0
55,Ferrari,2024_16,2024,80.70613581523612,351.0,62.74503044927037,104.0,4350.59559921866,141142,9,5.0
44,Mercedes,2024_16,2024,80.37935194760428,349.0,48.81012294611054,104.0,4034.671090428588,113392,9,6.0
1,Red Bull Racing,2024_16,2024,80.73991726990693,348.0,35.88050097667471,104.0,4192.955992186602,140600,9,7.0
11,Red Bull Racing,2024_16,2024,76.1696541422498,347.0,31.839825347581293,104.0,3928.450132138343,134358,9,8.0
23,Williams,2024_16,2024,80.35229231299552,348.0,52.156267953579224,104.0,4328.447087211306,120116,9,9.0
27,Haas F1 Team,2024_16,2024,80.76628748707343,351.0,52.95984143398828,104.0,4301.502240606687,123882,9,10.0
14,Aston Martin,2024_16,2024,48.94904056072619,354.0,57.92761116856256,104.0,2773.0380328622314,113970,9,11.0
3,RB,2024_16,2024,53.64937377915661,353.0,55.25341836148455,104.0,2898.9204297368724,117694,9,12.0
20,Haas F1 Team,2024_16,2024,49.30294151442031,352.0,70.29598988854418,104.0,2635.0683097782376,123094,9,13.0
10,Alpine,2024_16,2024,71.19590945650926,354.0,57.69711593703321,104.0,4213.094105480869,123202,9,14.0
31,Alpine,2024_16,2024,71.40066643686086,353.0,60.498678616569,104.0,3954.449672526715,124070,9,15.0
22,RB,2024_16,2024,26.72090083879122,349.0,69.59042858784328,104.0,1454.3694702975986,116776,9,16.0
18,Aston Martin,2024_16,2024,26.967137768585545,351.0,69.4055498104102,104.0,1560.745087900724,105547,9,17.0
43,Williams,2024_16,2024,26.612547397449156,348.0,86.27570952545099,104.0,1704.0610708950935,114218,9,18.0
77,Kick Sauber,2024_16,2024,26.826554061817763,353.0,72.73974491554637,104.0,1397.691485694588,112314,9,19.0
24,Kick Sauber,2024_16,2024,40.12587613466621,353.0,77.17132023440193,104.0,2002.7895553257497,123206,9,20.0
16,Ferrari,2024_17,2024,94.08479515123258,345.0,59.24069001690075,104.0,5814.655632612623,139863,9,1.0
81,McLaren,2024_17,2024,89.6868698642112,343.0,44.04557375138411,104.0,5227.13264176234,116722,9,2.0
55,Ferrari,2024_17,2024,108.0805991025118,346.0,49.264525904773,104.0,6538.941138761,140274,86,3.0
11,Red Bull Racing,2024_17,2024,70.62888280202809,342.0,55.386560988402586,104.0,4042.5316743399967,138988,9,4.0
63,Mercedes,2024_17,2024,94.35252637100064,348.0,55.794335334226936,104.0,5704.881927851274,140816,9,5.0
1,Red Bull Racing,2024_17,2024,93.91712803776444,343.0,36.20782096858791,104.0,5186.057753948366,125494,9,6.0
44,Mercedes,2024_17,2024,103.89882860306544,344.0,51.97301707558716,104.0,5976.76834314354,140370,9,7.0
14,Aston Martin,2024_17,2024,88.99632845736932,346.0,47.04091147502768,104.0,5152.48423567807,119924,9,8.0
43,Williams,2024_17,2024,93.93531091555452,342.0,42.64432659245877,104.0,5500.508246401306,125786,9,9.0
23,Williams,2024_17,2024,89.2968121685413,349.0,42.51669677720147,104.0,5275.1673174427415,125902,9,10.0
50,Haas F1 Team,2024_17,2024,66.20397459059386,339.0,57.42094527653126,104.0,3939.304096975348,125060,9,11.0
22,RB,2024_17,2024,75.22320648056413,350.0,54.12121918526721,104.0,4563.555685063232,124524,9,12.0
27,Haas F1 Team,2024_17,2024,66.45037589603123,344.0,60.3623754298036,104.0,3810.914272393496,125358,9,13.0
18,Aston Martin,2024_17,2024,65.88594906463081,344.0,56.54595256133808,104.0,3870.7856518445137,118984,9,14.0
3,RB,2024_17,2024,42.068302348621714,347.0,73.09219651494843,104.0,2573.0828719622355,123892,9,15.0
10,Alpine,2024_17,2024,71.01701730870097,342.0,63.54694329506381,104.0,4447.581852089283,133338,9,15.0
4,McLaren,2024_17,2024,32.863453581211026,341.0,70.56774870330439,104.0,1954.45585407075,115180,9,16.0
77,Kick Sauber,2024_17,2024,32.80622413893583,347.0,75.09190512267615,104.0,1962.5115682732096,123522,9,17.0
24,Kick Sauber,2024_17,2024,46.95553353925054,344.0,71.03112069467917,104.0,2551.9895681566527,124202,9,18.0
31,Alpine,2024_17,2024,37.37222448860656,344.0,68.66478232997261,104.0,2450.5289935310916,124284,9,19.0
4,McLaren,2024_18,2024,51.22037845705968,316.0,53.024502668607475,104.0,3453.3450752062104,147199,9,1.0
1,Red Bull Racing,2024_18,2024,57.302911208151386,317.0,44.86331877729258,104.0,3560.57166424066,157783,9,2.0
44,Mercedes,2024_18,2024,51.102037845705965,317.0,67.64124211547792,104.0,3443.1225133430376,171011,9,3.0
63,Mercedes,2024_18,2024,53.98801552644347,317.0,67.29471130519165,104.0,3741.1583212032992,172370,9,4.0
81,McLaren,2024_18,2024,57.40271712760796,316.0,51.91707908782145,104.0,3830.669286754003,147085,9,5.0
27,Haas F1 Team,2024_18,2024,57.243182920912176,319.0,45.08981077147016,104.0,3800.275982532751,141454,9,6.0
14,Aston Martin,2024_18,2024,54.02595827268316,318.0,47.20402717127608,104.0,3569.6237748665694,143073,9,7.0
22,RB,2024_18,2024,53.91659388646288,312.0,42.293740902474525,104.0,3744.928529839883,140327,9,8.0
16,Ferrari,2024_18,2024,60.67049975739932,317.0,51.51310043668122,104.0,4239.496409509947,171557,9,9.0
55,Ferrari,2024_18,2024,51.013051916545365,317.0,50.21756428918001,104.0,3419.832023289666,156016,9,10.0
23,Williams,2024_18,2024,38.11960213488598,314.0,60.59825327510917,104.0,2661.6742358078604,136800,9,11.0
43,Williams,2024_18,2024,38.03483745754488,315.0,60.63328481319748,104.0,2550.933236293062,112295,9,12.0
11,Red Bull Racing,2024_18,2024,44.53541969917516,319.0,62.16293061620573,104.0,2880.0852498787,173300,9,13.0
20,Haas F1 Team,2024_18,2024,38.09073265405143,318.0,61.20698689956332,104.0,2513.682096069869,140112,9,14.0
31,Alpine,2024_18,2024,47.741339155749635,316.0,59.35414847161572,104.0,3677.6153808830663,156729,9,15.0
3,RB,2024_18,2024,18.899272197962155,312.0,71.83532265890345,104.0,1271.1467248908298,135208,9,16.0
18,Aston Martin,2024_18,2024,18.827753517709848,316.0,68.15337214944202,104.0,1438.625473071325,100907,9,17.0
10,Alpine,2024_18,2024,28.696215429403203,315.0,83.49893255701116,104.0,2319.1902959728286,166430,9,18.0
77,Kick Sauber,2024_18,2024,28.66419213973799,316.0,74.76545366327025,104.0,1854.176370693838,148858,9,19.0
24,Kick Sauber,2024_18,2024,28.720572537603104,315.0,74.51140223192625,104.0,1831.0113537117904,148830,9,20.0
4,McLaren,2024_19,2024,69.06365335202055,331.0,62.7555477692128,104.0,4439.593961691194,140054,9,1.0
1,Red Bull Racing,2024_19,2024,73.58566923615977,331.0,30.70953048353189,104.0,4225.243459472086,118118,9,2.0
55,Ferrari,2024_19,2024,81.94025928521374,331.0,47.275052557813595,104.0,5265.912345246437,139476,9,3.0
16,Ferrari,2024_19,2024,86.19761737911703,334.0,50.902884839990655,104.0,5627.497780892315,138945,9,4.0
81,McLaren,2024_19,2024,82.38133613641672,330.0,42.687047418827376,104.0,5018.56797477225,114372,9,5.0
63,Mercedes,2024_19,2024,64.5652300864284,332.0,69.78562251810325,104.0,4068.4246671338474,139382,9,6.0
10,Alpine,2024_19,2024,86.35949544498949,333.0,41.141789301565055,104.0,5341.968523709414,121852,9,7.0
14,Aston Martin,2024_19,2024,77.80506890913338,329.0,46.409950946040645,104.0,4553.376897921046,121522,9,8.0
20,Haas F1 Team,2024_19,2024,73.29706844195282,333.0,62.59618079887877,104.0,4910.699310908666,138840,9,9.0
11,Red Bull Racing,2024_19,2024,73.51553375379584,334.0,45.62549637935062,104.0,4253.808222377949,141371,9,10.0
22,RB,2024_19,2024,60.64190609670638,334.0,51.65592151366503,104.0,3843.528906797477,119880,9,11.0
27,Haas F1 Team,2024_19,2024,51.97407147862649,333.0,67.36965662228451,104.0,3703.155220742817,134980,9,12.0
31,Alpine,2024_19,2024,64.91888577435179,331.0,53.7806003270264,104.0,4007.141497313712,121278,9,13.0
18,Aston Martin,2024_19,2024,60.85015183368372,328.0,63.01973837888344,104.0,4161.898913805186,139526,9,14.0
30,RB,2024_19,2024,47.346064003737446,333.0,51.1090282644242,104.0,3086.7738262088296,119356,9,15.0
23,Williams,2024_19,2024,34.42799579537491,330.0,64.40200887643074,104.0,2306.2998715253448,97954,9,16.0
43,Williams,2024_19,2024,25.822471385190376,328.0,64.28731604765241,104.0,1881.3452464377483,70985,9,17.0
77,Kick Sauber,2024_19,2024,38.90189208128942,331.0,66.70631861714553,104.0,2340.51588413922,119688,9,18.0
44,Mercedes,2024_19,2024,26.387292688624154,333.0,83.70807054426535,104.0,1721.1429572529782,134480,9,19.0
24,Kick Sauber,2024_19,2024,38.73242233123102,331.0,69.57568325157673,104.0,2233.3310558280778,119730,9,20.0
55,Ferrari,2024_20,2024,66.24046217571397,350.0,46.72536516241552,104.0,4533.971495530848,149545,9,1.0
1,Red Bull Racing,2024_20,2024,57.07608458687595,348.0,34.74318726836712,104.0,3352.524362328319,132112,9,2.0
4,McLaren,2024_20,2024,47.19724220623501,348.0,58.10606060606061,104.0,3427.2634619577066,124960,9,3.0
16,Ferrari,2024_20,2024,66.37459123610203,351.0,46.69702419882276,104.0,4339.310115543928,146963,9,4.0
63,Mercedes,2024_20,2024,59.79289295836058,349.0,70.05608240680183,104.0,3824.6510246348375,153331,9,5.0
44,Mercedes,2024_20,2024,59.583878351863966,351.0,50.93596032265097,104.0,3724.71299324177,126503,9,6.0
20,Haas F1 Team,2024_20,2024,56.84565075212557,351.0,70.47362110311751,104.0,3792.5325376062783,151593,9,7.0
10,Alpine,2024_20,2024,56.77883148027033,349.0,46.054992369740575,104.0,4078.6385437104864,130425,9,8.0
23,Williams,2024_20,2024,56.90854589056027,345.0,71.26433398735557,104.0,3621.2381730978855,151701,9,9.0
27,Haas F1 Team,2024_20,2024,56.69958578591672,350.0,68.90832788314803,104.0,3869.4995094833225,152014,9,10.0
22,RB,2024_20,2024,34.0511227381731,345.0,46.81196860693264,104.0,2169.181654676259,120448,9,11.0
30,RB,2024_20,2024,34.6294964028777,344.0,54.34837584477872,104.0,2277.3664704599955,120682,9,12.0
14,Aston Martin,2024_20,2024,41.00218007412252,348.0,57.555973403095706,104.0,2885.8895247438413,133646,9,13.0
18,Aston Martin,2024_20,2024,44.01896664486593,350.0,56.36260082842816,104.0,2955.644974929148,127398,9,14.0
77,Kick Sauber,2024_20,2024,43.85148245040332,346.0,64.09990189666449,104.0,2661.830553738827,133788,9,15.0
43,Williams,2024_20,2024,19.05842598648354,342.0,93.00670372792676,104.0,1132.6570743405275,147754,9,16.0
81,McLaren,2024_20,2024,25.318835840418576,347.0,71.09210813167648,104.0,2071.377370830608,120884,9,17.0
11,Red Bull Racing,2024_20,2024,28.380749945498145,348.0,78.27926749509483,104.0,1697.0015260518858,150533,9,18.0
31,Alpine,2024_20,2024,28.228362764333987,349.0,68.47285807717462,104.0,2296.839056027905,126354,9,19.0
24,Kick Sauber,2024_20,2024,28.449531284063656,345.0,73.44882275997384,104.0,1713.3435251798562,126756,9,20.0
4,McLaren,2024_21,2024,78.24062187395799,310.0,46.956485495165055,104.0,5063.812270756919,215794,9,1.0
63,Mercedes,2024_21,2024,71.34132210736912,312.0,49.84669889963321,104.0,4666.028717905969,216015,9,2.0
22,RB,2024_21,2024,71.16292930976992,308.0,42.80881127042347,104.0,4806.316688896299,215841,9,3.0
31,Alpine,2024_21,2024,75.86549683227743,310.0,42.84786595531844,104.0,4987.410011670557,215791,9,4.0
30,RB,2024_21,2024,73.65717739246415,308.0,36.182310770256755,104.0,4816.537054018006,216032,83,5.0
16,Ferrari,2024_21,2024,69.06414638212738,312.0,37.997540846948986,104.0,4511.193356118706,215794,9,6.0
23,Williams,2024_21,2024,63.935978659553186,315.0,36.05668556185395,104.0,4081.732869289763,216168,9,7.0
81,McLaren,2024_21,2024,66.47774258086028,309.0,48.156552184061354,104.0,4314.892964321441,215792,9,8.0
14,Aston Martin,2024_21,2024,51.52617539179727,306.0,66.29989163054351,104.0,3243.145715238413,215978,9,9.0
18,Aston Martin,2024_21,2024,43.32802600866955,308.0,72.05322607535845,104.0,2843.2311603867956,215914,75,10.0
77,Kick Sauber,2024_21,2024,50.048016005335114,300.0,68.2810520173391,104.0,3161.3398216072023,215792,9,11.0
1,Red Bull Racing,2024_21,2024,45.16309603201067,308.0,61.23299433144381,104.0,2973.91734744915,215844,9,12.0
11,Red Bull Racing,2024_21,2024,42.97690896965655,310.0,56.51092030676893,104.0,2879.0215488496165,191434,9,13.0
55,Ferrari,2024_21,2024,38.13483661220407,308.0,71.83577859286429,104.0,2479.681477159053,215792,9,14.0
10,Alpine,2024_21,2024,49.99083027675892,310.0,64.38108536178726,104.0,3905.5085028342783,215791,9,15.0
44,Mercedes,2024_21,2024,26.034719906635544,308.0,83.04343114371457,104.0,1656.0735661887295,214276,9,16.0
50,Haas F1 Team,2024_21,2024,26.161637212404138,305.0,80.9245998666222,104.0,2479.996457152384,157888,9,17.0
43,Williams,2024_21,2024,9.65113371123708,309.0,95.82748416138712,104.0,697.772757585862,215791,9,18.0
27,Haas F1 Team,2024_21,2024,28.72219906635545,308.0,79.9145965321774,104.0,2344.571148716239,184183,9,19.0
24,Kick Sauber,2024_21,2024,28.61541347115705,297.0,84.42426642214072,104.0,1809.1610536845617,215790,9,20.0
63,Mercedes,2024_22,2024,93.974340375374,347.0,61.28538398766887,104.0,4926.93449088766,160218,9,1.0
55,Ferrari,2024_22,2024,90.04578837609938,354.0,62.21946686009611,104.0,5357.60050775229,175644,9,2.0
10,Alpine,2024_22,2024,93.73732886027744,354.0,63.03649469580198,104.0,5360.0952942243175,178084,9,3.0
16,Ferrari,2024_22,2024,86.3294496327863,353.0,70.16252606763986,104.0,4997.356650648291,176151,9,4.0
1,Red Bull Racing,2024_22,2024,79.04955118324418,349.0,65.04488167558256,104.0,4128.824009429685,179820,9,5.0
4,McLaren,2024_22,2024,74.80669144981412,351.0,62.57829358962734,104.0,3804.8353431861456,151656,9,6.0
22,RB,2024_22,2024,93.48322604043884,352.0,57.11333756460241,104.0,5027.491749025297,158024,9,7.0
81,McLaren,2024_22,2024,78.68374285973343,352.0,61.434490887659805,104.0,4009.223002992112,153810,9,8.0
27,Haas F1 Team,2024_22,2024,63.77649832260404,352.0,66.9540756188231,104.0,3643.5921207725087,161504,9,9.0
44,Mercedes,2024_22,2024,89.86707770423429,353.0,58.4734336748572,104.0,4548.199882128933,150648,9,10.0
31,Alpine,2024_22,2024,67.58228307190136,356.0,72.07784023936894,104.0,4582.777586363224,177814,9,11.0
20,Haas F1 Team,2024_22,2024,45.140629250158675,351.0,64.99696255326866,104.0,2332.5987850213073,137550,9,12.0
24,Kick Sauber,2024_22,2024,63.69883942333847,354.0,69.77681566778493,104.0,3258.398857557349,158378,9,13.0
43,Williams,2024_22,2024,59.66864629612839,359.0,69.02466225405749,104.0,3115.961238552906,158792,9,14.0
30,RB,2024_22,2024,63.63133556986128,351.0,67.93122676579925,104.0,3352.598921026385,157128,9,15.0
11,Red Bull Racing,2024_22,2024,37.53232387342461,349.0,76.80179526702331,104.0,2135.116828361592,174366,9,16.0
14,Aston Martin,2024_22,2024,33.99288240094297,352.0,74.38367032369209,104.0,2335.517725995104,89660,9,17.0
23,Williams,2024_22,2024,38.98726085773869,352.0,79.98168464956025,104.0,2359.9756550911234,90727,9,18.0
77,Kick Sauber,2024_22,2024,37.37102185148245,351.0,79.40579381630248,104.0,1894.0403028379728,156470,9,19.0
18,Aston Martin,2024_22,2024,12.89609212077251,350.0,77.03962281258501,104.0,1114.5374920663703,156406,9,20.0
1,Red Bull Racing,2024_23,2024,91.09035326086956,325.0,52.83254076086956,104.0,5033.652740036232,142582,9,1.0
63,Mercedes,2024_23,2024,115.87788722826087,322.0,47.58656023550725,104.0,6432.088315217391,119576,9,2.0
4,McLaren,2024_23,2024,91.45697463768116,320.0,53.18421648550725,104.0,4948.764719202899,114854,9,3.0
81,McLaren,2024_23,2024,91.38315217391305,320.0,70.79664855072464,104.0,5331.786854619565,142422,9,4.0
16,Ferrari,2024_23,2024,107.80729166666669,324.0,48.91819519927536,104.0,6243.055423460145,131628,9,5.0
44,Mercedes,2024_23,2024,111.59369338768116,324.0,44.20301177536232,104.0,5971.89305932971,114082,9,6.0
55,Ferrari,2024_23,2024,107.71223958333331,324.0,44.17136548913044,104.0,6272.572690217391,131368,9,7.0
14,Aston Martin,2024_23,2024,79.19967164855072,327.0,54.47073143115942,104.0,4388.583389945652,118458,9,8.0
11,Red Bull Racing,2024_23,2024,91.3427875905797,327.0,40.030457427536234,104.0,5203.295742753623,139660,9,9.0
20,Haas F1 Team,2024_23,2024,107.9889605978261,325.0,66.7950634057971,104.0,6057.93993432971,141004,9,10.0
10,Alpine,2024_23,2024,75.05061141304348,325.0,49.29908288043478,104.0,4711.037137681159,118282,9,11.0
24,Kick Sauber,2024_23,2024,79.07484148550725,322.0,60.610677083333336,104.0,4209.734544836957,118840,9,12.0
77,Kick Sauber,2024_23,2024,78.8990036231884,322.0,58.90324954710145,104.0,4320.526551177536,118422,9,13.0
22,RB,2024_23,2024,66.70595561594203,323.0,56.393738677536234,104.0,3705.6163383152175,118122,9,14.0
18,Aston Martin,2024_23,2024,58.52456974637681,325.0,60.88971920289855,104.0,3352.2035778985505,118612,9,15.0
23,Williams,2024_23,2024,37.638360507246375,319.0,64.3268795289855,104.0,2503.0417232789855,92555,9,16.0
30,RB,2024_23,2024,41.98562047101449,322.0,67.90523097826087,104.0,2344.79834692029,117580,9,17.0
27,Haas F1 Team,2024_23,2024,41.89402173913044,326.0,83.71257925724638,104.0,2490.443104619565,138998,9,18.0
43,Williams,2024_23,2024,37.74303668478261,319.0,85.30332880434783,104.0,2244.6063179347825,123638,9,19.0
31,Alpine,2024_23,2024,41.8984375,323.0,65.39294610507247,104.0,2947.786571557971,117848,9,20.0
4,McLaren,2024_24,2024,65.49055734684477,324.0,47.941904652233994,104.0,4011.0745624136343,115752,9,1.0
81,McLaren,2024_24,2024,65.44190465223399,327.0,47.94276830953478,104.0,3962.929007369876,115518,9,2.0
55,Ferrari,2024_24,2024,65.53011285122064,329.0,41.51151543067711,104.0,4482.572547213265,138962,9,3.0
27,Haas F1 Team,2024_24,2024,69.31385306310456,332.0,44.82542607093505,104.0,4186.233245048365,115690,9,4.0
1,Red Bull Racing,2024_24,2024,61.4745508982036,333.0,33.7205204974666,104.0,3463.046695071396,128182,9,5.0
10,Alpine,2024_24,2024,73.6173998157531,327.0,45.38041225241824,104.0,4495.256909258406,115678,9,6.0
63,Mercedes,2024_24,2024,77.52187931828651,327.0,52.90217641639797,104.0,4488.594484108706,120462,9,7.0
14,Aston Martin,2024_24,2024,77.49746660525103,330.0,44.10047213265776,104.0,4613.386457853524,122468,9,8.0
77,Kick Sauber,2024_24,2024,61.206701980654074,332.0,55.53932519576232,104.0,3532.5909143251956,115248,9,9.0
11,Red Bull Racing,2024_24,2024,73.51589129433441,335.0,37.15442192538001,104.0,4358.152752187932,142010,9,10.0
22,RB,2024_24,2024,48.7360663288807,329.0,55.03454629203132,104.0,2964.4488714877934,114332,9,11.0
30,RB,2024_24,2024,48.83008982035928,329.0,52.94737448180562,104.0,2877.942192538001,113950,9,12.0
18,Aston Martin,2024_24,2024,56.69132888070014,330.0,58.596672040534315,104.0,3397.6770497466605,121714,9,13.0
16,Ferrari,2024_24,2024,48.7535697835099,328.0,68.9415016121603,104.0,3653.7057807462,141229,9,14.0
20,Haas F1 Team,2024_24,2024,44.56932289267618,330.0,78.72547213265776,104.0,2968.342411331184,139494,9,15.0
23,Williams,2024_24,2024,24.278443113772457,329.0,85.33429295255642,104.0,1693.124251497006,80305,9,16.0
24,Kick Sauber,2024_24,2024,24.41910409949332,333.0,74.07513818516813,104.0,1355.0766927683096,113954,9,17.0
44,Mercedes,2024_24,2024,28.418182865039153,332.0,73.65321280515892,104.0,1564.3394173192078,117296,9,18.0
43,Williams,2024_24,2024,24.217584062643944,333.0,71.87488484569323,104.0,1506.229329801935,98239,9,19.0
61,Alpine,2024_24,2024,24.26445186549977,326.0,66.20215338553662,104.0,1711.8810456011054,113326,9,20.0
