Driver,session_id,season,Avg_Lap_Time,Avg_Sector_1_Time,Avg_Sector_2_Time,Avg_Sector_3_Time,Avg_Speed,Max_Speed,Avg_Throttle,Max_Throttle,Avg_RPM,DRS_Activations,GearChanges,Quali_Position,Avg_AirTemp,Avg_Humidity,Avg_Pressure,Rainfall,Avg_TrackTemp,Avg_WindSpeed,Final_Race_Position,Team_Ferrari,Team_Haas F1 Team,Team_McLaren,Team_Mercedes,Team_Red Bull Racing,Team_Williams,Team_Racing Bulls,Team_Kick Sauber,Team_Alpine,Team_Aston Martin
44,2019_1,2019,99.887,34.987722,26.688277,38.263285,72.36291438233334,321.0,77.33242813957062,104.0,4011.6745401444896,159768,9,1.0,23.16923076923077,69.10256410256409,1016.6807692307692,0.0,37.77051282051283,1.6269230769230771,2.0,False,False,False,True,False,False,False,False,False,False
77,2019_1,2019,102.112642,34.605052,26.578421,41.077666,77.22416354972589,322.0,63.53373981657017,104.0,4572.853614797356,151482,9,2.0,23.16923076923077,69.10256410256409,1016.6807692307692,0.0,37.77051282051283,1.6269230769230771,1.0,False,False,False,True,False,False,False,False,False,False
5,2019_1,2019,102.006363,35.413562,26.63025,39.076916,64.46810472921044,318.0,65.3279704872675,104.0,3734.268022749398,142262,9,3.0,23.16923076923077,69.10256410256409,1016.6807692307692,0.0,37.77051282051283,1.6269230769230771,4.0,True,False,False,False,False,False,False,False,False,False
33,2019_1,2019,99.37825,35.317647,27.301647,36.97225,68.29492237536506,320.0,45.24747655889737,104.0,3842.628272787826,136242,9,4.0,23.16923076923077,69.10256410256409,1016.6807692307692,0.0,37.77051282051283,1.6269230769230771,3.0,False,False,False,False,True,False,False,False,False,False
16,2019_1,2019,98.392416,34.423823,26.681176,38.623153,68.32494748168264,321.0,72.72254957216785,104.0,3959.783060921248,158382,9,5.0,23.16923076923077,69.10256410256409,1016.6807692307692,0.0,37.77051282051283,1.6269230769230771,5.0,True,False,False,False,False,False,False,False,False,False
8,2019_1,2019,99.417818,35.334,26.329294,38.308916,68.40539017266998,320.0,63.04052876979044,104.0,4406.576010657375,150630,9,6.0,23.16923076923077,69.10256410256409,1016.6807692307692,0.0,37.77051282051283,1.6269230769230771,18.0,False,True,False,False,False,False,False,False,False,False
20,2019_1,2019,99.417583,35.048611,26.330722,39.184833,72.38791822513706,319.0,70.5846697750679,104.0,4572.953527693805,158664,9,7.0,23.16923076923077,69.10256410256409,1016.6807692307692,0.0,37.77051282051283,1.6269230769230771,6.0,False,True,False,False,False,False,False,False,False,False
4,2019_1,2019,101.005571,35.275571,26.733238,38.995,84.27473484654404,322.0,51.76876569144848,104.0,4784.611979300097,131390,9,8.0,23.16923076923077,69.10256410256409,1016.6807692307692,0.0,37.77051282051283,1.6269230769230771,12.0,False,False,True,False,False,False,False,False,False,False
7,2019_1,2019,98.836,34.564117,26.601352,38.496846,68.37469898037608,323.0,50.67228569964646,104.0,4026.653122918481,128344,9,9.0,23.16923076923077,69.10256410256409,1016.6807692307692,0.0,37.77051282051283,1.6269230769230771,8.0,False,False,False,False,False,False,False,True,False,False
11,2019_1,2019,96.3608,34.164933,26.0284,37.8289,60.68637597991495,324.0,55.122406107496026,104.0,3398.9836040375058,118016,9,10.0,23.16923076923077,69.10256410256409,1016.6807692307692,0.0,37.77051282051283,1.6269230769230771,13.0,False,False,False,False,False,False,False,False,False,True
27,2019_1,2019,101.53,36.8127,28.3845,39.9195,40.26561459240662,322.0,37.1198954757391,104.0,2293.8632474253213,123034,9,11.0,23.16923076923077,69.10256410256409,1016.6807692307692,0.0,37.77051282051283,1.6269230769230771,7.0,False,False,False,False,False,False,False,False,True,False
3,2019_1,2019,101.87375,35.870666,26.7115,40.785625,48.28969616232003,319.0,55.89260644566276,104.0,2759.823948352718,153898,9,12.0,23.16923076923077,69.10256410256409,1016.6807692307692,0.0,37.77051282051283,1.6269230769230771,19.0,False,False,False,False,False,False,False,False,True,False
23,2019_1,2019,101.5546,35.972214,26.429428,39.8614,56.25357380744992,325.0,58.72234462263667,104.0,3176.366449761746,122584,9,13.0,23.16923076923077,69.10256410256409,1016.6807692307692,0.0,37.77051282051283,1.6269230769230771,14.0,False,False,False,False,False,False,True,False,False,False
99,2019_1,2019,97.4908,34.257,25.489714,39.1294,56.37956653174156,325.0,58.231541732848285,104.0,3266.166828918379,127614,9,14.0,23.16923076923077,69.10256410256409,1016.6807692307692,0.0,37.77051282051283,1.6269230769230771,15.0,False,False,False,False,False,False,False,True,False,False
26,2019_1,2019,104.576,36.177538,28.433384,40.394444,52.235333299175075,324.0,57.76092637188093,104.0,3026.936363170569,122122,9,15.0,23.16923076923077,69.10256410256409,1016.6807692307692,0.0,37.77051282051283,1.6269230769230771,10.0,False,False,False,False,False,False,True,False,False,False
18,2019_1,2019,97.77925,34.3715,25.488666,38.7165,24.140390428856893,322.0,67.52574678485423,104.0,1343.47543167495,116108,9,16.0,23.16923076923077,69.10256410256409,1016.6807692307692,0.0,37.77051282051283,1.6269230769230771,9.0,False,False,False,False,False,False,False,False,False,True
10,2019_1,2019,104.0316,35.676333,28.386666,39.7824,24.15499308295332,318.0,80.3577906440539,104.0,1501.607829072091,154352,9,17.0,23.16923076923077,69.10256410256409,1016.6807692307692,0.0,37.77051282051283,1.6269230769230771,11.0,False,False,False,False,True,False,False,False,False,False
55,2019_1,2019,96.343,34.6905,27.49,37.42075,24.06168980888456,323.0,93.46877081518676,104.0,1897.3618896346777,157324,9,18.0,23.16923076923077,69.10256410256409,1016.6807692307692,0.0,37.77051282051283,1.6269230769230771,20.0,False,False,True,False,False,False,False,False,False,False
63,2019_1,2019,98.411333,33.714111,25.500333,39.350333,36.19946713121894,319.0,67.81247117897217,104.0,2104.5798022237022,71971,9,19.0,23.16923076923077,69.10256410256409,1016.6807692307692,0.0,37.77051282051283,1.6269230769230771,16.0,False,False,False,False,False,True,False,False,False,False
88,2019_1,2019,99.2254,34.4,25.861,37.4552,32.188246144386945,317.0,67.94092329763795,104.0,2086.8660142439926,81410,9,20.0,23.16923076923077,69.10256410256409,1016.6807692307692,0.0,37.77051282051283,1.6269230769230771,17.0,False,False,False,False,False,True,False,False,False,False
16,2019_2,2019,100.829333,31.715111,44.660538,25.840307,53.53059858973699,328.0,71.28755983323897,104.0,3534.082968758042,154614,9,1.0,25.088461538461537,53.83205128205129,1010.248717948718,0.0256410256410256,28.982051282051287,1.5307692307692309,3.0,True,False,False,False,False,False,False,False,False,False
5,2019_2,2019,107.276222,33.973222,45.113769,29.28723,53.62133923516393,332.0,70.94734674970405,104.0,3431.0327345720316,153692,9,2.0,25.088461538461537,53.83205128205129,1010.248717948718,0.0256410256410256,28.982051282051287,1.5307692307692309,5.0,True,False,False,False,False,False,False,False,False,False
44,2019_2,2019,105.722727,32.752181,46.831333,27.507466,61.870708734366154,325.0,52.49652581193062,104.0,3445.981522466416,118558,9,3.0,25.088461538461537,53.83205128205129,1010.248717948718,0.0256410256410256,28.982051282051287,1.5307692307692309,1.0,False,False,False,True,False,False,False,False,False,False
77,2019_2,2019,104.067,32.6393,45.130466,26.787866,61.92099438982964,324.0,72.47871738123423,104.0,3640.601832312522,159142,9,4.0,25.088461538461537,53.83205128205129,1010.248717948718,0.0256410256410256,28.982051282051287,1.5307692307692309,2.0,False,False,False,True,False,False,False,False,False,False
33,2019_2,2019,97.752142,31.90425,44.823583,25.76009,49.26650882701117,321.0,69.10937258736939,104.0,2823.259611920326,157798,9,5.0,25.088461538461537,53.83205128205129,1010.248717948718,0.0256410256410256,28.982051282051287,1.5307692307692309,4.0,False,False,False,False,True,False,False,False,False,False
20,2019_2,2019,102.2517,32.0233,46.372866,28.045466,61.74805702815379,322.0,74.75845385763549,104.0,3963.7811004169025,158682,9,6.0,25.088461538461537,53.83205128205129,1010.248717948718,0.0256410256410256,28.982051282051287,1.5307692307692309,13.0,False,True,False,False,False,False,False,False,False,False
55,2019_2,2019,102.615545,31.289909,47.070941,30.128294,69.82989345823253,324.0,43.62900818364301,104.0,4053.291111225488,119388,9,7.0,25.088461538461537,53.83205128205129,1010.248717948718,0.0256410256410256,28.982051282051287,1.5307692307692309,19.0,False,False,True,False,False,False,False,False,False,False
8,2019_2,2019,104.015272,31.477909,47.01847,29.637,70.06284420196613,324.0,70.7604611662978,104.0,4309.411395336868,159186,9,8.0,25.088461538461537,53.83205128205129,1010.248717948718,0.0256410256410256,28.982051282051287,1.5307692307692309,20.0,False,True,False,False,False,False,False,False,False,False
7,2019_2,2019,101.081833,31.893416,44.211166,28.202166,74.01667610273303,327.0,43.17216531988265,104.0,4319.6104277111535,120130,9,9.0,25.088461538461537,53.83205128205129,1010.248717948718,0.0256410256410256,28.982051282051287,1.5307692307692309,7.0,False,False,False,False,False,False,False,True,False,False
4,2019_2,2019,103.684583,31.45075,46.298777,29.071388,73.97580935714653,330.0,61.3943074785115,104.0,4557.252200319111,153518,9,10.0,25.088461538461537,53.83205128205129,1010.248717948718,0.0256410256410256,28.982051282051287,1.5307692307692309,6.0,False,False,True,False,False,False,False,False,False,False
3,2019_2,2019,104.006625,32.692375,47.755083,29.09125,49.399917648875395,329.0,56.30063307427042,104.0,3025.681301147769,157356,9,11.0,25.088461538461537,53.83205128205129,1010.248717948718,0.0256410256410256,28.982051282051287,1.5307692307692309,18.0,False,False,False,False,False,False,False,False,True,False
23,2019_2,2019,101.0647,31.9042,44.2858,28.1554,61.75747593803078,326.0,59.861958927376605,104.0,3698.996551546657,129276,9,12.0,25.088461538461537,53.83205128205129,1010.248717948718,0.0256410256410256,28.982051282051287,1.5307692307692309,9.0,False,False,False,False,False,False,True,False,False,False
10,2019_2,2019,100.935625,31.609875,45.772916,29.028416,49.41849812136497,322.0,72.59977353440733,104.0,2993.5821709815223,157670,9,13.0,25.088461538461537,53.83205128205129,1010.248717948718,0.0256410256410256,28.982051282051287,1.5307692307692309,8.0,False,False,False,False,True,False,False,False,False,False
11,2019_2,2019,100.675625,31.851,47.77725,28.649583,49.48319522363477,326.0,55.48412167378661,104.0,3005.4340933655876,116552,9,14.0,25.088461538461537,53.83205128205129,1010.248717948718,0.0256410256410256,28.982051282051287,1.5307692307692309,10.0,False,False,False,False,False,False,False,False,False,True
26,2019_2,2019,100.291,31.732166,44.8555,26.3846,41.221730403005814,325.0,87.31952236347728,104.0,2534.2518915023934,117434,9,15.0,25.088461538461537,53.83205128205129,1010.248717948718,0.0256410256410256,28.982051282051287,1.5307692307692309,12.0,False,False,False,False,False,False,True,False,False,False
99,2019_2,2019,101.47075,32.71475,46.508333,27.549666,24.767872767512483,328.0,63.77312265170621,104.0,1529.4627618508416,117244,9,16.0,25.088461538461537,53.83205128205129,1010.248717948718,0.0256410256410256,28.982051282051287,1.5307692307692309,11.0,False,False,False,False,False,False,False,True,False,False
27,2019_2,2019,101.0675,32.7565,45.467666,28.545,24.67594832466931,325.0,58.214061454526735,104.0,1405.7545421792167,125508,9,17.0,25.088461538461537,53.83205128205129,1010.248717948718,0.0256410256410256,28.982051282051287,1.5307692307692309,17.0,False,False,False,False,False,False,False,False,True,False
18,2019_2,2019,100.09025,31.9845,46.053333,29.768,24.700859539863092,328.0,62.85845900458078,104.0,1591.798857378146,116642,9,18.0,25.088461538461537,53.83205128205129,1010.248717948718,0.0256410256410256,28.982051282051287,1.5307692307692309,14.0,False,False,False,False,False,False,False,False,False,True
63,2019_2,2019,100.3926,31.3448,44.853375,27.638875,32.873848370991816,326.0,89.22497297853724,104.0,2192.5695094961143,90296,9,19.0,25.088461538461537,53.83205128205129,1010.248717948718,0.0256410256410256,28.982051282051287,1.5307692307692309,15.0,False,False,False,False,False,True,False,False,False,False
88,2019_2,2019,100.8736,31.3356,44.67025,27.975375,32.92542076277729,323.0,69.19640743218899,104.0,1954.8645324000208,97410,9,20.0,25.088461538461537,53.83205128205129,1010.248717948718,0.0256410256410256,28.982051282051287,1.5307692307692309,16.0,False,False,False,False,False,True,False,False,False,False
77,2019_3,2019,107.5048,26.6415,33.737,51.739333,62.25879577392553,323.0,67.99774335829316,104.0,3713.793106985331,157942,9,1.0,20.570886075949367,48.42025316455696,1015.7835443037976,0.0,33.96455696202532,1.2430379746835445,2.0,False,False,False,True,False,False,False,False,False,False
44,2019_3,2019,107.7746,27.0649,33.605066,50.129933,62.29690224638424,321.0,76.36342188942456,104.0,3485.7413068006977,162907,9,2.0,20.570886075949367,48.42025316455696,1015.7835443037976,0.0,33.96455696202532,1.2430379746835445,1.0,False,False,False,True,False,False,False,False,False,False
5,2019_3,2019,106.092818,26.635909,32.381687,50.662687,66.1490409272746,329.0,56.76807877731049,104.0,4082.2369473792182,146070,9,3.0,20.570886075949367,48.42025316455696,1015.7835443037976,0.0,33.96455696202532,1.2430379746835445,3.0,True,False,False,False,False,False,False,False,False,False
16,2019_3,2019,107.234909,26.754454,33.610437,50.189062,65.97215098984512,328.0,71.11016514514309,104.0,4107.4616370909835,160088,9,4.0,20.570886075949367,48.42025316455696,1015.7835443037976,0.0,33.96455696202532,1.2430379746835445,5.0,True,False,False,False,False,False,False,False,False,False
33,2019_3,2019,109.023666,27.253666,34.296071,52.168785,57.68509590727254,321.0,59.587598728074674,104.0,3482.3937839778437,160792,9,5.0,20.570886075949367,48.42025316455696,1015.7835443037976,0.0,33.96455696202532,1.2430379746835445,4.0,False,False,False,False,True,False,False,False,False,False
10,2019_3,2019,109.742444,27.836,35.791857,51.2985,57.73048517796697,321.0,56.1158067494102,104.0,3476.6643245461073,162098,9,6.0,20.570886075949367,48.42025316455696,1015.7835443037976,0.0,33.96455696202532,1.2430379746835445,6.0,False,False,False,False,True,False,False,False,False,False
3,2019_3,2019,107.401916,27.925916,34.215111,52.116055,74.2016104215817,327.0,44.525643655759566,104.0,4649.715252846446,158548,9,7.0,20.570886075949367,48.42025316455696,1015.7835443037976,0.0,33.96455696202532,1.2430379746835445,7.0,False,False,False,False,False,False,False,False,True,False
27,2019_3,2019,109.1545,27.2593,34.168,52.477066,61.829213252641296,323.0,37.71320135398502,104.0,3645.0191301671966,161275,9,8.0,20.570886075949367,48.42025316455696,1015.7835443037976,0.0,33.96455696202532,1.2430379746835445,20.0,False,False,False,False,False,False,False,False,True,False
20,2019_3,2019,112.2707,28.2327,34.743937,53.356687,66.12739768181352,326.0,62.616217047902346,104.0,4562.0271309877935,163397,9,9.0,20.570886075949367,48.42025316455696,1015.7835443037976,0.0,33.96455696202532,1.2430379746835445,13.0,False,True,False,False,False,False,False,False,False,False
8,2019_3,2019,113.019888,27.997888,35.198733,54.4744,62.06441686326803,326.0,60.35408759872807,104.0,4069.753872192019,157902,9,10.0,20.570886075949367,48.42025316455696,1015.7835443037976,0.0,33.96455696202532,1.2430379746835445,11.0,False,True,False,False,False,False,False,False,False,False
26,2019_3,2019,106.40875,27.065875,33.867,50.88625,49.54133757308442,325.0,54.30618524976921,104.0,3071.2819776387323,120124,9,11.0,20.570886075949367,48.42025316455696,1015.7835443037976,0.0,33.96455696202532,1.2430379746835445,19.0,False,False,False,False,False,False,True,False,False,False
11,2019_3,2019,107.242,26.9925,34.374833,52.541166,49.681146784285566,326.0,54.23997333059801,104.0,2985.1962252538724,115778,9,12.0,20.570886075949367,48.42025316455696,1015.7835443037976,0.0,33.96455696202532,1.2430379746835445,8.0,False,False,False,False,False,False,False,False,False,True
7,2019_3,2019,108.53275,27.491125,33.784833,50.507833,49.599394809724075,324.0,51.62406400656477,104.0,3011.3100830854446,121200,9,13.0,20.570886075949367,48.42025316455696,1015.7835443037976,0.0,33.96455696202532,1.2430379746835445,9.0,False,False,False,False,False,False,False,True,False,False
55,2019_3,2019,108.545625,27.306125,34.575166,51.63025,49.59226587342292,322.0,53.69278900400041,104.0,2946.421273976818,117072,9,14.0,20.570886075949367,48.42025316455696,1015.7835443037976,0.0,33.96455696202532,1.2430379746835445,14.0,False,False,True,False,False,False,False,False,False,False
4,2019_3,2019,107.47275,26.41175,33.613416,52.46775,49.531644271207306,323.0,53.95543132628987,104.0,2966.5934967688995,118414,9,15.0,20.570886075949367,48.42025316455696,1015.7835443037976,0.0,33.96455696202532,1.2430379746835445,18.0,False,False,True,False,False,False,False,False,False,False
18,2019_3,2019,103.4455,26.55025,33.634,51.724333,24.784080418504463,322.0,62.493896809929225,104.0,1684.911272951072,115454,9,16.0,20.570886075949367,48.42025316455696,1015.7835443037976,0.0,33.96455696202532,1.2430379746835445,12.0,False,False,False,False,False,False,False,False,False,True
63,2019_3,2019,106.713666,26.826666,32.064222,50.643444,37.16770950866755,323.0,64.85249769207098,104.0,2370.927018155708,64078,9,17.0,20.570886075949367,48.42025316455696,1015.7835443037976,0.0,33.96455696202532,1.2430379746835445,16.0,False,False,False,False,False,True,False,False,False,False
88,2019_3,2019,104.652,26.857666,32.155666,48.08,37.14304031182685,317.0,65.49476869422504,104.0,2423.2143296748386,59754,9,18.0,20.570886075949367,48.42025316455696,1015.7835443037976,0.0,33.96455696202532,1.2430379746835445,17.0,False,False,False,False,False,True,False,False,False,False
77,2019_4,2019,111.195538,39.304066,47.007052,27.536333,54.68781250958618,333.0,82.50219331881345,104.0,3130.5666738243503,269037,9,1.0,15.898484848484848,72.20000000000002,1023.3598484848484,0.0,31.92575757575757,1.062121212121212,1.0,False,False,False,True,False,False,False,False,False,False
44,2019_4,2019,113.043857,40.2505,47.2015,27.77,57.90432221847296,332.0,81.72747630295407,104.0,3217.3847357280897,276153,88,2.0,15.898484848484848,72.20000000000002,1023.3598484848484,0.0,31.92575757575757,1.062121212121212,2.0,False,False,False,True,False,False,False,False,False,False
5,2019_4,2019,112.829687,39.861833,47.428363,27.265952,62.77839811037149,338.0,71.76125034510261,104.0,3754.5532071535936,258416,9,3.0,15.898484848484848,72.20000000000002,1023.3598484848484,0.0,31.92575757575757,1.062121212121212,3.0,True,False,False,False,False,False,False,False,False,False
33,2019_4,2019,113.2407,39.887636,46.475571,27.717071,41.52492407742569,333.0,72.99825148010675,104.0,2516.4360869965335,281691,9,4.0,15.898484848484848,72.20000000000002,1023.3598484848484,0.0,31.92575757575757,1.062121212121212,4.0,False,False,False,False,True,False,False,False,False,False
11,2019_4,2019,112.478363,41.268916,46.264764,28.398941,46.31951900365042,350.0,75.32749470842664,104.0,2637.7671707721097,240547,9,5.0,15.898484848484848,72.20000000000002,1023.3598484848484,0.0,31.92575757575757,1.062121212121212,6.0,False,False,False,False,False,False,False,False,False,True
26,2019_4,2019,114.675411,38.893444,46.676272,29.293909,62.51154943403172,339.0,69.87772631062303,104.0,3556.5201693303475,250196,9,6.0,15.898484848484848,72.20000000000002,1023.3598484848484,0.0,31.92575757575757,1.062121212121212,19.0,False,False,False,False,False,False,True,False,False,False
4,2019_4,2019,116.04147,39.370823,47.051478,29.629956,62.58007914353201,332.0,70.05938832479524,104.0,3608.167305745575,244706,9,7.0,15.898484848484848,72.20000000000002,1023.3598484848484,0.0,31.92575757575757,1.062121212121212,8.0,False,False,True,False,False,False,False,False,False,False
99,2019_4,2019,116.150285,39.827,47.01665,29.4588,57.24365778091352,346.0,70.05564587870794,104.0,3273.173011442069,253954,9,8.0,15.898484848484848,72.20000000000002,1023.3598484848484,0.0,31.92575757575757,1.062121212121212,12.0,False,False,False,False,False,False,False,True,False,False
16,2019_4,2019,111.824375,39.101555,47.975909,26.4974,28.491610172091168,336.0,92.63118500567502,104.0,1986.750851253106,281596,9,9.0,15.898484848484848,72.20000000000002,1023.3598484848484,0.0,31.92575757575757,1.062121212121212,5.0,True,False,False,False,False,False,False,False,False,False
55,2019_4,2019,115.48,38.868923,47.144588,28.687937,46.29007024755361,331.0,88.79290775790669,104.0,2547.089143838768,278404,9,10.0,15.898484848484848,72.20000000000002,1023.3598484848484,0.0,31.92575757575757,1.062121212121212,7.0,False,False,True,False,False,False,False,False,False,False
3,2019_4,2019,110.6641,39.965636,46.6612,28.468533,40.883953495506,338.0,70.42660817816497,104.0,2330.771741464462,273564,9,11.0,15.898484848484848,72.20000000000002,1023.3598484848484,0.0,31.92575757575757,1.062121212121212,20.0,False,False,False,False,False,False,False,False,True,False
23,2019_4,2019,115.248769,39.407214,47.358352,29.318235,49.056995613362375,342.0,75.166385471947,104.0,2795.081996380257,248999,9,12.0,15.898484848484848,72.20000000000002,1023.3598484848484,0.0,31.92575757575757,1.062121212121212,11.0,False,False,False,False,False,False,True,False,False,False
20,2019_4,2019,117.43975,40.429083,47.740937,29.068812,43.6847756066137,340.0,85.20169330347557,104.0,2827.740758918985,274863,9,13.0,15.898484848484848,72.20000000000002,1023.3598484848484,0.0,31.92575757575757,1.062121212121212,13.0,False,True,False,False,False,False,False,False,False,False
18,2019_4,2019,109.1508,41.2695,46.06125,28.53275,21.749532194239087,335.0,82.12423693978343,104.0,1594.121660173625,255133,9,14.0,15.898484848484848,72.20000000000002,1023.3598484848484,0.0,31.92575757575757,1.062121212121212,9.0,False,False,False,False,False,False,False,False,False,True
8,2019_4,2019,111.112285,41.379625,47.5537,27.8328,27.260314733580785,348.0,92.21203104389706,104.0,1565.3172796711556,274012,9,15.0,15.898484848484848,72.20000000000002,1023.3598484848484,0.0,31.92575757575757,1.062121212121212,18.0,False,True,False,False,False,False,False,False,False,False
27,2019_4,2019,120.8898,44.924,50.806625,29.78275,21.74094297371085,335.0,82.53016963710543,104.0,1204.4850455535443,280919,51,16.0,15.898484848484848,72.20000000000002,1023.3598484848484,0.0,31.92575757575757,1.062121212121212,14.0,False,False,False,False,False,False,False,False,True,False
63,2019_4,2019,115.825857,38.899428,46.829333,30.608444,24.471210773336605,333.0,92.7571091137765,104.0,1952.2469707659743,131493,9,17.0,15.898484848484848,72.20000000000002,1023.3598484848484,0.0,31.92575757575757,1.062121212121212,15.0,False,False,False,False,False,True,False,False,False,False
88,2019_4,2019,118.5628,40.9845,49.627428,27.798285,20.21411699745391,333.0,73.46863400717814,104.0,1134.7918647811282,130802,9,18.0,15.898484848484848,72.20000000000002,1023.3598484848484,0.0,31.92575757575757,1.062121212121212,16.0,False,False,False,False,False,True,False,False,False,False
7,2019_4,2019,116.226857,39.994571,47.38775,29.6855,57.229117457590725,345.0,69.31792386269518,104.0,3292.329549986196,253846,9,19.0,15.898484848484848,72.20000000000002,1023.3598484848484,0.0,31.92575757575757,1.062121212121212,10.0,False,False,False,False,False,False,False,True,False,False
10,2019_4,2019,118.60975,42.77375,48.0938,27.652,13.617258198104237,342.0,84.74183257155127,104.0,886.7019233718826,279753,9,20.0,15.898484848484848,72.20000000000002,1023.3598484848484,0.0,31.92575757575757,1.062121212121212,17.0,False,False,False,False,True,False,False,False,False,False
77,2019_5,2019,89.148272,24.1645,33.546722,33.840294,65.04403460601979,322.0,71.60923172563851,104.0,3858.5722426565817,157050,9,1.0,21.070129870129865,58.271428571428565,1004.5961038961036,0.0,33.800000000000004,2.198701298701299,2.0,False,False,False,True,False,False,False,False,False,False
44,2019_5,2019,92.751181,25.628833,34.431647,34.406062,61.03538310107237,322.0,76.21001916800498,104.0,3496.6356524892503,156762,9,2.0,21.070129870129865,58.271428571428565,1004.5961038961036,0.0,33.800000000000004,2.198701298701299,1.0,False,False,False,True,False,False,False,False,False,False
5,2019_5,2019,94.945538,27.777769,33.742882,33.213705,60.77723669895871,327.0,62.58172304823084,104.0,3618.6095943635705,140152,9,3.0,21.070129870129865,58.271428571428565,1004.5961038961036,0.0,33.800000000000004,2.198701298701299,4.0,True,False,False,False,False,False,False,False,False,False
33,2019_5,2019,88.574571,26.210375,34.163,32.711818,42.872714085893385,319.0,62.70615966430088,104.0,2681.764958814692,156606,9,4.0,21.070129870129865,58.271428571428565,1004.5961038961036,0.0,33.800000000000004,2.198701298701299,3.0,False,False,False,False,True,False,False,False,False,False
16,2019_5,2019,95.887214,28.341,34.593631,33.073055,67.76174687872351,327.0,68.37465678910014,104.0,4248.080971869657,148032,9,5.0,21.070129870129865,58.271428571428565,1004.5961038961036,0.0,33.800000000000004,2.198701298701299,5.0,True,False,False,False,False,False,False,False,False,False
10,2019_5,2019,88.80009,25.3085,34.070294,32.420125,60.70481272341087,320.0,67.53162720820598,104.0,3591.788271253173,157512,9,6.0,21.070129870129865,58.271428571428565,1004.5961038961036,0.0,33.800000000000004,2.198701298701299,6.0,False,False,False,False,True,False,False,False,False,False
8,2019_5,2019,89.006,23.4355,33.357812,34.4518,57.109309433766775,322.0,68.94575972646739,104.0,3596.7593120240376,149192,9,7.0,21.070129870129865,58.271428571428565,1004.5961038961036,0.0,33.800000000000004,2.198701298701299,10.0,False,True,False,False,False,False,False,False,False,False
20,2019_5,2019,90.632333,24.5401,32.9816,35.1885,53.63736206807232,322.0,68.45018908977879,104.0,3715.386313008341,149934,9,8.0,21.070129870129865,58.271428571428565,1004.5961038961036,0.0,33.800000000000004,2.198701298701299,7.0,False,True,False,False,False,False,False,False,False,False
26,2019_5,2019,88.45023,24.525642,33.36565,33.155,71.1550536186085,325.0,71.70569341553126,104.0,4193.744288452572,155826,9,9.0,21.070129870129865,58.271428571428565,1004.5961038961036,0.0,33.800000000000004,2.198701298701299,9.0,False,False,False,False,False,False,True,False,False,False
3,2019_5,2019,91.69525,24.464846,34.849842,34.442666,67.67834015438015,326.0,35.6782883489613,104.0,4046.2989172667462,126760,9,10.0,21.070129870129865,58.271428571428565,1004.5961038961036,0.0,33.800000000000004,2.198701298701299,12.0,False,False,False,False,False,False,False,False,True,False
4,2019_5,2019,90.9363,23.8468,33.649857,35.344142,49.66487074547998,324.0,55.8448427705538,104.0,2937.0324301921983,118088,9,11.0,21.070129870129865,58.271428571428565,1004.5961038961036,0.0,33.800000000000004,2.198701298701299,20.0,False,False,True,False,False,False,False,False,False,False
23,2019_5,2019,88.7876,24.9126,33.132071,32.178285,49.69445163964151,324.0,58.088690877065744,104.0,2927.193855877325,117672,9,12.0,21.070129870129865,58.271428571428565,1004.5961038961036,0.0,33.800000000000004,2.198701298701299,11.0,False,False,False,False,False,False,True,False,False,False
55,2019_5,2019,92.51875,24.588375,33.603416,35.979333,42.57058488317878,326.0,84.37823136300057,104.0,2451.5657151738073,156224,9,13.0,21.070129870129865,58.271428571428565,1004.5961038961036,0.0,33.800000000000004,2.198701298701299,8.0,False,False,True,False,False,False,False,False,False,False
7,2019_5,2019,91.9689,25.3468,34.986642,32.799785,49.72372170128995,326.0,55.84416930010879,104.0,3008.5802206910844,121376,9,14.0,21.070129870129865,58.271428571428565,1004.5961038961036,0.0,33.800000000000004,2.198701298701299,14.0,False,False,False,False,False,False,False,True,False,False
11,2019_5,2019,86.739,24.307625,32.874083,32.522636,42.43159094441278,326.0,57.55032896440968,104.0,2439.14780085997,111734,9,15.0,21.070129870129865,58.271428571428565,1004.5961038961036,0.0,33.800000000000004,2.198701298701299,15.0,False,False,False,False,False,False,False,False,False,True
27,2019_5,2019,90.1325,24.9292,41.708285,32.659571,24.868051598197173,321.0,58.040511837538205,104.0,1430.0161114852613,86373,43,16.0,21.070129870129865,58.271428571428565,1004.5961038961036,0.0,33.800000000000004,2.198701298701299,13.0,False,False,False,False,False,False,False,False,True,False
18,2019_5,2019,86.659,23.902833,32.651666,32.196333,31.903849142620317,326.0,66.27980106719163,104.0,1986.177174532456,123296,9,17.0,21.070129870129865,58.271428571428565,1004.5961038961036,0.0,33.800000000000004,2.198701298701299,19.0,False,False,False,False,False,False,False,False,False,True
99,2019_5,2019,90.2398,25.227166,35.28225,32.935571,28.29622338496607,323.0,67.28415272237476,104.0,1721.5415220432058,120248,9,18.0,21.070129870129865,58.271428571428565,1004.5961038961036,0.0,33.800000000000004,2.198701298701299,16.0,False,False,False,False,False,False,False,True,False,False
63,2019_5,2019,95.074166,25.864166,34.741125,34.84775,28.413562658654097,320.0,67.11039734756255,104.0,1929.653577164171,98985,9,19.0,21.070129870129865,58.271428571428565,1004.5961038961036,0.0,33.800000000000004,2.198701298701299,17.0,False,False,False,False,False,True,False,False,False,False
88,2019_5,2019,92.959666,24.206333,32.936222,34.998444,31.901362482515673,317.0,67.87188519919184,104.0,2059.757447028959,80070,9,20.0,21.070129870129865,58.271428571428565,1004.5961038961036,0.0,33.800000000000004,2.198701298701299,18.0,False,False,False,False,False,True,False,False,False,False
44,2019_6,2019,82.302173,21.834428,37.893892,23.039695,71.31602319628024,291.0,44.21461783605872,104.0,4673.274802779374,125764,8,1.0,21.43896103896104,63.34155844155844,1014.3961038961036,0.0,42.410389610389615,1.0454545454545456,1.0,False,False,False,True,False,False,False,False,False,False
77,2019_6,2019,82.277,21.613925,37.744111,23.507363,69.2272608536649,292.0,62.07982864009195,104.0,4701.434878010553,155108,9,2.0,21.43896103896104,63.34155844155844,1014.3961038961036,0.0,42.410389610389615,1.0454545454545456,3.0,False,False,False,True,False,False,False,False,False,False
33,2019_6,2019,81.288642,22.142842,37.131842,23.200214,48.3722898490152,292.0,58.113107988088395,104.0,3415.4995559270674,154464,9,3.0,21.43896103896104,63.34155844155844,1014.3961038961036,0.0,42.410389610389615,1.0454545454545456,4.0,False,False,False,False,True,False,False,False,False,False
5,2019_6,2019,81.018666,21.64637,37.455037,22.365714,68.76202915208192,298.0,50.86777075387911,104.0,4552.180711561569,139466,9,4.0,21.43896103896104,63.34155844155844,1014.3961038961036,0.0,42.410389610389615,1.0454545454545456,2.0,True,False,False,False,False,False,False,False,False,False
10,2019_6,2019,81.845947,22.340666,37.822708,22.456157,61.16817303171203,291.0,48.81646726921269,104.0,4343.0140013583405,148870,9,5.0,21.43896103896104,63.34155844155844,1014.3961038961036,0.0,42.410389610389615,1.0454545454545456,5.0,False,False,False,False,True,False,False,False,False,False
20,2019_6,2019,84.27121,22.564958,38.114291,24.198894,61.12925134527977,294.0,59.04435504937046,104.0,4351.60393918813,148598,9,6.0,21.43896103896104,63.34155844155844,1014.3961038961036,0.0,42.410389610389615,1.0454545454545456,14.0,False,True,False,False,False,False,False,False,False,False
3,2019_6,2019,81.2557,22.58768,37.641,22.44685,63.798495376417115,295.0,35.91296170524006,104.0,4359.637949950368,131082,8,7.0,21.43896103896104,63.34155844155844,1014.3961038961036,0.0,42.410389610389615,1.0454545454545456,9.0,False,False,False,False,False,False,False,False,True,False
26,2019_6,2019,82.155958,21.943433,37.947266,23.475875,76.27307873151872,292.0,58.60038660467061,104.0,5293.390627448932,153252,8,8.0,21.43896103896104,63.34155844155844,1014.3961038961036,0.0,42.410389610389615,1.0454545454545456,7.0,False,False,False,False,False,False,True,False,False,False
55,2019_6,2019,82.34275,21.943433,38.0922,23.000791,76.47458335510161,296.0,41.168695470456086,104.0,5063.781986312105,125716,9,9.0,21.43896103896104,63.34155844155844,1014.3961038961036,0.0,42.410389610389615,1.0454545454545456,6.0,False,False,True,False,False,False,False,False,False,False
23,2019_6,2019,82.659,22.555129,37.80658,22.99016,78.99211117496473,294.0,40.784389530327566,104.0,5472.558852724518,126570,9,10.0,21.43896103896104,63.34155844155844,1014.3961038961036,0.0,42.410389610389615,1.0454545454545456,8.0,False,False,False,False,False,False,True,False,False,False
27,2019_6,2019,82.421937,22.41955,38.15185,22.31225,51.03212998275952,293.0,45.61569405987148,104.0,3416.7677759782664,136340,8,11.0,21.43896103896104,63.34155844155844,1014.3961038961036,0.0,42.410389610389615,1.0454545454545456,13.0,False,False,False,False,False,False,False,False,True,False
4,2019_6,2019,82.316944,22.536409,38.436863,21.822277,56.07925395747348,296.0,53.2426727966146,104.0,3817.9596677289583,126480,9,12.0,21.43896103896104,63.34155844155844,1014.3961038961036,0.0,42.410389610389615,1.0454545454545456,11.0,False,False,True,False,False,False,False,False,False,False
8,2019_6,2019,85.213176,22.207142,39.091047,23.275588,53.67373700433624,294.0,63.25359176636539,104.0,4315.797137035683,147838,9,13.0,21.43896103896104,63.34155844155844,1014.3961038961036,0.0,42.410389610389615,1.0454545454545456,10.0,False,True,False,False,False,False,False,False,False,False
7,2019_6,2019,84.004764,23.081095,39.000523,22.50247,53.60937255106839,298.0,50.22506661093987,104.0,3704.132751684865,128170,8,14.0,21.43896103896104,63.34155844155844,1014.3961038961036,0.0,42.410389610389615,1.0454545454545456,17.0,False,False,False,False,False,False,False,True,False,False
99,2019_6,2019,83.7105,23.04759,37.780454,23.439111,56.1195339846403,298.0,49.932500914267806,104.0,3970.898072201034,128420,8,15.0,21.43896103896104,63.34155844155844,1014.3961038961036,0.0,42.410389610389615,1.0454545454545456,19.0,False,False,False,False,False,False,False,True,False,False
16,2019_6,2019,81.499857,21.227,37.6465,21.837,20.423750065304844,296.0,84.17371088239904,104.0,1686.1016143357192,149880,9,16.0,21.43896103896104,63.34155844155844,1014.3961038961036,0.0,42.410389610389615,1.0454545454545456,20.0,True,False,False,False,False,False,False,False,False,False
11,2019_6,2019,84.215333,22.394909,38.413454,24.463666,28.22344705083329,297.0,75.89384044720757,104.0,2151.6012747505356,145994,8,17.0,21.43896103896104,63.34155844155844,1014.3961038961036,0.0,42.410389610389615,1.0454545454545456,12.0,False,False,False,False,False,False,False,False,False,True
18,2019_6,2019,86.482,22.19509,38.850636,25.473,28.084478344914057,297.0,65.27151141528655,104.0,2001.9272765268272,123478,8,18.0,21.43896103896104,63.34155844155844,1014.3961038961036,0.0,42.410389610389615,1.0454545454545456,16.0,False,False,False,False,False,False,False,False,False,True
63,2019_6,2019,84.778166,22.308692,37.969461,25.088916,33.127893004545214,290.0,87.09163575570764,104.0,2604.5021158769136,97926,8,19.0,21.43896103896104,63.34155844155844,1014.3961038961036,0.0,42.410389610389615,1.0454545454545456,15.0,False,False,False,False,False,True,False,False,False,False
88,2019_6,2019,85.997333,22.911692,39.136538,24.123916,33.114205109450914,290.0,63.45948487539836,104.0,2444.631837417063,56874,8,20.0,21.43896103896104,63.34155844155844,1014.3961038961036,0.0,42.410389610389615,1.0454545454545456,18.0,False,False,False,False,False,True,False,False,False,False
5,2019_7,2019,83.977222,23.470045,27.015818,34.310833,60.54083989052344,338.0,67.74397023605884,104.0,3634.051787547041,180059,9,1.0,22.5,22.35,1022.0840425531916,0.0,48.02127659574467,1.5340425531914892,2.0,True,False,False,False,False,False,False,False,False,False
44,2019_7,2019,83.181687,23.457238,26.02238,33.766125,57.75679952104003,330.0,58.59763085870681,104.0,3147.983236400958,156992,9,2.0,22.5,22.35,1022.0840425531916,0.0,48.02127659574467,1.5340425531914892,1.0,False,False,False,True,False,False,False,False,False,False
16,2019_7,2019,81.896842,23.098272,26.1525,33.043666,60.508852206637016,333.0,78.95573896681492,104.0,3664.6743499828945,198114,9,3.0,22.5,22.35,1022.0840425531916,0.0,48.02127659574467,1.5340425531914892,3.0,True,False,False,False,False,False,False,False,False,False
3,2019_7,2019,84.491785,24.5673,27.24005,35.254071,54.77664214847759,335.0,40.33086725966473,104.0,3304.216601094766,161313,9,4.0,22.5,22.35,1022.0840425531916,0.0,48.02127659574467,1.5340425531914892,6.0,False,False,False,False,False,False,False,False,True,False
10,2019_7,2019,78.754333,23.409705,25.231588,31.024333,46.54404721176873,327.0,69.06996236743072,104.0,2593.432389668149,191406,9,5.0,22.5,22.35,1022.0840425531916,0.0,48.02127659574467,1.5340425531914892,8.0,False,False,False,False,True,False,False,False,False,False
77,2019_7,2019,86.835,23.588473,27.011473,37.992642,53.007056106739654,332.0,77.38278309955525,104.0,3171.0449880260007,195374,9,6.0,22.5,22.35,1022.0840425531916,0.0,48.02127659574467,1.5340425531914892,4.0,False,False,False,True,False,False,False,False,False,False
27,2019_7,2019,83.732066,24.149476,27.307904,34.1148,57.551188847074926,332.0,28.264240506329113,104.0,3259.0925419089976,177645,9,7.0,22.5,22.35,1022.0840425531916,0.0,48.02127659574467,1.5340425531914892,7.0,False,False,False,False,False,False,False,False,True,False
4,2019_7,2019,83.981071,23.929,27.41985,33.654214,54.73426274375642,331.0,61.59164385904892,104.0,3148.928540882655,165146,9,8.0,22.5,22.35,1022.0840425531916,0.0,48.02127659574467,1.5340425531914892,20.0,False,False,True,False,False,False,False,False,False,False
55,2019_7,2019,83.873,24.061,26.086,34.523538,52.13047382825864,333.0,58.41216216216216,104.0,2897.5064146424907,159396,9,9.0,22.5,22.35,1022.0840425531916,0.0,48.02127659574467,1.5340425531914892,11.0,False,False,True,False,False,False,False,False,False,False
20,2019_7,2019,88.444272,23.963666,27.367333,36.349727,41.190087239137874,330.0,72.48451932945603,104.0,2631.2961854259324,185972,9,10.0,22.5,22.35,1022.0840425531916,0.0,48.02127659574467,1.5340425531914892,17.0,False,True,False,False,False,False,False,False,False,False
33,2019_7,2019,80.939,23.190916,25.84675,31.779,32.96407800205269,331.0,78.45124871707151,104.0,1967.3526770441329,199798,9,11.0,22.5,22.35,1022.0840425531916,0.0,48.02127659574467,1.5340425531914892,5.0,False,False,False,False,True,False,False,False,False,False
26,2019_7,2019,83.56223,23.883,26.897529,32.999153,46.66806363325351,330.0,83.78626411221347,104.0,2698.3238539172085,199573,9,12.0,22.5,22.35,1022.0840425531916,0.0,48.02127659574467,1.5340425531914892,10.0,False,False,False,False,False,False,True,False,False,False
99,2019_7,2019,86.4525,23.505375,26.567187,36.3105,43.96373588778652,334.0,66.8195774888813,104.0,2545.154122476907,168614,9,13.0,22.5,22.35,1022.0840425531916,0.0,48.02127659574467,1.5340425531914892,13.0,False,False,False,False,False,False,False,True,False,False
23,2019_7,2019,85.251916,24.830687,27.535687,34.2485,43.884536435169345,331.0,68.57924221690044,104.0,2518.2239137872048,165674,9,14.0,22.5,22.35,1022.0840425531916,0.0,48.02127659574467,1.5340425531914892,19.0,False,False,False,False,False,False,True,False,False,False
8,2019_7,2019,86.204727,24.8868,28.0128,33.866727,41.26402668491277,331.0,80.3323640095792,104.0,2652.564745124872,196410,9,15.0,22.5,22.35,1022.0840425531916,0.0,48.02127659574467,1.5340425531914892,14.0,False,True,False,False,False,False,False,False,False,False
11,2019_7,2019,86.16975,24.3815,26.343,37.56625,16.483706808073897,335.0,69.98340745809101,104.0,1285.9018132056108,147923,9,16.0,22.5,22.35,1022.0840425531916,0.0,48.02127659574467,1.5340425531914892,12.0,False,False,False,False,False,False,False,False,False,True
7,2019_7,2019,86.062125,24.1059,26.891,35.392,27.468140608963395,333.0,75.12025316455696,104.0,1551.9191327403353,157462,9,17.0,22.5,22.35,1022.0840425531916,0.0,48.02127659574467,1.5340425531914892,15.0,False,False,False,False,False,False,False,True,False,False
18,2019_7,2019,84.515833,24.025888,26.965222,33.481666,24.624615121450564,332.0,88.70060725282244,104.0,1848.009621963736,192700,9,18.0,22.5,22.35,1022.0840425531916,0.0,48.02127659574467,1.5340425531914892,9.0,False,False,False,False,False,False,False,False,False,True
63,2019_7,2019,87.080375,24.4662,27.1904,36.029,27.409639069449195,331.0,73.497947314403,104.0,1762.5312606910709,59678,9,19.0,22.5,22.35,1022.0840425531916,0.0,48.02127659574467,1.5340425531914892,16.0,False,False,False,False,False,True,False,False,False,False
88,2019_7,2019,84.056875,24.0837,27.0708,33.561375,27.375470407115976,329.0,73.9425248032843,104.0,1811.9328173109816,77598,9,20.0,22.5,22.35,1022.0840425531916,0.0,48.02127659574467,1.5340425531914892,18.0,False,False,False,False,False,True,False,False,False,False
44,2019_8,2019,109.559066,28.4566,33.24455,47.281562,89.30087261837146,340.0,70.00759023080498,104.0,4680.392833169825,158596,9,1.0,26.27051282051282,45.78846153846153,965.021794871795,0.0,54.03333333333334,2.4397435897435904,1.0,False,False,False,True,False,False,False,False,False,False
77,2019_8,2019,103.392428,27.142315,31.286315,45.713333,85.67026385088036,340.0,72.27624309392266,104.0,4585.467392988073,159120,9,2.0,26.27051282051282,45.78846153846153,965.021794871795,0.0,54.03333333333334,2.4397435897435904,2.0,False,False,False,True,False,False,False,False,False,False
16,2019_8,2019,106.508785,28.242894,32.835736,46.388428,84.309908607425,341.0,70.4246914855166,104.0,4769.401146279754,158244,9,3.0,26.27051282051282,45.78846153846153,965.021794871795,0.0,54.03333333333334,2.4397435897435904,3.0,True,False,False,False,False,False,False,False,False,False
33,2019_8,2019,104.223428,27.267894,31.877315,46.116,83.94196313316466,336.0,48.60313936076832,104.0,4615.726700056797,143432,9,4.0,26.27051282051282,45.78846153846153,965.021794871795,0.0,54.03333333333334,2.4397435897435904,4.0,False,False,False,False,True,False,False,False,False,False
4,2019_8,2019,108.235466,27.428047,33.459333,48.445933,92.64155522280168,338.0,50.734496824495274,104.0,5202.050446636031,132202,9,5.0,26.27051282051282,45.78846153846153,965.021794871795,0.0,54.03333333333334,2.4397435897435904,9.0,False,False,True,False,False,False,False,False,False,False
55,2019_8,2019,109.2536,28.105904,32.512714,48.757733,92.81308411214954,338.0,47.21939381422006,104.0,5029.289306552383,129322,9,6.0,26.27051282051282,45.78846153846153,965.021794871795,0.0,54.03333333333334,2.4397435897435904,6.0,False,False,True,False,False,False,False,False,False,False
5,2019_8,2019,109.739714,29.364894,32.900368,47.614857,84.18562503227139,343.0,54.22047813290649,104.0,4530.694015593535,138412,9,7.0,26.27051282051282,45.78846153846153,965.021794871795,0.0,54.03333333333334,2.4397435897435904,5.0,True,False,False,False,False,False,False,False,False,False
3,2019_8,2019,114.540785,29.786842,33.593684,50.189142,88.31584654308875,343.0,34.01115299220323,104.0,5133.222285330718,134336,9,8.0,26.27051282051282,45.78846153846153,965.021794871795,0.0,54.03333333333334,2.4397435897435904,11.0,False,False,False,False,False,False,False,False,True,False
10,2019_8,2019,107.855538,29.130631,32.609315,47.171076,83.93401146279754,334.0,42.43997521557288,104.0,4803.141632674136,147980,9,9.0,26.27051282051282,45.78846153846153,965.021794871795,0.0,54.03333333333334,2.4397435897435904,10.0,False,False,False,False,True,False,False,False,False,False
99,2019_8,2019,109.31475,29.143588,33.443411,48.005583,75.26188877988331,344.0,51.774823152785665,104.0,4218.797438942531,127500,9,10.0,26.27051282051282,45.78846153846153,965.021794871795,0.0,54.03333333333334,2.4397435897435904,16.0,False,False,False,False,False,False,False,True,False,False
23,2019_8,2019,111.5645,29.804785,33.350714,48.4586,61.8629627717251,342.0,60.88738575928125,104.0,3518.164816440337,129370,9,11.0,26.27051282051282,45.78846153846153,965.021794871795,0.0,54.03333333333334,2.4397435897435904,15.0,False,False,False,False,False,False,True,False,False,False
7,2019_8,2019,108.4119,28.983285,32.814357,49.0747,62.08591934734342,345.0,59.946352042133526,104.0,3397.0353178086434,130500,9,12.0,26.27051282051282,45.78846153846153,965.021794871795,0.0,54.03333333333334,2.4397435897435904,7.0,False,False,False,False,False,False,False,True,False,False
27,2019_8,2019,110.807,29.131133,32.816533,48.582272,66.42970000516343,341.0,47.30231837662002,104.0,3577.339030309289,139260,9,13.0,26.27051282051282,45.78846153846153,965.021794871795,0.0,54.03333333333334,2.4397435897435904,8.0,False,False,False,False,False,False,False,False,True,False
11,2019_8,2019,109.967454,29.653733,33.926933,47.186272,66.32080342851242,342.0,59.26741364176176,104.0,3655.297877833428,129614,9,14.0,26.27051282051282,45.78846153846153,965.021794871795,0.0,54.03333333333334,2.4397435897435904,12.0,False,False,False,False,False,False,False,False,False,True
20,2019_8,2019,110.210666,29.827117,34.163941,50.371,75.4034181855734,339.0,67.4862911137502,104.0,4505.263850880364,150882,9,15.0,26.27051282051282,45.78846153846153,965.021794871795,0.0,54.03333333333334,2.4397435897435904,17.0,False,True,False,False,False,False,False,False,False,False
26,2019_8,2019,117.03475,31.499,34.546,50.40175,26.491609438735995,332.0,74.37254092012185,104.0,1558.352971549543,128438,9,16.0,26.27051282051282,45.78846153846153,965.021794871795,0.0,54.03333333333334,2.4397435897435904,14.0,False,False,False,False,False,False,True,False,False,False
8,2019_8,2019,109.441333,27.921888,34.247222,53.667,39.941704962048846,333.0,79.94852067950637,104.0,2497.9735632777406,149688,9,17.0,26.27051282051282,45.78846153846153,965.021794871795,0.0,54.03333333333334,2.4397435897435904,20.0,False,True,False,False,False,False,False,False,False,False
18,2019_8,2019,113.2435,30.550333,33.686,54.237285,39.81762792378789,338.0,66.08529973666546,104.0,2318.74012495482,127692,9,18.0,26.27051282051282,45.78846153846153,965.021794871795,0.0,54.03333333333334,2.4397435897435904,13.0,False,False,False,False,False,False,False,False,False,True
63,2019_8,2019,106.7144,27.833625,31.50175,47.1714,35.27448753033511,334.0,69.50828729281768,104.0,2070.946920018588,71983,9,19.0,26.27051282051282,45.78846153846153,965.021794871795,0.0,54.03333333333334,2.4397435897435904,19.0,False,False,False,False,False,True,False,False,False,False
88,2019_8,2019,107.293166,28.379875,32.35175,48.004166,35.35668921361078,336.0,70.44018175246553,104.0,2027.6186296277172,77452,9,20.0,26.27051282051282,45.78846153846153,965.021794871795,0.0,54.03333333333334,2.4397435897435904,18.0,False,False,False,False,False,True,False,False,False,False
16,2019_9,2019,77.744769,18.021384,34.560055,26.763444,59.649301661739216,332.0,71.84131919665613,104.0,3751.050769701295,159222,9,1.0,29.65128205128205,27.096153846153847,941.8884615384612,0.0,50.98205128205128,1.455128205128205,2.0,True,False,False,False,False,False,False,False,False,False
44,2019_9,2019,77.16215,18.72545,34.899615,24.431923,86.23667040473035,327.0,72.2962075644816,104.0,4561.0198287287185,162912,9,2.0,29.65128205128205,27.096153846153847,941.8884615384612,0.0,50.98205128205128,1.455128205128205,5.0,False,False,False,True,False,False,False,False,False,False
33,2019_9,2019,74.49325,18.527,33.299588,25.357647,56.118003873993274,327.0,59.262412070547455,104.0,3091.7363135895607,152390,9,3.0,29.65128205128205,27.096153846153847,941.8884615384612,0.0,50.98205128205128,1.455128205128205,1.0,False,False,False,False,True,False,False,False,False,False
77,2019_9,2019,77.439611,18.21121,34.37484,26.732583,83.47874401060251,325.0,62.347385054541746,104.0,4614.981292690386,155752,9,4.0,29.65128205128205,27.096153846153847,941.8884615384612,0.0,50.98205128205128,1.455128205128205,3.0,False,False,False,True,False,False,False,False,False,False
20,2019_9,2019,79.146692,18.527928,36.12545,27.47621,66.22397797940667,323.0,62.51610765623407,104.0,4281.990875726374,151524,9,5.0,29.65128205128205,27.096153846153847,941.8884615384612,0.0,50.98205128205128,1.455128205128205,19.0,False,True,False,False,False,False,False,False,False,False
4,2019_9,2019,78.600583,18.230461,35.320526,27.305166,62.638291365072895,331.0,78.76281985931287,104.0,3433.578040574982,162860,9,6.0,29.65128205128205,27.096153846153847,941.8884615384612,0.0,50.98205128205128,1.455128205128205,6.0,False,False,True,False,False,False,False,False,False,False
7,2019_9,2019,80.844437,19.274647,34.981304,26.689,76.26042410031603,331.0,53.4855234988276,104.0,4214.067590987868,133568,9,7.0,29.65128205128205,27.096153846153847,941.8884615384612,0.0,50.98205128205128,1.455128205128205,9.0,False,False,False,False,False,False,False,True,False,False
99,2019_9,2019,80.6374,19.691,34.463909,26.887619,72.79009073300031,329.0,53.25420532164339,104.0,4074.480528086451,133236,9,8.0,29.65128205128205,27.096153846153847,941.8884615384612,0.0,50.98205128205128,1.455128205128205,10.0,False,False,False,False,False,False,False,True,False,False
10,2019_9,2019,74.78275,17.775692,33.657722,25.549588,59.56815169742074,323.0,53.02885105515343,104.0,3240.8049240493424,160458,9,9.0,29.65128205128205,27.096153846153847,941.8884615384612,0.0,50.98205128205128,1.455128205128205,7.0,False,False,False,False,True,False,False,False,False,False
5,2019_9,2019,81.354,18.012571,35.005777,28.323444,29.876032215312467,328.0,86.41288612498725,104.0,1858.295799775716,159144,9,10.0,29.65128205128205,27.096153846153847,941.8884615384612,0.0,50.98205128205128,1.455128205128205,4.0,True,False,False,False,False,False,False,False,False,False
8,2019_9,2019,79.986928,18.519,36.099722,26.386166,59.847079212967685,320.0,73.95891528188399,104.0,3503.327913140993,155620,9,11.0,29.65128205128205,27.096153846153847,941.8884615384612,0.0,50.98205128205128,1.455128205128205,16.0,False,True,False,False,False,False,False,False,False,False
27,2019_9,2019,79.363,18.80775,33.684583,28.247666,39.739372005301256,331.0,53.82485472525232,104.0,2230.083239881741,160216,9,12.0,29.65128205128205,27.096153846153847,941.8884615384612,0.0,50.98205128205128,1.455128205128205,13.0,False,False,False,False,False,False,False,False,True,False
23,2019_9,2019,81.169363,18.853727,34.6746,28.418333,49.63910694260373,328.0,61.08752166377816,104.0,2748.428738913243,124136,9,13.0,29.65128205128205,27.096153846153847,941.8884615384612,0.0,50.98205128205128,1.455128205128205,15.0,False,False,False,False,False,False,True,False,False,False
3,2019_9,2019,78.543125,18.830625,34.312083,26.994916,39.68116015903762,325.0,62.90228361708635,104.0,2398.664287898868,159254,9,14.0,29.65128205128205,27.096153846153847,941.8884615384612,0.0,50.98205128205128,1.455128205128205,12.0,False,False,False,False,False,False,False,False,True,False
55,2019_9,2019,82.016888,18.214777,35.462833,27.576666,39.67489040676929,329.0,64.46421653583444,104.0,2104.755683555918,123052,9,15.0,29.65128205128205,27.096153846153847,941.8884615384612,0.0,50.98205128205128,1.455128205128205,8.0,False,False,True,False,False,False,False,False,False,False
11,2019_9,2019,73.6304,18.009666,35.243125,25.454,26.547660311958406,327.0,90.35120807421757,104.0,1924.1657151595473,158576,9,16.0,29.65128205128205,27.096153846153847,941.8884615384612,0.0,50.98205128205128,1.455128205128205,11.0,False,False,False,False,False,False,False,False,False,True
18,2019_9,2019,75.043,17.679666,35.364444,25.327888,29.81491487409522,327.0,89.31588337241308,104.0,1930.8920888979508,159088,9,17.0,29.65128205128205,27.096153846153847,941.8884615384612,0.0,50.98205128205128,1.455128205128205,14.0,False,False,False,False,False,False,False,False,False,True
26,2019_9,2019,77.343833,18.9245,34.79475,24.112,26.4916403303089,323.0,90.92873891324294,104.0,1438.0290039759404,157716,9,18.0,29.65128205128205,27.096153846153847,941.8884615384612,0.0,50.98205128205128,1.455128205128205,17.0,False,False,False,False,False,False,True,False,False,False
63,2019_9,2019,80.5759,18.453,35.72625,25.680583,39.76490977673565,330.0,68.12055255377715,104.0,2242.253440717708,78148,9,19.0,29.65128205128205,27.096153846153847,941.8884615384612,0.0,50.98205128205128,1.455128205128205,18.0,False,False,False,False,False,True,False,False,False,False
88,2019_9,2019,74.1375,18.162875,32.493636,23.61109,36.34804771128555,325.0,71.43541645427669,104.0,1957.5204404118667,65292,9,20.0,29.65128205128205,27.096153846153847,941.8884615384612,0.0,50.98205128205128,1.455128205128205,20.0,False,False,False,False,False,True,False,False,False,False
77,2019_10,2019,95.638428,30.680285,39.08915,26.59115,89.97606767072416,330.0,67.970858262843,104.0,4632.576954817413,151794,9,1.0,19.0,67.69873417721517,1005.189873417722,0.0,29.511392405063287,1.7253164556962026,2.0,False,False,False,True,False,False,False,False,False,False
44,2019_10,2019,96.462454,30.906636,39.101312,26.762687,72.12028058592944,330.0,80.01072828553744,104.0,3690.2336496802145,158440,9,2.0,19.0,67.69873417721517,1005.189873417722,0.0,29.511392405063287,1.7253164556962026,1.0,False,False,False,True,False,False,False,False,False,False
16,2019_10,2019,97.432416,30.983583,40.326764,27.949294,75.43820920156799,334.0,76.48777594388281,104.0,4252.585877862595,153960,9,3.0,19.0,67.69873417721517,1005.189873417722,0.0,29.511392405063287,1.7253164556962026,3.0,True,False,False,False,False,False,False,False,False,False
33,2019_10,2019,97.789062,31.103,40.614523,26.673809,93.239116979575,331.0,37.83623891066639,104.0,4733.259129358366,127340,9,4.0,19.0,67.69873417721517,1005.189873417722,0.0,29.511392405063287,1.7253164556962026,5.0,False,False,False,False,True,False,False,False,False,False
10,2019_10,2019,98.602466,31.613933,40.797476,28.600428,93.32473695069116,330.0,53.88322673818857,104.0,4839.52176604085,152502,9,5.0,19.0,67.69873417721517,1005.189873417722,0.0,29.511392405063287,1.7253164556962026,4.0,False,False,False,False,True,False,False,False,False,False
5,2019_10,2019,97.215615,31.301076,39.913842,27.689105,84.45332164225294,333.0,65.98880750979987,104.0,4642.491489581184,149152,9,6.0,19.0,67.69873417721517,1005.189873417722,0.0,29.511392405063287,1.7253164556962026,16.0,True,False,False,False,False,False,False,False,False,False
3,2019_10,2019,97.8006,30.976,40.708523,27.576428,93.24793686816588,339.0,47.56452444811224,104.0,4820.583453682691,146688,9,7.0,19.0,67.69873417721517,1005.189873417722,0.0,29.511392405063287,1.7253164556962026,7.0,False,False,False,False,False,False,False,False,True,False
4,2019_10,2019,98.480937,31.275375,40.695476,27.36719,93.08990096967196,333.0,56.77382917268413,104.0,4645.157984320198,130330,9,8.0,19.0,67.69873417721517,1005.189873417722,0.0,29.511392405063287,1.7253164556962026,11.0,False,False,True,False,False,False,False,False,False,False
23,2019_10,2019,99.040666,31.600888,40.689791,27.043208,106.53569218073036,333.0,53.44083969465649,104.0,5542.670156798019,131208,9,9.0,19.0,67.69873417721517,1005.189873417722,0.0,29.511392405063287,1.7253164556962026,12.0,False,False,False,False,False,False,True,False,False,False
27,2019_10,2019,97.648133,31.338266,40.181761,27.622904,93.2648545492057,338.0,45.29770992366412,104.0,4580.302867753249,151092,9,10.0,19.0,67.69873417721517,1005.189873417722,0.0,29.511392405063287,1.7253164556962026,10.0,False,False,False,False,False,False,False,False,True,False
99,2019_10,2019,97.8705,31.479928,40.370277,27.671111,80.37657313802352,336.0,62.234939137610894,104.0,4085.124664741077,130304,9,11.0,19.0,67.69873417721517,1005.189873417722,0.0,29.511392405063287,1.7253164556962026,18.0,False,False,False,False,False,False,False,True,False,False
7,2019_10,2019,99.142928,31.666357,40.716166,27.811388,80.1719104600784,334.0,60.033990096967194,104.0,4096.957860532288,130090,9,12.0,19.0,67.69873417721517,1005.189873417722,0.0,29.511392405063287,1.7253164556962026,8.0,False,False,False,False,False,False,False,True,False,False
55,2019_10,2019,97.727818,30.099272,40.3392,28.4204,66.71265731380235,331.0,64.00128945739633,104.0,3322.8134413038993,126648,9,13.0,19.0,67.69873417721517,1005.189873417722,0.0,29.511392405063287,1.7253164556962026,6.0,False,False,True,False,False,False,False,False,False,False
8,2019_10,2019,98.929153,30.713384,41.217823,27.948235,75.79838044151022,330.0,73.74293377346812,104.0,4171.448524860739,151796,9,14.0,19.0,67.69873417721517,1005.189873417722,0.0,29.511392405063287,1.7253164556962026,19.0,False,True,False,False,False,False,False,False,False,False
11,2019_10,2019,96.9392,30.4662,39.589285,28.338,62.21317309676088,331.0,61.69898906540128,104.0,3235.3908603259747,122150,9,15.0,19.0,67.69873417721517,1005.189873417722,0.0,29.511392405063287,1.7253164556962026,17.0,False,False,False,False,False,False,False,False,False,True
20,2019_10,2019,101.519428,31.026428,41.721333,29.318111,40.161388487724366,328.0,84.36414276872293,104.0,2471.542500515783,149872,9,16.0,19.0,67.69873417721517,1005.189873417722,0.0,29.511392405063287,1.7253164556962026,20.0,False,True,False,False,False,False,False,False,False,False
26,2019_10,2019,99.55525,32.252375,40.0911,28.095,44.560810810810814,334.0,67.83515576645348,104.0,2298.393645553951,127600,9,17.0,19.0,67.69873417721517,1005.189873417722,0.0,29.511392405063287,1.7253164556962026,9.0,False,False,False,False,False,False,True,False,False,False
18,2019_10,2019,93.761833,30.63,39.816666,26.507666,39.999071590674646,334.0,89.288271095523,104.0,2242.54776150196,156126,9,18.0,19.0,67.69873417721517,1005.189873417722,0.0,29.511392405063287,1.7253164556962026,13.0,False,False,False,False,False,False,False,False,False,True
63,2019_10,2019,95.168285,30.288857,39.045777,27.525888,40.10996492675882,330.0,80.98364968021457,104.0,2349.0703012172476,73305,9,19.0,19.0,67.69873417721517,1005.189873417722,0.0,29.511392405063287,1.7253164556962026,14.0,False,False,False,False,False,True,False,False,False,False
88,2019_10,2019,99.537375,30.861,39.9444,30.0282,44.62925520940788,331.0,86.73442335465236,104.0,2653.255622034248,95575,9,20.0,19.0,67.69873417721517,1005.189873417722,0.0,29.511392405063287,1.7253164556962026,15.0,False,False,False,False,False,True,False,False,False,False
44,2019_11,2019,90.363153,20.352714,45.740052,29.603,66.59949178032464,326.0,46.39127729087797,104.0,3770.876367785096,113330,9,1.0,28.323076923076915,51.68589743589743,990.0705128205132,0.0,44.02564102564102,1.448717948717949,9.0,False,False,False,True,False,False,False,False,False,False
33,2019_11,2019,92.184818,20.347833,47.680823,30.22225,59.511538660996735,329.0,44.95638645438988,104.0,3784.23129181144,146850,9,2.0,28.323076923076915,51.68589743589743,990.0705128205132,0.0,44.02564102564102,1.448717948717949,1.0,False,False,False,False,True,False,False,False,False,False
77,2019_11,2019,93.041384,19.385071,44.913578,32.383,67.68070321008142,329.0,68.66421200020744,104.0,4013.463568946741,155094,9,3.0,28.323076923076915,51.68589743589743,990.0705128205132,0.0,44.02564102564102,1.448717948717949,15.0,False,False,False,True,False,False,False,False,False,False
10,2019_11,2019,89.16,19.3834,46.082733,30.995714,52.55987138930664,330.0,36.72924337499352,104.0,3166.311777213089,122106,9,4.0,28.323076923076915,51.68589743589743,990.0705128205132,0.0,44.02564102564102,1.448717948717949,14.0,False,False,False,False,True,False,False,False,False,False
7,2019_11,2019,91.954384,19.88623,40.693166,32.377388,62.99642171861225,334.0,50.42529689363688,104.0,3723.9912358035576,125386,9,5.0,28.323076923076915,51.68589743589743,990.0705128205132,0.0,44.02564102564102,1.448717948717949,12.0,False,False,False,False,False,False,False,True,False,False
8,2019_11,2019,89.16123,18.509142,44.04795,29.842157,70.16911268993414,331.0,60.737177825027224,104.0,4245.6215837784575,145776,9,6.0,28.323076923076915,51.68589743589743,990.0705128205132,0.0,44.02564102564102,1.448717948717949,7.0,False,True,False,False,False,False,False,False,False,False
55,2019_11,2019,86.945571,17.8242,42.337714,30.09235,73.40647202198828,329.0,51.811284551159055,104.0,4113.264948400145,125210,9,7.0,28.323076923076915,51.68589743589743,990.0705128205132,0.0,44.02564102564102,1.448717948717949,5.0,False,False,True,False,False,False,False,False,False,False
11,2019_11,2019,88.993,17.9995,44.671533,32.762933,53.100503033760305,332.0,73.61561997614479,104.0,3254.389980812114,154874,9,8.0,28.323076923076915,51.68589743589743,990.0705128205132,0.0,44.02564102564102,1.448717948717949,20.0,False,False,False,False,False,False,False,False,False,True
27,2019_11,2019,83.059777,18.6328,42.828933,29.561571,52.4842088886584,333.0,32.458642327438675,104.0,3118.1239433698074,150484,9,9.0,28.323076923076915,51.68589743589743,990.0705128205132,0.0,44.02564102564102,1.448717948717949,16.0,False,False,False,False,False,False,False,False,True,False
16,2019_11,2019,92.438857,18.212571,42.981666,33.275777,32.013172224238964,331.0,82.27117149821086,104.0,2283.5873048799463,144540,9,10.0,28.323076923076915,51.68589743589743,990.0705128205132,0.0,44.02564102564102,1.448717948717949,17.0,True,False,False,False,False,False,False,False,False,False
99,2019_11,2019,87.0047,19.337454,40.1134,30.410285,52.6343411294923,336.0,55.90525333195042,104.0,3156.890888347249,124654,9,11.0,28.323076923076915,51.68589743589743,990.0705128205132,0.0,44.02564102564102,1.448717948717949,13.0,False,False,False,False,False,False,False,True,False,False
20,2019_11,2019,85.506714,18.146142,41.838181,30.42309,38.59352797801172,333.0,75.9084167401338,104.0,2720.3238085360163,147306,9,12.0,28.323076923076915,51.68589743589743,990.0705128205132,0.0,44.02564102564102,1.448717948717949,8.0,False,True,False,False,False,False,False,False,False,False
3,2019_11,2019,86.485,19.209875,44.390666,31.514833,42.0647202198828,331.0,64.75029819011564,104.0,2611.818700409687,155220,9,13.0,28.323076923076915,51.68589743589743,990.0705128205132,0.0,44.02564102564102,1.448717948717949,19.0,False,False,False,False,False,False,False,False,True,False
26,2019_11,2019,91.308909,19.457181,43.2798,32.2962,52.58455634496707,331.0,73.97681895970544,104.0,3181.3462116890523,152592,9,14.0,28.323076923076915,51.68589743589743,990.0705128205132,0.0,44.02564102564102,1.448717948717949,3.0,False,False,False,False,False,False,True,False,False,False
18,2019_11,2019,84.0736,17.7764,41.805133,30.841,52.64289788933257,334.0,59.00705284447441,104.0,3070.578385106052,125622,9,15.0,28.323076923076915,51.68589743589743,990.0705128205132,0.0,44.02564102564102,1.448717948717949,4.0,False,False,False,False,False,False,False,False,False,True
4,2019_11,2019,89.811142,18.735,42.796333,29.729666,31.53591246175388,330.0,68.25322823212156,104.0,1773.6140642016285,122478,9,16.0,28.323076923076915,51.68589743589743,990.0705128205132,0.0,44.02564102564102,1.448717948717949,18.0,False,False,True,False,False,False,False,False,False,False
23,2019_11,2019,91.848166,19.057428,45.633111,34.096375,31.57107296582482,343.0,65.98993932479387,104.0,1930.3748379401543,121838,9,17.0,28.323076923076915,51.68589743589743,990.0705128205132,0.0,44.02564102564102,1.448717948717949,6.0,False,False,False,False,False,False,True,False,False,False
63,2019_11,2019,86.883875,19.01925,41.66809,29.951636,38.60716693460561,333.0,67.036871856039,104.0,2358.731214022714,67877,9,18.0,28.323076923076915,51.68589743589743,990.0705128205132,0.0,44.02564102564102,1.448717948717949,11.0,False,False,False,False,False,True,False,False,False,False
88,2019_11,2019,89.843875,18.636625,40.831545,32.400363,38.57838510605196,332.0,66.57169527563138,104.0,2350.7479126691906,66484,9,19.0,28.323076923076915,51.68589743589743,990.0705128205132,0.0,44.02564102564102,1.448717948717949,10.0,False,False,False,False,False,True,False,False,False,False
33,2019_12,2019,87.7151,31.9695,33.255,25.824666,49.9071682190089,317.0,63.16317604075542,104.0,3218.9011989914065,158510,9,1.0,23.931645569620255,51.70506329113924,982.3329113924048,0.0,42.86075949367088,1.7658227848101269,2.0,False,False,False,False,True,False,False,False,False,False
77,2019_12,2019,90.325,31.851692,33.233,27.233,60.81922502958884,323.0,71.23789430350435,104.0,3710.3244995626,157365,9,2.0,23.931645569620255,51.70506329113924,982.3329113924048,0.0,42.86075949367088,1.7658227848101269,8.0,False,False,False,True,False,False,False,False,False,False
44,2019_12,2019,92.9655,32.831875,34.217666,27.658857,71.07235115525138,323.0,65.538362579118,104.0,4317.094478464468,152114,9,3.0,23.931645569620255,51.70506329113924,982.3329113924048,0.0,42.86075949367088,1.7658227848101269,1.0,False,False,False,True,False,False,False,False,False,False
16,2019_12,2019,87.149363,30.671,32.513,27.101941,56.4970925744867,327.0,73.95425307466681,104.0,3850.6127720887152,154612,9,4.0,23.931645569620255,51.70506329113924,982.3329113924048,0.0,42.86075949367088,1.7658227848101269,4.0,True,False,False,False,False,False,False,False,False,False
5,2019_12,2019,86.044166,31.120538,31.870388,26.879294,59.9521947203211,327.0,59.82766428240622,104.0,3676.963001080636,139768,9,5.0,23.931645569620255,51.70506329113924,982.3329113924048,0.0,42.86075949367088,1.7658227848101269,3.0,True,False,False,False,False,False,False,False,False,False
10,2019_12,2019,88.959384,31.948642,34.095842,26.577333,63.264498533422525,318.0,38.24494416713837,104.0,3920.6106622755105,125850,9,6.0,23.931645569620255,51.70506329113924,982.3329113924048,0.0,42.86075949367088,1.7658227848101269,6.0,False,False,False,False,True,False,False,False,False,False
4,2019_12,2019,86.481909,30.681083,33.577388,27.899823,59.68738743374672,325.0,47.883394226316064,104.0,3656.6657747131167,118496,9,7.0,23.931645569620255,51.70506329113924,982.3329113924048,0.0,42.86075949367088,1.7658227848101269,9.0,False,False,True,False,False,False,False,False,False,False
55,2019_12,2019,87.397,30.550142,33.51625,26.732526,66.42453558380075,320.0,48.49405650182679,104.0,3898.163330417331,120816,9,8.0,23.931645569620255,51.70506329113924,982.3329113924048,0.0,42.86075949367088,1.7658227848101269,5.0,False,False,True,False,False,False,False,False,False,False
8,2019_12,2019,89.043928,30.965066,34.097476,26.2363,69.92034168682139,324.0,64.55266814182062,104.0,4457.978490197087,158115,9,9.0,23.931645569620255,51.70506329113924,982.3329113924048,0.0,42.86075949367088,1.7658227848101269,20.0,False,True,False,False,False,False,False,False,False,False
7,2019_12,2019,89.262076,32.272571,33.4025,27.666578,66.46004219626408,326.0,47.331086296505944,104.0,4021.628364122884,123298,9,10.0,23.931645569620255,51.70506329113924,982.3329113924048,0.0,42.86075949367088,1.7658227848101269,7.0,False,False,False,False,False,False,False,True,False,False
27,2019_12,2019,86.645,30.713,32.426083,28.974833,39.982915658930686,324.0,41.09838933772449,104.0,2395.7182627489324,124260,9,11.0,23.931645569620255,51.70506329113924,982.3329113924048,0.0,42.86075949367088,1.7658227848101269,12.0,False,False,False,False,False,False,False,False,True,False
23,2019_12,2019,90.9016,31.6902,34.441571,27.811642,46.624659085061495,322.0,58.166675243143104,104.0,2902.421756805434,122460,9,12.0,23.931645569620255,51.70506329113924,982.3329113924048,0.0,42.86075949367088,1.7658227848101269,10.0,False,False,False,False,False,False,True,False,False,False
26,2019_12,2019,89.1392,31.7818,34.5615,28.289642,46.55987238203057,323.0,70.48952812226625,104.0,3048.946328410436,147518,9,13.0,23.931645569620255,51.70506329113924,982.3329113924048,0.0,42.86075949367088,1.7658227848101269,15.0,False,False,False,False,False,False,True,False,False,False
99,2019_12,2019,89.5648,32.0959,32.888857,26.856142,46.76730304121855,325.0,57.414501106365464,104.0,2935.94653424587,123026,9,14.0,23.931645569620255,51.70506329113924,982.3329113924048,0.0,42.86075949367088,1.7658227848101269,18.0,False,False,False,False,False,False,False,True,False,False
20,2019_12,2019,90.589222,32.094777,34.477923,29.191846,43.29815262697473,320.0,72.15628055369731,104.0,3149.2833839345444,163560,9,15.0,23.931645569620255,51.70506329113924,982.3329113924048,0.0,42.86075949367088,1.7658227848101269,13.0,False,True,False,False,False,False,False,False,False,False
63,2019_12,2019,86.171833,30.287833,33.510111,28.306333,29.93696289816292,322.0,69.29635156692224,104.0,1829.9477692584776,63567,9,16.0,23.931645569620255,51.70506329113924,982.3329113924048,0.0,42.86075949367088,1.7658227848101269,16.0,False,False,False,False,False,True,False,False,False,False
11,2019_12,2019,87.85575,30.71225,34.331333,27.482,19.93392682550301,324.0,60.96675757731693,104.0,1452.3446199763289,110904,9,17.0,23.931645569620255,51.70506329113924,982.3329113924048,0.0,42.86075949367088,1.7658227848101269,11.0,False,False,False,False,False,False,False,False,False,True
3,2019_12,2019,87.22825,30.58225,33.905666,27.3215,19.87032367622086,324.0,60.03581536561519,104.0,1246.198785570936,119388,9,18.0,23.931645569620255,51.70506329113924,982.3329113924048,0.0,42.86075949367088,1.7658227848101269,14.0,False,False,False,False,False,False,False,False,True,False
18,2019_12,2019,84.96,29.526,32.727,28.549333,29.94375546750373,325.0,68.10255750527453,104.0,2067.3944836103537,127098,9,19.0,23.931645569620255,51.70506329113924,982.3329113924048,0.0,42.86075949367088,1.7658227848101269,17.0,False,False,False,False,False,False,False,False,False,True
88,2019_12,2019,87.1575,31.279,33.614,28.143111,29.94797509391242,321.0,86.0395718622961,104.0,2053.6213142592496,92423,9,20.0,23.931645569620255,51.70506329113924,982.3329113924048,0.0,42.86075949367088,1.7658227848101269,19.0,False,False,False,False,False,True,False,False,False,False
16,2019_13,2019,118.3764,33.6732,54.622666,37.800866,73.67443199433102,345.0,77.47867487488374,104.0,4026.7058771424777,188153,9,1.0,29.23804347826087,36.51413043478261,964.1293478260868,0.0,41.25434782608695,2.801086956521739,1.0,True,False,False,False,False,False,False,False,False,False
5,2019_13,2019,119.13,34.4131,54.193533,38.1994,73.78922892953629,346.0,74.68209398113291,104.0,4036.5484742459807,185378,9,2.0,29.23804347826087,36.51413043478261,964.1293478260868,0.0,41.25434782608695,2.801086956521739,4.0,True,False,False,False,False,False,False,False,False,False
44,2019_13,2019,116.0176,35.8485,54.566058,39.157941,82.71659506621197,335.0,42.34434651667478,104.0,4304.5584392577175,128901,9,3.0,29.23804347826087,36.51413043478261,964.1293478260868,0.0,41.25434782608695,2.801086956521739,2.0,False,False,False,True,False,False,False,False,False,False
77,2019_13,2019,114.038888,35.943583,54.979647,39.894312,88.26710660348111,335.0,64.80220558926436,104.0,4736.859382612161,185077,9,4.0,29.23804347826087,36.51413043478261,964.1293478260868,0.0,41.25434782608695,2.801086956521739,3.0,False,False,False,True,False,False,False,False,False,False
33,2019_13,2019,115.044125,34.506555,54.338928,35.992615,73.23947030426503,334.0,58.55724345630896,104.0,4078.786305859427,185451,9,5.0,29.23804347826087,36.51413043478261,964.1293478260868,0.0,41.25434782608695,2.801086956521739,20.0,False,False,False,False,True,False,False,False,False,False
3,2019_13,2019,118.828444,34.5816,56.909312,37.051642,77.99402099295806,340.0,27.497231941184285,104.0,4453.725054253953,173992,9,6.0,29.23804347826087,36.51413043478261,964.1293478260868,0.0,41.25434782608695,2.801086956521739,14.0,False,False,False,False,False,False,False,False,True,False
27,2019_13,2019,117.284714,33.760222,57.956666,37.144916,73.42375658797998,340.0,33.29531865893087,104.0,4078.701049647903,185948,9,7.0,29.23804347826087,36.51413043478261,964.1293478260868,0.0,41.25434782608695,2.801086956521739,8.0,False,False,False,False,False,False,False,False,True,False
7,2019_13,2019,116.734875,33.009727,53.713176,35.716333,82.4977634084769,340.0,52.75238053058151,104.0,4279.926746091501,157186,9,8.0,29.23804347826087,36.51413043478261,964.1293478260868,0.0,41.25434782608695,2.801086956521739,16.0,False,False,False,False,False,False,False,True,False,False
11,2019_13,2019,118.069111,33.9157,56.94625,37.729533,82.57402896496745,339.0,47.81620089463661,104.0,4500.1022631648875,149610,9,9.0,29.23804347826087,36.51413043478261,964.1293478260868,0.0,41.25434782608695,2.801086956521739,6.0,False,False,False,False,False,False,False,False,False,True
20,2019_13,2019,119.182888,33.7352,54.083875,37.840266,82.65857655343461,337.0,58.05699986713318,104.0,4833.534213206962,185071,9,10.0,29.23804347826087,36.51413043478261,964.1293478260868,0.0,41.25434782608695,2.801086956521739,12.0,False,True,False,False,False,False,False,False,False,False
8,2019_13,2019,119.8776,33.297666,55.2261,45.4362,54.89831259134594,343.0,72.39700606758493,104.0,3335.5352318526066,185725,9,11.0,29.23804347826087,36.51413043478261,964.1293478260868,0.0,41.25434782608695,2.801086956521739,13.0,False,True,False,False,False,False,False,False,False,False
4,2019_13,2019,116.8128,34.596333,55.9397,40.281888,54.76633154701271,333.0,57.77966251826919,104.0,3030.938039771469,152157,9,12.0,29.23804347826087,36.51413043478261,964.1293478260868,0.0,41.25434782608695,2.801086956521739,11.0,False,False,True,False,False,False,False,False,False,False
18,2019_13,2019,116.37825,32.98825,56.127571,36.9395,40.87988839186855,340.0,63.09730280348997,104.0,2326.68156251384,148991,9,13.0,29.23804347826087,36.51413043478261,964.1293478260868,0.0,41.25434782608695,2.801086956521739,10.0,False,False,False,False,False,False,False,False,False,True
23,2019_13,2019,122.54225,33.559,59.906428,41.574166,40.97094645467027,333.0,72.25142831834891,104.0,2460.794897913991,183009,9,14.0,29.23804347826087,36.51413043478261,964.1293478260868,0.0,41.25434782608695,2.801086956521739,5.0,False,False,False,False,True,False,False,False,False,False
99,2019_13,2019,116.58,32.091,54.6695,34.9676,27.695070640860976,339.0,66.90194428451215,104.0,1542.2301253377032,165259,9,15.0,29.23804347826087,36.51413043478261,964.1293478260868,0.0,41.25434782608695,2.801086956521739,18.0,False,False,False,False,False,False,False,True,False,False
10,2019_13,2019,116.678,33.2955,57.3915,42.872333,22.71606359891935,333.0,70.39563311041233,104.0,1370.3544001062935,149052,9,16.0,29.23804347826087,36.51413043478261,964.1293478260868,0.0,41.25434782608695,2.801086956521739,9.0,False,False,False,False,False,False,True,False,False,False
55,2019_13,2019,115.9985,32.952,56.7485,38.51875,27.268745294300015,330.0,68.97617254971433,104.0,1527.6972850879135,160663,9,17.0,29.23804347826087,36.51413043478261,964.1293478260868,0.0,41.25434782608695,2.801086956521739,19.0,False,False,True,False,False,False,False,False,False,False
26,2019_13,2019,117.814,33.607,57.62625,41.814,18.15204393462952,329.0,72.36440940697108,104.0,1101.4019664289826,153392,9,18.0,29.23804347826087,36.51413043478261,964.1293478260868,0.0,41.25434782608695,2.801086956521739,7.0,False,False,False,False,False,False,True,False,False,False
63,2019_13,2019,119.1805,32.778,57.969,39.338,31.760308251029716,333.0,71.06647770051818,104.0,1906.773417777581,102069,9,19.0,29.23804347826087,36.51413043478261,964.1293478260868,0.0,41.25434782608695,2.801086956521739,15.0,False,False,False,False,False,True,False,False,False,False
16,2019_14,2019,93.755666,28.545545,31.78125,32.5804,63.02799982716156,354.0,77.80516786933414,104.0,3516.3976580391477,188828,9,1.0,22.984210526315795,51.20947368421053,992.6757894736844,0.0,37.295789473684216,1.4042105263157898,1.0,True,False,False,False,False,False,False,False,False,False
44,2019_14,2019,95.419888,31.1511,31.080571,33.7245,55.70327960938513,345.0,59.384306269714386,104.0,2954.488182171715,149300,9,2.0,22.984210526315795,51.20947368421053,992.6757894736844,0.0,37.295789473684216,1.4042105263157898,3.0,False,False,False,True,False,False,False,False,False,False
77,2019_14,2019,93.165888,30.0942,31.007214,33.658642,60.01469126733786,339.0,76.42557144708984,104.0,3234.201702458626,187565,9,3.0,22.984210526315795,51.20947368421053,992.6757894736844,0.0,37.295789473684216,1.4042105263157898,2.0,False,False,False,True,False,False,False,False,False,False
5,2019_14,2019,90.7765,30.4961,30.912125,32.152714,63.04450589811174,350.0,75.17607916000519,104.0,3559.553601520978,183698,9,4.0,22.984210526315795,51.20947368421053,992.6757894736844,0.0,37.295789473684216,1.4042105263157898,13.0,True,False,False,False,False,False,False,False,False,False
3,2019_14,2019,100.344428,29.601285,32.063916,35.933666,48.19971481657521,349.0,34.9909691915482,104.0,2680.6972302640106,182067,9,5.0,22.984210526315795,51.20947368421053,992.6757894736844,0.0,37.295789473684216,1.4042105263157898,4.0,False,False,False,False,False,False,False,False,True,False
27,2019_14,2019,91.756875,29.33025,30.917615,32.264153,51.9169511299313,350.0,32.383701335176944,104.0,2672.4452750291666,172519,9,6.0,22.984210526315795,51.20947368421053,992.6757894736844,0.0,37.295789473684216,1.4042105263157898,5.0,False,False,False,False,False,False,False,False,True,False
55,2019_14,2019,91.368363,29.066833,31.394277,32.799294,74.06827118351121,354.0,57.55083610594996,104.0,3813.2405046882423,159938,9,7.0,22.984210526315795,51.20947368421053,992.6757894736844,0.0,37.295789473684216,1.4042105263157898,20.0,False,False,True,False,False,False,False,False,False,False
23,2019_14,2019,95.114444,29.4812,31.3902,34.229266,59.26634403491337,346.0,47.88372293998185,104.0,3163.8384392688936,190415,9,8.0,22.984210526315795,51.20947368421053,992.6757894736844,0.0,37.295789473684216,1.4042105263157898,6.0,False,False,False,False,True,False,False,False,False,False
18,2019_14,2019,93.792076,30.249153,31.588166,33.061944,70.01667890938946,351.0,61.33984358121246,104.0,3667.709458583589,157416,9,9.0,22.984210526315795,51.20947368421053,992.6757894736844,0.0,37.295789473684216,1.4042105263157898,12.0,False,False,False,False,False,False,False,False,False,True
7,2019_14,2019,95.197777,29.9368,32.477133,32.920466,58.72371775482868,349.0,65.15049907099339,104.0,3006.16544959599,162358,9,10.0,22.984210526315795,51.20947368421053,992.6757894736844,0.0,37.295789473684216,1.4042105263157898,15.0,False,False,False,False,False,False,False,True,False,False
99,2019_14,2019,92.7778,29.8311,32.0755,33.049857,55.41070734131271,349.0,66.35505336386812,104.0,2898.4845093548806,156631,9,11.0,22.984210526315795,51.20947368421053,992.6757894736844,0.0,37.295789473684216,1.4042105263157898,9.0,False,False,False,False,False,False,False,True,False,False
20,2019_14,2019,92.4702,28.6598,31.124428,32.948642,51.632977574212504,350.0,70.79548891673508,104.0,3053.1294127814026,178027,9,12.0,22.984210526315795,51.20947368421053,992.6757894736844,0.0,37.295789473684216,1.4042105263157898,18.0,False,True,False,False,False,False,False,False,False,False
26,2019_14,2019,92.929666,30.8265,31.827187,32.295312,62.638378775439655,345.0,82.41407769087846,104.0,3376.935963358251,188439,9,13.0,22.984210526315795,51.20947368421053,992.6757894736844,0.0,37.295789473684216,1.4042105263157898,19.0,False,False,False,False,False,False,True,False,False,False
4,2019_14,2019,98.4848,30.9878,33.451928,35.274,55.23778248282418,342.0,62.6377306312924,104.0,2897.5822927018967,156450,9,14.0,22.984210526315795,51.20947368421053,992.6757894736844,0.0,37.295789473684216,1.4042105263157898,10.0,False,False,True,False,False,False,False,False,False,False
10,2019_14,2019,97.6641,31.7407,32.889714,34.121642,55.210949315127685,344.0,66.37078166184159,104.0,2991.10638205937,157964,9,15.0,22.984210526315795,51.20947368421053,992.6757894736844,0.0,37.295789473684216,1.4042105263157898,11.0,False,False,False,False,False,False,True,False,False,False
8,2019_14,2019,91.701166,29.168,31.688375,32.132,29.527805383917386,347.0,84.45957741001598,104.0,1849.537570755736,184858,9,16.0,22.984210526315795,51.20947368421053,992.6757894736844,0.0,37.295789473684216,1.4042105263157898,16.0,False,True,False,False,False,False,False,False,False,False
11,2019_14,2019,97.78625,31.113,34.3474,34.628,19.32277578533466,350.0,79.65376139653459,104.0,1029.543490472281,170448,9,17.0,22.984210526315795,51.20947368421053,992.6757894736844,0.0,37.295789473684216,1.4042105263157898,7.0,False,False,False,False,False,False,False,False,False,True
63,2019_14,2019,97.845,30.765,32.551714,36.411857,29.50529317720261,345.0,70.7561681718014,104.0,1953.634965216264,74071,9,18.0,22.984210526315795,51.20947368421053,992.6757894736844,0.0,37.295789473684216,1.4042105263157898,14.0,False,False,False,False,False,True,False,False,False,False
88,2019_14,2019,98.156333,31.238666,33.086,34.861875,33.19807285140215,343.0,70.46670699563583,104.0,1916.3745408978957,74813,9,19.0,22.984210526315795,51.20947368421053,992.6757894736844,0.0,37.295789473684216,1.4042105263157898,17.0,False,False,False,False,False,True,False,False,False,False
33,2019_14,2019,101.922,29.06,37.526,33.1125,11.049431793630903,334.0,87.41602212332023,104.0,740.07803655533,183844,9,20.0,22.984210526315795,51.20947368421053,992.6757894736844,0.0,37.295789473684216,1.4042105263157898,8.0,False,False,False,False,True,False,False,False,False,False
16,2019_15,2019,113.5175,30.55075,44.971352,43.863764,65.14751295336788,323.0,65.04051813471503,104.0,4409.882176165803,153604,9,1.0,30.013924050632923,61.25443037974684,1009.6911392405066,0.0,34.5506329113924,1.188607594936709,2.0,True,False,False,False,False,False,False,False,False,False
44,2019_15,2019,113.199636,31.109583,42.854166,45.217777,69.08886010362694,319.0,46.95259067357513,104.0,4306.608186528498,125016,9,2.0,30.013924050632923,61.25443037974684,1009.6911392405066,0.0,34.5506329113924,1.188607594936709,4.0,False,False,False,True,False,False,False,False,False,False
5,2019_15,2019,109.928444,29.864909,44.261562,43.96,61.32756476683938,324.0,63.18347150259067,104.0,4211.5195336787565,148114,9,3.0,30.013924050632923,61.25443037974684,1009.6911392405066,0.0,34.5506329113924,1.188607594936709,1.0,True,False,False,False,False,False,False,False,False,False
33,2019_15,2019,109.56525,31.9649,44.385333,45.49723,57.4120207253886,320.0,52.3939378238342,104.0,4151.700259067357,153410,9,4.0,30.013924050632923,61.25443037974684,1009.6911392405066,0.0,34.5506329113924,1.188607594936709,3.0,False,False,False,False,True,False,False,False,False,False
77,2019_15,2019,109.0369,29.730583,42.663166,44.753823,69.35481865284974,318.0,64.72170984455958,104.0,4491.58621761658,155682,9,5.0,30.013924050632923,61.25443037974684,1009.6911392405066,0.0,34.5506329113924,1.188607594936709,5.0,False,False,False,True,False,False,False,False,False,False
23,2019_15,2019,113.377444,31.239909,44.426937,46.5794,61.31621761658031,319.0,42.79036269430052,104.0,4307.607616580311,153500,9,6.0,30.013924050632923,61.25443037974684,1009.6911392405066,0.0,34.5506329113924,1.188607594936709,6.0,False,False,False,False,True,False,False,False,False,False
55,2019_15,2019,115.902416,29.462384,46.29321,47.234777,72.74041450777202,322.0,41.48492227979275,104.0,4722.507098445596,125708,9,7.0,30.013924050632923,61.25443037974684,1009.6911392405066,0.0,34.5506329113924,1.188607594936709,12.0,False,False,True,False,False,False,False,False,False,False
27,2019_15,2019,110.4624,30.53375,44.850777,48.053882,68.88689119170985,322.0,26.91155440414508,104.0,4357.962176165803,124870,9,8.0,30.013924050632923,61.25443037974684,1009.6911392405066,0.0,34.5506329113924,1.188607594936709,9.0,False,False,False,False,False,False,False,False,True,False
4,2019_15,2019,113.216454,30.590846,45.966842,46.892111,72.65766839378239,320.0,39.32647668393783,104.0,4871.465544041451,125416,9,9.0,30.013924050632923,61.25443037974684,1009.6911392405066,0.0,34.5506329113924,1.188607594936709,7.0,False,False,True,False,False,False,False,False,False,False
11,2019_15,2019,117.8752,30.3098,46.544857,47.6585,53.62170984455958,323.0,74.37207253886011,104.0,3571.6512953367874,156260,9,10.0,30.013924050632923,61.25443037974684,1009.6911392405066,0.0,34.5506329113924,1.188607594936709,19.0,False,False,False,False,False,False,False,False,False,True
99,2019_15,2019,115.538555,31.3956,46.136714,45.559846,53.789896373057,320.0,52.81502590673575,104.0,3519.1844559585493,125414,9,11.0,30.013924050632923,61.25443037974684,1009.6911392405066,0.0,34.5506329113924,1.188607594936709,10.0,False,False,False,False,False,False,False,True,False,False
10,2019_15,2019,118.135375,32.381125,46.939083,45.58525,46.00476683937824,318.0,51.14414507772021,104.0,3206.2610880829016,116900,9,12.0,30.013924050632923,61.25443037974684,1009.6911392405066,0.0,34.5506329113924,1.188607594936709,8.0,False,False,False,False,False,False,True,False,False,False
7,2019_15,2019,117.7808,31.7198,45.804071,44.836214,53.7840932642487,319.0,54.36139896373057,104.0,3418.7046113989636,125422,9,13.0,30.013924050632923,61.25443037974684,1009.6911392405066,0.0,34.5506329113924,1.188607594936709,18.0,False,False,False,False,False,False,False,True,False,False
20,2019_15,2019,114.5449,30.0856,43.712928,43.501642,53.81264248704663,320.0,69.36906735751295,104.0,3778.33792746114,154806,9,14.0,30.013924050632923,61.25443037974684,1009.6911392405066,0.0,34.5506329113924,1.188607594936709,17.0,False,True,False,False,False,False,False,False,False,False
26,2019_15,2019,118.378,31.3354,45.976571,52.293714,26.796476683937826,317.0,65.02378238341969,104.0,1835.268860103627,120194,9,15.0,30.013924050632923,61.25443037974684,1009.6911392405066,0.0,34.5506329113924,1.188607594936709,15.0,False,False,False,False,False,False,True,False,False,False
18,2019_15,2019,112.716,31.2085,47.37625,44.75725,30.586062176165804,322.0,25.449689119170984,104.0,2147.580103626943,124106,9,16.0,30.013924050632923,61.25443037974684,1009.6911392405066,0.0,34.5506329113924,1.188607594936709,13.0,False,False,False,False,False,False,False,False,False,True
8,2019_15,2019,114.3564,30.838833,45.882625,43.629428,30.6519689119171,319.0,77.63284974093264,104.0,2202.6538341968912,151011,9,17.0,30.013924050632923,61.25443037974684,1009.6911392405066,0.0,34.5506329113924,1.188607594936709,11.0,False,True,False,False,False,False,False,False,False,False
63,2019_15,2019,118.2086,30.076,47.447571,47.765285,26.81082901554404,317.0,65.42694300518134,104.0,1903.5151813471505,59720,9,18.0,30.013924050632923,61.25443037974684,1009.6911392405066,0.0,34.5506329113924,1.188607594936709,20.0,False,False,False,False,False,True,False,False,False,False
88,2019_15,2019,118.7825,31.849666,47.698666,53.510666,22.96668393782383,313.0,65.62974093264249,104.0,1625.235129533679,70958,9,19.0,30.013924050632923,61.25443037974684,1009.6911392405066,0.0,34.5506329113924,1.188607594936709,16.0,False,False,False,False,False,True,False,False,False,False
3,2019_15,2019,113.274363,30.392833,46.338111,47.383705,68.90652849740933,322.0,35.45284974093264,104.0,4785.584455958549,158264,9,20.0,30.013924050632923,61.25443037974684,1009.6911392405066,0.0,34.5506329113924,1.188607594936709,14.0,False,False,False,False,False,False,False,False,True,False
16,2019_16,2019,107.241909,37.943583,36.841529,33.46825,70.36784077892325,331.0,74.67301450935472,104.0,4154.593785796105,174561,9,1.0,22.05764705882353,60.34117647058824,1016.3788235294118,0.0,30.75058823529412,2.447058823529412,3.0,True,False,False,False,False,False,False,False,False,False
44,2019_16,2019,106.3282,39.106636,36.558882,33.869937,74.3532359679267,327.0,55.297107674684995,104.0,4111.720599465445,136918,9,2.0,22.05764705882353,60.34117647058824,1016.3788235294118,0.0,30.75058823529412,2.447058823529412,1.0,False,False,False,True,False,False,False,False,False,False
5,2019_16,2019,106.358307,38.4122,35.542809,34.517842,86.94955135547919,332.0,68.7905689194349,104.0,4825.413277968691,158764,9,3.0,22.05764705882353,60.34117647058824,1016.3788235294118,0.0,30.75058823529412,2.447058823529412,18.0,True,False,False,False,False,False,False,False,False,False
33,2019_16,2019,101.987125,39.149,35.9798,32.497076,61.882350133638795,327.0,53.178789614356624,104.0,3619.339442535319,165371,9,4.0,22.05764705882353,60.34117647058824,1016.3788235294118,0.0,30.75058823529412,2.447058823529412,4.0,False,False,False,False,True,False,False,False,False,False
77,2019_16,2019,105.5235,37.174833,37.004352,37.045058,74.6397957235586,327.0,74.95379915998473,104.0,4199.85166093929,173454,9,5.0,22.05764705882353,60.34117647058824,1016.3788235294118,0.0,30.75058823529412,2.447058823529412,2.0,False,False,False,True,False,False,False,False,False,False
55,2019_16,2019,108.469384,38.194071,37.97535,36.153157,82.48210194730814,327.0,54.55536464299351,104.0,4590.251002290951,143397,9,6.0,22.05764705882353,60.34117647058824,1016.3788235294118,0.0,30.75058823529412,2.447058823529412,6.0,False,False,True,False,False,False,False,False,False,False
27,2019_16,2019,108.1543,38.765,37.438333,35.640066,61.9250190912562,329.0,31.725229095074457,104.0,3377.154018709431,147585,9,7.0,22.05764705882353,60.34117647058824,1016.3788235294118,0.0,30.75058823529412,2.447058823529412,10.0,False,False,False,False,False,False,False,False,True,False
4,2019_16,2019,107.822615,38.898071,37.53,34.417842,82.46401298205421,330.0,53.43814432989691,104.0,4648.637552500954,144781,9,8.0,22.05764705882353,60.34117647058824,1016.3788235294118,0.0,30.75058823529412,2.447058823529412,8.0,False,False,True,False,False,False,False,False,False,False
8,2019_16,2019,104.8881,38.305384,38.542526,38.759666,78.5233390607102,332.0,64.43260786559756,104.0,4690.384450171821,170974,9,9.0,22.05764705882353,60.34117647058824,1016.3788235294118,0.0,30.75058823529412,2.447058823529412,20.0,False,True,False,False,False,False,False,False,False,False
3,2019_16,2019,106.241,38.477333,37.379444,35.553705,74.29810996563575,331.0,32.78737113402062,104.0,4347.407407407408,152234,9,10.0,22.05764705882353,60.34117647058824,1016.3788235294118,0.0,30.75058823529412,2.447058823529412,19.0,False,False,False,False,False,False,False,False,True,False
10,2019_16,2019,109.68075,39.878333,38.043461,39.525692,53.67797823596793,328.0,66.03021191294387,104.0,3132.23410652921,143848,9,11.0,22.05764705882353,60.34117647058824,1016.3788235294118,0.0,30.75058823529412,2.447058823529412,14.0,False,False,False,False,False,False,True,False,False,False
11,2019_16,2019,109.008,38.0444,37.438714,38.58323,57.79992363497518,332.0,62.53064146620848,104.0,3219.83113783887,141532,9,12.0,22.05764705882353,60.34117647058824,1016.3788235294118,0.0,30.75058823529412,2.447058823529412,7.0,False,False,False,False,False,False,False,False,False,True
99,2019_16,2019,106.735,39.1481,36.719142,35.572153,57.92506681939672,333.0,64.97179266895762,104.0,3176.85734058801,141334,9,13.0,22.05764705882353,60.34117647058824,1016.3788235294118,0.0,30.75058823529412,2.447058823529412,15.0,False,False,False,False,False,False,False,True,False,False
20,2019_16,2019,109.346125,38.154666,39.635923,36.209083,53.82464681176021,328.0,74.33896525391371,104.0,3808.221601756395,167146,9,14.0,22.05764705882353,60.34117647058824,1016.3788235294118,0.0,30.75058823529412,2.447058823529412,9.0,False,True,False,False,False,False,False,False,False,False
18,2019_16,2019,108.540111,37.3359,37.256142,36.416384,57.85352233676976,332.0,62.97341542573501,104.0,3245.653111874761,143129,9,15.0,22.05764705882353,60.34117647058824,1016.3788235294118,0.0,30.75058823529412,2.447058823529412,11.0,False,False,False,False,False,False,False,False,False,True
7,2019_16,2019,109.038833,39.714333,36.702375,35.61825,33.173157693776254,330.0,75.05312142038946,104.0,1788.0657216494844,140294,9,16.0,22.05764705882353,60.34117647058824,1016.3788235294118,0.0,30.75058823529412,2.447058823529412,13.0,False,False,False,False,False,False,False,True,False,False
63,2019_16,2019,110.39725,41.246,39.766428,43.876857,33.02219358533792,331.0,67.89351851851852,104.0,2226.178550973654,81238,9,17.0,22.05764705882353,60.34117647058824,1016.3788235294118,0.0,30.75058823529412,2.447058823529412,17.0,False,False,False,False,False,True,False,False,False,False
88,2019_16,2019,117.896833,39.227833,37.977625,39.804375,33.15182321496754,328.0,69.22398816342115,104.0,2056.0683466972127,78101,35,18.0,22.05764705882353,60.34117647058824,1016.3788235294118,0.0,30.75058823529412,2.447058823529412,16.0,False,False,False,False,False,True,False,False,False,False
23,2019_16,2019,113.5295,38.974333,38.611,34.1525,15.797012218403973,327.0,87.77443680794197,104.0,978.8665043909888,178789,9,19.0,22.05764705882353,60.34117647058824,1016.3788235294118,0.0,30.75058823529412,2.447058823529412,5.0,False,False,False,False,True,False,False,False,False,False
5,2019_17,2019,99.880375,34.488333,45.483928,25.011571,59.004670119724885,335.0,75.10783731001104,104.0,3496.486117007727,191652,9,1.0,22.071875,61.36666666666667,1008.4322916666666,0.0,35.748958333333334,5.720833333333334,2.0,True,False,False,False,False,False,False,False,False,False
16,2019_17,2019,101.487875,36.196,44.940285,23.414571,58.91538592171181,335.0,72.40765899634881,104.0,3540.2797826271544,190664,9,2.0,22.071875,61.36666666666667,1008.4322916666666,0.0,35.748958333333334,5.720833333333334,6.0,True,False,False,False,False,False,False,False,False,False
77,2019_17,2019,102.324785,36.720466,47.0006,21.839842,78.12813110299737,330.0,70.70081514817016,104.0,4326.8011802666215,187024,9,3.0,22.071875,61.36666666666667,1008.4322916666666,0.0,35.748958333333334,5.720833333333334,1.0,False,False,False,True,False,False,False,False,False,False
44,2019_17,2019,101.302833,37.906142,47.798421,22.771833,73.72225524327078,331.0,45.253799779230704,104.0,4038.6293198607455,135562,9,4.0,22.071875,61.36666666666667,1008.4322916666666,0.0,35.748958333333334,5.720833333333334,3.0,False,False,False,True,False,False,False,False,False,False
33,2019_17,2019,98.7486,35.0241,45.268066,22.5908,59.05285726415895,332.0,46.481234609832725,104.0,3314.6821346692705,181762,9,5.0,22.071875,61.36666666666667,1008.4322916666666,0.0,35.748958333333334,5.720833333333334,18.0,False,False,False,False,True,False,False,False,False,False
23,2019_17,2019,100.185727,34.219,46.626944,25.0215,70.21639636579773,332.0,55.29578840112083,104.0,4020.520208881718,193550,9,6.0,22.071875,61.36666666666667,1008.4322916666666,0.0,35.748958333333334,5.720833333333334,4.0,False,False,False,False,True,False,False,False,False,False
55,2019_17,2019,105.625272,35.646833,47.65021,24.391684,77.3913135773117,330.0,55.04177634372081,104.0,4263.481361976735,164137,9,7.0,22.071875,61.36666666666667,1008.4322916666666,0.0,35.748958333333334,5.720833333333334,5.0,False,False,True,False,False,False,False,False,False,False
4,2019_17,2019,102.112333,34.844153,46.15619,24.500368,77.48700857603804,331.0,54.65551498683875,104.0,4361.283348900399,162280,9,8.0,22.071875,61.36666666666667,1008.4322916666666,0.0,35.748958333333334,5.720833333333334,11.0,False,False,True,False,False,False,False,False,False,False
10,2019_17,2019,102.25825,36.036333,46.544,24.481631,77.65063258894455,334.0,54.881124225184685,104.0,4415.6810308227905,161760,9,9.0,22.071875,61.36666666666667,1008.4322916666666,0.0,35.748958333333334,5.720833333333334,7.0,False,False,False,False,False,False,True,False,False,False
8,2019_17,2019,104.844333,35.609,47.582133,23.629333,59.13488154878152,332.0,74.46917720981574,104.0,3381.725354504543,188901,9,10.0,22.071875,61.36666666666667,1008.4322916666666,0.0,35.748958333333334,5.720833333333334,13.0,False,True,False,False,False,False,False,False,False,False
99,2019_17,2019,100.816625,34.642625,46.5,25.835,55.43406640061136,335.0,62.571240553621465,104.0,3149.655175341768,160683,9,11.0,22.071875,61.36666666666667,1008.4322916666666,0.0,35.748958333333334,5.720833333333334,14.0,False,False,False,False,False,False,False,True,False,False
18,2019_17,2019,97.465571,33.836857,45.774181,22.130727,45.112634796637515,333.0,55.97872972743483,104.0,2462.853825252611,142855,9,12.0,22.071875,61.36666666666667,1008.4322916666666,0.0,35.748958333333334,5.720833333333334,9.0,False,False,False,False,False,False,False,False,False,True
7,2019_17,2019,102.078625,37.557333,45.508461,24.172692,55.43211344145368,336.0,63.84384817865331,104.0,3028.8719962639043,160815,9,13.0,22.071875,61.36666666666667,1008.4322916666666,0.0,35.748958333333334,5.720833333333334,12.0,False,False,False,False,False,False,False,True,False,False
26,2019_17,2019,98.750555,34.864,45.536785,24.455285,59.11671053748832,335.0,59.17406809883671,104.0,3425.709263819309,161271,9,14.0,22.071875,61.36666666666667,1008.4322916666666,0.0,35.748958333333334,5.720833333333334,10.0,False,False,False,False,False,False,True,False,False,False
27,2019_17,2019,100.453833,34.888714,47.5325,23.401909,51.66035492909909,335.0,40.43882143160398,104.0,2914.1702895474227,155647,9,15.0,22.071875,61.36666666666667,1008.4322916666666,0.0,35.748958333333334,5.720833333333334,20.0,False,False,False,False,False,False,False,False,True,False
3,2019_17,2019,100.9535,36.7735,45.160666,22.688166,29.459836970365966,331.0,53.18434236223147,104.0,1804.9732954063004,156447,9,16.0,22.071875,61.36666666666667,1008.4322916666666,0.0,35.748958333333334,5.720833333333334,19.0,False,False,False,False,False,False,False,False,True,False
11,2019_17,2019,103.6554,35.0786,47.196285,22.074285,33.162562622059944,334.0,66.29039653562027,104.0,2140.490489938015,161340,9,17.0,22.071875,61.36666666666667,1008.4322916666666,0.0,35.748958333333334,5.720833333333334,8.0,False,False,False,False,False,False,False,False,False,True
63,2019_17,2019,99.8156,34.259,45.803777,26.584125,36.91457926466842,329.0,69.25184682007303,104.0,2220.0924259149187,98826,9,18.0,22.071875,61.36666666666667,1008.4322916666666,0.0,35.748958333333334,5.720833333333334,16.0,False,False,False,False,False,True,False,False,False,False
33,2019_18,2019,87.3628,31.0482,33.180533,25.741066,49.14073919398622,350.0,48.22029651284193,104.0,3039.7417519315095,141092,9,1.0,20.55128205128205,56.84615384615385,781.171794871795,0.0,34.993589743589745,1.121794871794872,6.0,False,False,False,False,True,False,False,False,False,False
16,2019_18,2019,86.026,29.806583,34.448117,24.261823,55.74859051994153,359.0,72.6695552307371,104.0,3627.7880559615783,152540,9,2.0,20.55128205128205,56.84615384615385,781.171794871795,0.0,34.993589743589745,1.121794871794872,4.0,True,False,False,False,False,False,False,False,False,False
5,2019_18,2019,87.876,31.273916,32.984823,25.157117,55.77432658174985,360.0,63.65070996032575,104.0,3622.8180726665273,142880,9,3.0,20.55128205128205,56.84615384615385,781.171794871795,0.0,34.993589743589745,1.121794871794872,2.0,True,False,False,False,False,False,False,False,False,False
44,2019_18,2019,88.785066,30.815133,33.32655,25.3707,65.4950407183128,352.0,46.3034558362915,104.0,3694.339423679265,117218,9,4.0,20.55128205128205,56.84615384615385,781.171794871795,0.0,34.993589743589745,1.121794871794872,1.0,False,False,False,True,False,False,False,False,False,False
23,2019_18,2019,89.637692,30.981615,34.148333,25.547222,58.94382960952182,348.0,53.52155982459803,104.0,3532.683389016496,155276,9,5.0,20.55128205128205,56.84615384615385,781.171794871795,0.0,34.993589743589745,1.121794871794872,5.0,False,False,False,False,True,False,False,False,False,False
77,2019_18,2019,86.446666,29.384538,32.875055,24.875555,59.19242012946335,350.0,70.11134892461892,104.0,3551.5655669242014,153018,9,6.0,20.55128205128205,56.84615384615385,781.171794871795,0.0,34.993589743589745,1.121794871794872,3.0,False,False,False,True,False,False,False,False,False,False
55,2019_18,2019,88.344461,29.848923,34.359,26.736315,62.07167467112132,348.0,47.56713301315515,104.0,3627.149926915849,117964,9,7.0,20.55128205128205,56.84615384615385,781.171794871795,0.0,34.993589743589745,1.121794871794872,13.0,False,False,True,False,False,False,False,False,False,False
4,2019_18,2019,88.222428,30.8995,34.46555,25.52805,65.46011693464189,347.0,46.08049697222802,104.0,3981.31514930048,121614,9,8.0,20.55128205128205,56.84615384615385,781.171794871795,0.0,34.993589743589745,1.121794871794872,20.0,False,False,True,False,False,False,False,False,False,False
26,2019_18,2019,87.024125,30.788875,34.156636,24.687545,71.8208916266444,350.0,71.84631447066194,104.0,4417.978962205053,157404,9,9.0,20.55128205128205,56.84615384615385,781.171794871795,0.0,34.993589743589745,1.121794871794872,11.0,False,False,False,False,False,False,True,False,False,False
10,2019_18,2019,90.15475,31.053687,35.854681,25.625045,71.70166005429108,349.0,43.603257465024015,104.0,4348.745353936103,119604,9,10.0,20.55128205128205,56.84615384615385,781.171794871795,0.0,34.993589743589745,1.121794871794872,9.0,False,False,False,False,False,False,True,False,False,False
11,2019_18,2019,87.616,29.6827,35.300357,26.167214,45.91537899352683,355.0,50.46147421173523,104.0,2705.5327312591357,118662,9,11.0,20.55128205128205,56.84615384615385,781.171794871795,0.0,34.993589743589745,1.121794871794872,7.0,False,False,False,False,False,False,False,False,False,True
27,2019_18,2019,87.8391,30.1322,34.856857,25.9485,45.82532887868031,348.0,58.959281687199834,104.0,2864.4762998538317,155826,9,12.0,20.55128205128205,56.84615384615385,781.171794871795,0.0,34.993589743589745,1.121794871794872,10.0,False,False,False,False,False,False,False,False,True,False
3,2019_18,2019,89.115,30.9959,35.657357,25.738428,45.7000417623721,353.0,42.19983295051159,104.0,2884.6042493213613,123944,9,13.0,20.55128205128205,56.84615384615385,781.171794871795,0.0,34.993589743589745,1.121794871794872,8.0,False,False,False,False,False,False,False,False,True,False
7,2019_18,2019,88.3544,31.168,34.641428,24.829571,45.864742117352264,354.0,57.25485487575694,104.0,2631.603779494675,119334,9,14.0,20.55128205128205,56.84615384615385,781.171794871795,0.0,34.993589743589745,1.121794871794872,19.0,False,False,False,False,False,False,False,True,False,False
99,2019_18,2019,87.3944,30.6697,34.134785,25.674857,45.94555230737106,352.0,57.053716851117144,104.0,2704.3358738776365,119082,9,15.0,20.55128205128205,56.84615384615385,781.171794871795,0.0,34.993589743589745,1.121794871794872,14.0,False,False,False,False,False,False,False,True,False,False
18,2019_18,2019,87.910333,30.475,33.616375,26.513875,26.05314261850073,355.0,56.28977865942785,104.0,1557.112601795782,117390,9,16.0,20.55128205128205,56.84615384615385,781.171794871795,0.0,34.993589743589745,1.121794871794872,12.0,False,False,False,False,False,False,False,False,False,True
20,2019_18,2019,85.779166,29.978,33.151777,25.171555,29.51816663186469,356.0,81.994309876801,104.0,2178.4417936938817,150290,9,17.0,20.55128205128205,56.84615384615385,781.171794871795,0.0,34.993589743589745,1.121794871794872,15.0,False,True,False,False,False,False,False,False,False,False
8,2019_18,2019,90.859,31.594666,34.978222,25.718666,29.50167049488411,354.0,81.6058154103153,104.0,2261.07929630403,153752,9,18.0,20.55128205128205,56.84615384615385,781.171794871795,0.0,34.993589743589745,1.121794871794872,17.0,False,True,False,False,False,False,False,False,False,False
63,2019_18,2019,90.375714,30.116142,35.4867,26.355,32.64726456462727,353.0,64.19596993109208,104.0,2174.004541657966,61134,9,19.0,20.55128205128205,56.84615384615385,781.171794871795,0.0,34.993589743589745,1.121794871794872,16.0,False,False,False,False,False,True,False,False,False,False
88,2019_18,2019,91.4385,30.6485,36.321222,24.647333,29.45844643975778,354.0,65.62768845270412,104.0,1869.281269576112,93512,9,20.0,20.55128205128205,56.84615384615385,781.171794871795,0.0,34.993589743589745,1.121794871794872,18.0,False,False,False,False,False,True,False,False,False,False
77,2019_19,2019,107.739916,29.080166,42.85747,39.093294,71.4857581967213,325.0,69.69164959016393,104.0,4223.7196721311475,159512,9,1.0,20.459493670886072,25.003797468354428,1008.287341772152,0.0,26.369620253164555,1.2075949367088608,1.0,False,False,False,True,False,False,False,False,False,False
5,2019_19,2019,107.654454,29.397272,43.186125,38.6935,66.87320696721312,328.0,62.842776639344265,104.0,4094.292110655738,143852,9,2.0,20.459493670886072,25.003797468354428,1008.287341772152,0.0,26.369620253164555,1.2075949367088608,20.0,True,False,False,False,False,False,False,False,False,False
33,2019_19,2019,104.4529,28.7747,42.5764,37.321066,62.61623975409836,327.0,47.617930327868855,104.0,3758.7243340163936,151102,9,3.0,20.459493670886072,25.003797468354428,1008.287341772152,0.0,26.369620253164555,1.2075949367088608,3.0,False,False,False,False,True,False,False,False,False,False
16,2019_19,2019,106.85823,29.079923,43.218631,37.893368,79.11844262295082,328.0,63.20184426229508,104.0,4693.663934426229,153078,9,4.0,20.459493670886072,25.003797468354428,1008.287341772152,0.0,26.369620253164555,1.2075949367088608,4.0,True,False,False,False,False,False,False,False,False,False
44,2019_19,2019,110.6905,28.384416,43.980117,39.920941,70.74969262295082,324.0,48.315061475409834,104.0,3988.3665471311474,119306,9,5.0,20.459493670886072,25.003797468354428,1008.287341772152,0.0,26.369620253164555,1.2075949367088608,2.0,False,False,False,True,False,False,False,False,False,False
23,2019_19,2019,106.4848,29.1152,43.068857,37.149857,58.415727459016395,327.0,59.512243852459015,104.0,3519.682786885246,158164,9,6.0,20.459493670886072,25.003797468354428,1008.287341772152,0.0,26.369620253164555,1.2075949367088608,5.0,False,False,False,False,True,False,False,False,False,False
55,2019_19,2019,107.9369,28.514,45.578466,40.640666,62.37223360655738,329.0,49.00701844262295,104.0,3718.6766905737704,121568,9,7.0,20.459493670886072,25.003797468354428,1008.287341772152,0.0,26.369620253164555,1.2075949367088608,8.0,False,False,True,False,False,False,False,False,False,False
4,2019_19,2019,106.869166,29.479,44.433444,39.230277,74.61577868852459,327.0,44.231659836065575,104.0,4525.229610655738,124716,9,8.0,20.459493670886072,25.003797468354428,1008.287341772152,0.0,26.369620253164555,1.2075949367088608,7.0,False,False,True,False,False,False,False,False,False,False
3,2019_19,2019,106.2618,29.6333,44.974866,39.957533,62.31803278688525,327.0,51.03427254098361,104.0,3961.533145491803,159116,9,9.0,20.459493670886072,25.003797468354428,1008.287341772152,0.0,26.369620253164555,1.2075949367088608,6.0,False,False,False,False,False,False,False,False,True,False
10,2019_19,2019,110.58123,30.868769,44.434368,38.895105,78.87453893442623,330.0,48.30947745901639,104.0,4783.836014344262,127014,9,10.0,20.459493670886072,25.003797468354428,1008.287341772152,0.0,26.369620253164555,1.2075949367088608,16.0,False,False,False,False,False,False,True,False,False,False
27,2019_19,2019,104.671375,28.54,43.797666,39.19025,49.91311475409836,329.0,63.60655737704918,104.0,2862.7550204918034,158564,9,11.0,20.459493670886072,25.003797468354428,1008.287341772152,0.0,26.369620253164555,1.2075949367088608,9.0,False,False,False,False,False,False,False,False,True,False
20,2019_19,2019,103.24675,27.83425,43.5565,37.93725,49.95891393442623,329.0,72.88401639344262,104.0,3131.8316598360657,151904,9,12.0,20.459493670886072,25.003797468354428,1008.287341772152,0.0,26.369620253164555,1.2075949367088608,18.0,False,True,False,False,False,False,False,False,False,False
26,2019_19,2019,105.905,29.1184,43.052142,40.007714,58.229149590163935,330.0,54.37325819672131,104.0,3536.413780737705,127558,9,13.0,20.459493670886072,25.003797468354428,1008.287341772152,0.0,26.369620253164555,1.2075949367088608,12.0,False,False,False,False,False,False,True,False,False,False
18,2019_19,2019,104.1475,28.5431,42.05,38.294,58.98186475409836,329.0,51.67556352459017,104.0,3357.8724897540983,122216,9,14.0,20.459493670886072,25.003797468354428,1008.287341772152,0.0,26.369620253164555,1.2075949367088608,13.0,False,False,False,False,False,False,False,False,False,True
8,2019_19,2019,106.8711,28.0893,44.484357,39.382785,58.40061475409836,323.0,70.06460040983606,104.0,3733.1316598360654,155188,9,15.0,20.459493670886072,25.003797468354428,1008.287341772152,0.0,26.369620253164555,1.2075949367088608,15.0,False,True,False,False,False,False,False,False,False,False
99,2019_19,2019,108.797833,29.145833,43.560875,37.646,33.257479508196724,330.0,68.69877049180327,104.0,1946.192418032787,127238,9,16.0,20.459493670886072,25.003797468354428,1008.287341772152,0.0,26.369620253164555,1.2075949367088608,14.0,False,False,False,False,False,False,False,True,False,False
7,2019_19,2019,108.986666,30.4505,42.479875,37.39775,33.21577868852459,326.0,70.0219262295082,104.0,1855.9389856557375,127168,9,17.0,20.459493670886072,25.003797468354428,1008.287341772152,0.0,26.369620253164555,1.2075949367088608,11.0,False,False,False,False,False,False,False,True,False,False
63,2019_19,2019,103.496833,28.041166,42.706333,36.868777,37.607838114754095,325.0,77.61926229508197,104.0,2396.2037397540985,102423,9,18.0,20.459493670886072,25.003797468354428,1008.287341772152,0.0,26.369620253164555,1.2075949367088608,17.0,False,False,False,False,False,True,False,False,False,False
11,2019_19,2019,108.02625,29.1455,42.3928,37.2278,21.868545081967213,324.0,69.26290983606557,104.0,1449.61875,119572,9,19.0,20.459493670886072,25.003797468354428,1008.287341772152,0.0,26.369620253164555,1.2075949367088608,10.0,False,False,False,False,False,False,False,False,False,True
88,2019_19,2019,104.461,29.200166,42.849555,37.432333,37.32520491803279,324.0,85.62049180327868,104.0,2484.328073770492,126160,9,20.0,20.459493670886072,25.003797468354428,1008.287341772152,0.0,26.369620253164555,1.2075949367088608,19.0,False,False,False,False,False,True,False,False,False,False
33,2019_20,2019,78.7265,19.71525,42.189,18.994333,39.04450098660297,333.0,69.68854502025133,104.0,2266.5430989718557,155622,9,1.0,20.682051282051283,66.54871794871795,922.6730769230772,0.0,33.88974358974359,1.3897435897435897,1.0,False,False,False,False,True,False,False,False,False,False
5,2019_20,2019,82.407,20.537,43.1868,19.577933,48.95222764565376,335.0,70.39287568802575,104.0,3110.501453941219,145311,9,2.0,20.682051282051283,66.54871794871795,922.6730769230772,0.0,33.88974358974359,1.3897435897435897,17.0,True,False,False,False,False,False,False,False,False,False
44,2019_20,2019,83.419545,21.76809,43.641312,19.17925,52.49781908817115,330.0,77.9772042787413,104.0,3008.400041541178,153948,9,3.0,20.682051282051283,66.54871794871795,922.6730769230772,0.0,33.88974358974359,1.3897435897435897,7.0,False,False,False,True,False,False,False,False,False,False
16,2019_20,2019,79.871076,20.3035,43.75505,18.208894,65.139837989407,335.0,70.15837573995223,104.0,3971.5328694568498,150840,9,4.0,20.682051282051283,66.54871794871795,922.6730769230772,0.0,33.88974358974359,1.3897435897435897,18.0,True,False,False,False,False,False,False,False,False,False
77,2019_20,2019,81.526727,20.730583,44.321647,19.084125,55.67265551978399,333.0,69.87610343753245,104.0,3552.5501090455914,148276,9,5.0,20.682051282051283,66.54871794871795,922.6730769230772,0.0,33.88974358974359,1.3897435897435897,20.0,False,False,False,True,False,False,False,False,False,False
23,2019_20,2019,80.2763,20.087,42.684857,19.648,45.52907882438467,332.0,69.91535985045176,104.0,2701.4481254543566,155842,9,6.0,20.682051282051283,66.54871794871795,922.6730769230772,0.0,33.88974358974359,1.3897435897435897,14.0,False,False,False,False,True,False,False,False,False,False
10,2019_20,2019,80.104,20.482812,42.477454,18.353285,71.4282376155364,332.0,53.17634229930419,104.0,4164.3883580849515,123786,9,7.0,20.682051282051283,66.54871794871795,922.6730769230772,0.0,33.88974358974359,1.3897435897435897,2.0,False,False,False,False,False,False,True,False,False,False
8,2019_20,2019,80.9017,19.3966,43.998312,20.047125,52.12285803302524,331.0,69.77858552289958,104.0,3728.081524561221,156016,9,8.0,20.682051282051283,66.54871794871795,922.6730769230772,0.0,33.88974358974359,1.3897435897435897,13.0,False,True,False,False,False,False,False,False,False,False
7,2019_20,2019,81.563357,20.779785,41.80655,19.61205,65.09263682625402,335.0,55.78912659673902,104.0,3636.187143005504,123664,9,9.0,20.682051282051283,66.54871794871795,922.6730769230772,0.0,33.88974358974359,1.3897435897435897,4.0,False,False,False,False,False,False,False,True,False,False
20,2019_20,2019,77.560666,19.7699,43.543733,19.371571,48.885294423096894,332.0,73.67063038737149,104.0,3484.9993768823347,153096,9,10.0,20.682051282051283,66.54871794871795,922.6730769230772,0.0,33.88974358974359,1.3897435897435897,11.0,False,True,False,False,False,False,False,False,False,False
4,2019_20,2019,81.818555,20.320555,44.106076,19.506153,42.2987849205525,329.0,57.84411673070932,104.0,2495.0249247066154,118456,9,11.0,20.682051282051283,66.54871794871795,922.6730769230772,0.0,33.88974358974359,1.3897435897435897,8.0,False,False,True,False,False,False,False,False,False,False
3,2019_20,2019,80.831125,20.475375,43.411083,19.66375,39.09642745871845,331.0,64.83373143628621,104.0,2332.6994495793956,155576,9,12.0,20.682051282051283,66.54871794871795,922.6730769230772,0.0,33.88974358974359,1.3897435897435897,6.0,False,False,False,False,False,False,False,False,True,False
99,2019_20,2019,81.116,19.9295,42.269714,19.281571,45.81316855332849,333.0,63.92678367431717,104.0,2552.349828642642,122860,9,13.0,20.682051282051283,66.54871794871795,922.6730769230772,0.0,33.88974358974359,1.3897435897435897,5.0,False,False,False,False,False,False,False,True,False,False
27,2019_20,2019,79.59775,20.0885,43.8965,19.24875,39.10634541489251,328.0,53.21928549174369,104.0,2217.387734967286,147392,9,14.0,20.682051282051283,66.54871794871795,922.6730769230772,0.0,33.88974358974359,1.3897435897435897,15.0,False,False,False,False,False,False,False,False,True,False
11,2019_20,2019,79.9632,20.1057,41.504428,19.480714,45.66725516668397,331.0,60.1274275625714,104.0,2592.7456641395784,117552,9,15.0,20.682051282051283,66.54871794871795,922.6730769230772,0.0,33.88974358974359,1.3897435897435897,9.0,False,False,False,False,False,False,False,False,False,True
26,2019_20,2019,81.756,20.18475,42.2351,19.0716,32.61122650327137,330.0,67.07435870806937,104.0,1912.5219129712327,122682,9,16.0,20.682051282051283,66.54871794871795,922.6730769230772,0.0,33.88974358974359,1.3897435897435897,10.0,False,False,False,False,False,False,True,False,False,False
18,2019_20,2019,85.124,21.124571,44.700444,20.631222,32.03011735382698,331.0,65.26435766953993,104.0,1755.7520510956483,117924,9,17.0,20.682051282051283,66.54871794871795,922.6730769230772,0.0,33.88974358974359,1.3897435897435897,19.0,False,False,False,False,False,False,False,False,False,True
63,2019_20,2019,81.180666,21.001333,40.470111,20.385,29.325734759580435,330.0,66.45279883684702,104.0,1787.524249662478,53553,9,18.0,20.682051282051283,66.54871794871795,922.6730769230772,0.0,33.88974358974359,1.3897435897435897,12.0,False,False,False,False,False,True,False,False,False,False
88,2019_20,2019,81.994166,20.307333,43.536,19.638333,29.302419773600583,327.0,67.98068335237303,104.0,1827.914217468065,63202,9,19.0,20.682051282051283,66.54871794871795,922.6730769230772,0.0,33.88974358974359,1.3897435897435897,16.0,False,False,False,False,False,True,False,False,False,False
55,2019_20,2019,81.912,17.728,44.1735,23.78,6.500051926472115,330.0,99.5130854709731,104.0,629.3709107903209,154296,9,20.0,20.682051282051283,66.54871794871795,922.6730769230772,0.0,33.88974358974359,1.3897435897435897,3.0,False,False,True,False,False,False,False,False,False,False
44,2019_21,2019,109.465,20.398615,48.312388,47.891833,76.27065986677769,323.0,49.728663613655286,104.0,4481.76967110741,123514,9,1.0,25.946835443037976,64.22025316455696,1016.5670886075948,0.0,30.377215189873414,1.5354430379746835,1.0,False,False,False,True,False,False,False,False,False,False
77,2019_21,2019,113.937818,19.91909,49.698666,48.186733,64.28705245628643,326.0,70.19010199833473,104.0,3983.8275915903414,154058,9,2.0,25.946835443037976,64.22025316455696,1016.5670886075948,0.0,30.377215189873414,1.5354430379746835,4.0,False,False,False,True,False,False,False,False,False,False
33,2019_21,2019,107.8677,19.1771,46.704466,46.196333,63.45279975020816,325.0,57.81083472106578,104.0,3757.5366361365527,156780,9,3.0,25.946835443037976,64.22025316455696,1016.5670886075948,0.0,30.377215189873414,1.5354430379746835,2.0,False,False,False,False,True,False,False,False,False,False
16,2019_21,2019,113.223545,20.36409,48.506,48.733,67.74994796003331,331.0,70.75947127393839,104.0,4288.193744796004,156938,9,4.0,25.946835443037976,64.22025316455696,1016.5670886075948,0.0,30.377215189873414,1.5354430379746835,3.0,True,False,False,False,False,False,False,False,False,False
5,2019_21,2019,113.01509,21.292,47.922812,49.394062,67.81151124063281,333.0,70.60189425478768,104.0,4107.68135928393,153706,9,5.0,25.946835443037976,64.22025316455696,1016.5670886075948,0.0,30.377215189873414,1.5354430379746835,5.0,True,False,False,False,False,False,False,False,False,False
23,2019_21,2019,111.772333,19.692133,47.806285,47.841476,88.82108659450458,326.0,45.69738759367194,104.0,5409.6436823480435,150202,9,6.0,25.946835443037976,64.22025316455696,1016.5670886075948,0.0,30.377215189873414,1.5354430379746835,6.0,False,False,False,False,True,False,False,False,False,False
4,2019_21,2019,112.44009,19.637909,47.89947,50.586882,71.81749583680266,325.0,45.89347418817652,104.0,4374.891548709409,125908,9,7.0,25.946835443037976,64.22025316455696,1016.5670886075948,0.0,30.377215189873414,1.5354430379746835,8.0,False,False,True,False,False,False,False,False,False,False
3,2019_21,2019,111.9723,20.3421,47.335733,48.455666,63.37156536219817,331.0,30.73646960865945,104.0,3837.977154454621,126276,9,8.0,25.946835443037976,64.22025316455696,1016.5670886075948,0.0,30.377215189873414,1.5354430379746835,11.0,False,False,False,False,False,False,False,False,True,False
55,2019_21,2019,114.423545,19.095909,48.965588,51.132529,71.80297668609492,327.0,45.25536011656953,104.0,4351.272585345545,123826,9,9.0,25.946835443037976,64.22025316455696,1016.5670886075948,0.0,30.377215189873414,1.5354430379746835,10.0,False,False,True,False,False,False,False,False,False,False
27,2019_21,2019,110.019916,19.155416,47.235111,48.442611,76.21294754371357,329.0,47.24703372189842,104.0,4279.247606161532,157624,9,10.0,25.946835443037976,64.22025316455696,1016.5670886075948,0.0,30.377215189873414,1.5354430379746835,12.0,False,False,False,False,False,False,False,False,True,False
11,2019_21,2019,114.493444,19.667333,48.985,51.627,55.17667568692756,328.0,55.90913821815154,104.0,3372.465289342215,124596,9,11.0,25.946835443037976,64.22025316455696,1016.5670886075948,0.0,30.377215189873414,1.5354430379746835,7.0,False,False,False,False,False,False,False,False,False,True
10,2019_21,2019,113.321,21.337875,48.773833,48.610833,50.80006244796003,326.0,55.90898209825146,104.0,3159.5530807660284,119346,9,12.0,25.946835443037976,64.22025316455696,1016.5670886075948,0.0,30.377215189873414,1.5354430379746835,18.0,False,False,False,False,False,False,True,False,False,False
18,2019_21,2019,112.06,19.1472,49.349,48.152714,59.27763322231474,329.0,56.87536427976686,104.0,3589.4440570358033,126938,9,13.0,25.946835443037976,64.22025316455696,1016.5670886075948,0.0,30.377215189873414,1.5354430379746835,20.0,False,False,False,False,False,False,False,False,False,True
26,2019_21,2019,110.020375,19.642375,48.319583,49.882833,50.78580349708576,328.0,48.917776852622815,104.0,3203.040330974188,120198,9,14.0,25.946835443037976,64.22025316455696,1016.5670886075948,0.0,30.377215189873414,1.5354430379746835,9.0,False,False,False,False,False,False,True,False,False,False
20,2019_21,2019,108.839444,19.5922,49.4115,50.099714,59.39217318900915,329.0,71.40221690258119,104.0,3829.85043713572,155518,9,15.0,25.946835443037976,64.22025316455696,1016.5670886075948,0.0,30.377215189873414,1.5354430379746835,14.0,False,True,False,False,False,False,False,False,False,False
8,2019_21,2019,113.884333,19.694,48.9075,49.9655,33.96934845961699,329.0,86.13889467110741,104.0,2259.7773209825145,155282,9,16.0,25.946835443037976,64.22025316455696,1016.5670886075948,0.0,30.377215189873414,1.5354430379746835,15.0,False,True,False,False,False,False,False,False,False,False
99,2019_21,2019,110.33275,18.797,47.780333,48.897,25.445566194837635,326.0,72.46518526228144,104.0,1523.509523313905,125872,9,17.0,25.946835443037976,64.22025316455696,1016.5670886075948,0.0,30.377215189873414,1.5354430379746835,16.0,False,False,False,False,False,False,False,True,False,False
7,2019_21,2019,112.95075,20.458,47.311,46.7795,25.454829308909243,324.0,72.53653205661948,104.0,1466.9639363030808,125924,9,18.0,25.946835443037976,64.22025316455696,1016.5670886075948,0.0,30.377215189873414,1.5354430379746835,13.0,False,False,False,False,False,False,False,True,False,False
63,2019_21,2019,115.5145,20.542833,47.56225,50.459625,33.83263946711074,330.0,65.58565778517902,104.0,2096.9595649458784,59155,9,19.0,25.946835443037976,64.22025316455696,1016.5670886075948,0.0,30.377215189873414,1.5354430379746835,17.0,False,False,False,False,False,True,False,False,False,False
88,2019_21,2019,108.269,20.9805,48.229833,50.084833,25.40617194004996,329.0,64.05745212323065,104.0,1835.5646336386344,55629,9,20.0,25.946835443037976,64.22025316455696,1016.5670886075948,0.0,30.377215189873414,1.5354430379746835,19.0,False,False,False,False,False,True,False,False,False,False
77,2020_1,2020,76.146083,17.841166,34.274333,26.129944,61.83256089674499,327.0,65.4070920456995,104.0,3382.960659624919,133224,9,1.0,24.590666666666664,34.66,940.6559999999996,0.0,49.92666666666666,1.382666666666667,1.0,False,False,False,True,False,False,False,False,False,False
44,2020_1,2020,74.472857,18.251285,33.53105,25.13085,68.72343177408925,327.0,52.23846734209959,104.0,3556.258999784436,114504,9,2.0,24.590666666666664,34.66,940.6559999999996,0.0,49.92666666666666,1.382666666666667,4.0,False,False,False,True,False,False,False,False,False,False
33,2020_1,2020,75.007437,18.155625,33.035909,25.060136,75.61489545160595,324.0,45.79521448588058,104.0,4088.526083207588,139172,9,3.0,24.590666666666664,34.66,940.6559999999996,0.0,49.92666666666666,1.382666666666667,20.0,False,False,False,False,True,False,False,False,False,False
4,2020_1,2020,76.6824,17.83909,34.586352,26.337,58.287454192713945,324.0,78.66399008406984,104.0,3186.093500754473,153782,9,4.0,24.590666666666664,34.66,940.6559999999996,0.0,49.92666666666666,1.382666666666667,3.0,False,False,True,False,False,False,False,False,False,False
23,2020_1,2020,75.224,18.423461,33.754388,25.092529,61.824692821728824,325.0,47.17907954300496,104.0,3488.4041280448373,153112,9,5.0,24.590666666666664,34.66,940.6559999999996,0.0,49.92666666666666,1.382666666666667,13.0,False,False,False,False,True,False,False,False,False,False
11,2020_1,2020,74.656416,17.769692,34.320157,26.271,65.23453330459151,327.0,52.74164690666092,104.0,3595.653427462815,117008,9,6.0,24.590666666666664,34.66,940.6559999999996,0.0,49.92666666666666,1.382666666666667,6.0,False,False,False,False,False,False,False,False,False,True
16,2020_1,2020,74.711615,18.5745,34.7436,25.533684,68.74800603578358,321.0,68.28610691959474,104.0,4090.123086872171,153786,9,7.0,24.590666666666664,34.66,940.6559999999996,0.0,49.92666666666666,1.382666666666667,2.0,True,False,False,False,False,False,False,False,False,False
55,2020_1,2020,74.012909,17.735916,34.052388,26.187588,61.713677516706184,322.0,54.13478120284544,104.0,3357.5842854063376,117836,9,8.0,24.590666666666664,34.66,940.6559999999996,0.0,49.92666666666666,1.382666666666667,5.0,False,False,True,False,False,False,False,False,False,False
18,2020_1,2020,79.9135,17.794583,34.851294,27.600294,58.234910541064885,328.0,53.63752964000862,104.0,3155.885643457642,121812,9,9.0,24.590666666666664,34.66,940.6559999999996,0.0,49.92666666666666,1.382666666666667,18.0,False,False,False,False,False,False,False,False,False,True
3,2020_1,2020,76.545444,19.1244,34.8834,27.236857,51.44535460228497,325.0,31.20273765897823,104.0,2990.4567794783356,120586,9,10.0,24.590666666666664,34.66,940.6559999999996,0.0,49.92666666666666,1.382666666666667,19.0,False,False,False,False,False,False,False,False,True,False
5,2020_1,2020,79.666333,18.180111,34.275153,28.302615,44.76465833153697,319.0,79.48210821297694,104.0,2712.629984910541,143580,9,11.0,24.590666666666664,34.66,940.6559999999996,0.0,49.92666666666666,1.382666666666667,10.0,True,False,False,False,False,False,False,False,False,False
10,2020_1,2020,76.9252,18.171,35.262857,25.693928,48.16560681181289,323.0,61.76277214917008,104.0,2799.9387799094634,117716,9,12.0,24.590666666666664,34.66,940.6559999999996,0.0,49.92666666666666,1.382666666666667,7.0,False,False,False,False,False,False,True,False,False,False
26,2020_1,2020,79.177,18.4244,33.733714,28.147071,48.16706186678164,325.0,60.59797370122871,104.0,2751.34651864626,118566,9,13.0,24.590666666666664,34.66,940.6559999999996,0.0,49.92666666666666,1.382666666666667,12.0,False,False,False,False,False,False,True,False,False,False
31,2020_1,2020,73.583375,18.03525,33.146916,25.72825,41.28308902780772,321.0,52.264550549687435,104.0,2209.192606165122,145106,9,14.0,24.590666666666664,34.66,940.6559999999996,0.0,49.92666666666666,1.382666666666667,8.0,False,False,False,False,False,False,False,False,True,False
8,2020_1,2020,77.0299,18.3476,34.208714,26.119071,48.28330459150679,325.0,81.02010131493856,104.0,3198.1772472515627,151116,9,15.0,24.590666666666664,34.66,940.6559999999996,0.0,49.92666666666666,1.382666666666667,16.0,False,True,False,False,False,False,False,False,False,False
20,2020_1,2020,76.666166,18.038666,34.70525,26.08075,27.584500970036647,324.0,91.76983186031472,104.0,2023.1393619314508,149846,9,16.0,24.590666666666664,34.66,940.6559999999996,0.0,49.92666666666666,1.382666666666667,17.0,False,True,False,False,False,False,False,False,False,False
63,2020_1,2020,79.7465,18.545125,34.8506,27.4299,34.371200689803835,326.0,66.31483078249623,104.0,2213.4190019400735,99697,9,17.0,24.590666666666664,34.66,940.6559999999996,0.0,49.92666666666666,1.382666666666667,15.0,False,False,False,False,False,True,False,False,False,False
99,2020_1,2020,75.6532,17.3028,34.834875,27.549375,27.524143134296185,327.0,74.40919379176546,104.0,1560.4218042681612,125298,9,18.0,24.590666666666664,34.66,940.6559999999996,0.0,49.92666666666666,1.382666666666667,9.0,False,False,False,False,False,False,False,True,False,False
7,2020_1,2020,76.6405,18.636166,34.569888,25.816222,30.917331321405474,327.0,73.14367320543221,104.0,1704.0603578357404,125170,9,19.0,24.590666666666664,34.66,940.6559999999996,0.0,49.92666666666666,1.382666666666667,14.0,False,False,False,False,False,False,False,True,False,False
6,2020_1,2020,76.628,18.2322,35.270583,24.306833,41.305561543436085,321.0,72.96453977150247,104.0,2449.6345656391463,126670,9,20.0,24.590666666666664,34.66,940.6559999999996,0.0,49.92666666666666,1.382666666666667,11.0,False,False,False,False,False,True,False,False,False,False
44,2020_2,2020,85.109933,19.632387,38.267558,28.020333,71.38555526281122,300.0,75.57541825846397,104.0,4057.1538664207615,260622,8,1.0,14.8390243902439,89.77154471544716,942.539024390244,1.0,19.91138211382114,1.3121951219512198,1.0,False,False,False,True,False,False,False,False,False,False
33,2020_2,2020,84.094333,19.8145,37.07103,28.386636,71.42820445264128,298.0,57.16427348175471,104.0,4413.912099855092,260111,9,2.0,14.8390243902439,89.77154471544716,942.539024390244,1.0,19.91138211382114,1.3121951219512198,3.0,False,False,False,False,True,False,False,False,False,False
55,2020_2,2020,84.900206,19.9785,37.599129,28.190838,69.39349229350546,295.0,50.63851929917007,104.0,4246.8076669740485,191574,8,3.0,14.8390243902439,89.77154471544716,942.539024390244,1.0,19.91138211382114,1.3121951219512198,9.0,False,False,True,False,False,False,False,False,False,False
77,2020_2,2020,84.048344,19.913645,37.952757,27.086343,71.45675800289817,299.0,75.00655381372678,104.0,4141.246574891318,260622,8,4.0,14.8390243902439,89.77154471544716,942.539024390244,1.0,19.91138211382114,1.3121951219512198,2.0,False,False,False,True,False,False,False,False,False,False
31,2020_2,2020,84.536964,20.734666,37.599515,27.134806,71.2554670003952,296.0,57.48705704123304,104.0,4109.905381372678,256165,8,5.0,14.8390243902439,89.77154471544716,942.539024390244,1.0,19.91138211382114,1.3121951219512198,18.0,False,False,False,False,False,False,False,False,True,False
4,2020_2,2020,83.893413,20.0691,37.712909,27.370343,71.21123699117376,297.0,39.29278092477934,104.0,4254.959952575418,175583,8,6.0,14.8390243902439,89.77154471544716,942.539024390244,1.0,19.91138211382114,1.3121951219512198,5.0,False,False,True,False,False,False,False,False,False,False
23,2020_2,2020,84.02523,19.661285,39.004266,27.803928,67.42253984982216,297.0,61.07904096956923,104.0,4083.564352522724,259609,9,7.0,14.8390243902439,89.77154471544716,942.539024390244,1.0,19.91138211382114,1.3121951219512198,4.0,False,False,False,False,True,False,False,False,False,False
10,2020_2,2020,88.210821,21.242466,39.7625,28.946258,69.40979449347913,295.0,26.333618759056776,104.0,4310.379199051508,146835,9,8.0,14.8390243902439,89.77154471544716,942.539024390244,1.0,19.91138211382114,1.3121951219512198,15.0,False,False,False,False,False,False,True,False,False,False
3,2020_2,2020,83.898925,19.858571,37.878709,27.366366,67.12040574364379,298.0,60.46011724410486,104.0,3937.8477473323674,249023,9,9.0,14.8390243902439,89.77154471544716,942.539024390244,1.0,19.91138211382114,1.3121951219512198,8.0,False,False,False,False,False,False,False,False,True,False
5,2020_2,2020,87.348642,21.551517,37.94675,28.001903,69.34254380187063,293.0,70.91496509023844,104.0,4532.342148597023,255356,9,10.0,14.8390243902439,89.77154471544716,942.539024390244,1.0,19.91138211382114,1.3121951219512198,20.0,True,False,False,False,False,False,False,False,False,False
16,2020_2,2020,87.975047,22.300136,37.982291,28.197043,52.67642603082598,294.0,77.5481820576999,104.0,3527.5040508496904,256604,9,11.0,14.8390243902439,89.77154471544716,942.539024390244,1.0,19.91138211382114,1.3121951219512198,19.0,True,False,False,False,False,False,False,False,False,False
63,2020_2,2020,88.864052,22.301,38.552904,29.599047,46.260604663417205,298.0,71.18950072454223,104.0,3124.426458964563,234307,8,12.0,14.8390243902439,89.77154471544716,942.539024390244,1.0,19.91138211382114,1.3121951219512198,16.0,False,False,False,False,False,True,False,False,False,False
18,2020_2,2020,86.55155,21.627047,37.622,27.8955,48.69756949018575,297.0,62.71367408773548,104.0,3139.2045514424976,207758,8,13.0,14.8390243902439,89.77154471544716,942.539024390244,1.0,19.91138211382114,1.3121951219512198,7.0,False,False,False,False,False,False,False,False,False,True
26,2020_2,2020,85.58825,21.774,37.791782,26.952181,50.56761296271901,295.0,51.50777236200764,104.0,3181.9975629034384,269039,8,14.0,14.8390243902439,89.77154471544716,942.539024390244,1.0,19.91138211382114,1.3121951219512198,10.0,False,False,False,False,False,False,True,False,False,False
20,2020_2,2020,88.473578,21.82725,38.518772,29.681571,46.457778948755106,294.0,77.14164800421551,104.0,3534.8191937821102,254208,9,15.0,14.8390243902439,89.77154471544716,942.539024390244,1.0,19.91138211382114,1.3121951219512198,12.0,False,True,False,False,False,False,False,False,False,False
7,2020_2,2020,88.7618,23.966727,38.052833,27.509363,27.371393755763403,294.0,44.02736793571334,104.0,1666.896818600975,147132,9,16.0,14.8390243902439,89.77154471544716,942.539024390244,1.0,19.91138211382114,1.3121951219512198,11.0,False,False,False,False,False,False,False,True,False,False
11,2020_2,2020,86.8204,22.069,38.423272,27.831818,25.282604399947303,296.0,70.89056119088394,104.0,1604.7392636016334,211804,8,17.0,14.8390243902439,89.77154471544716,942.539024390244,1.0,19.91138211382114,1.3121951219512198,6.0,False,False,False,False,False,False,False,False,False,True
6,2020_2,2020,86.8515,21.851181,37.990454,28.1807,27.37327097879067,297.0,78.35924120669213,104.0,2049.74127255961,233058,8,18.0,14.8390243902439,89.77154471544716,942.539024390244,1.0,19.91138211382114,1.3121951219512198,17.0,False,False,False,False,False,True,False,False,False,False
99,2020_2,2020,89.6661,23.931363,37.682636,28.33009,24.139869582400213,294.0,45.69285996574891,104.0,1455.1382887630089,147071,8,19.0,14.8390243902439,89.77154471544716,942.539024390244,1.0,19.91138211382114,1.3121951219512198,14.0,False,False,False,False,False,False,False,True,False,False
44,2020_3,2020,85.95825,30.409875,30.548545,26.749863,70.18841857730746,321.0,67.76337448559671,104.0,4194.173672349598,158830,9,1.0,18.78311688311688,71.4987012987013,987.846753246753,0.0,27.254545454545447,1.31038961038961,1.0,False,False,False,True,False,False,False,False,False,False
77,2020_3,2020,86.287928,30.177785,31.0939,28.80905,63.88957475994513,322.0,64.61316872427983,104.0,3975.161277679796,156344,9,2.0,18.78311688311688,71.4987012987013,987.846753246753,0.0,27.254545454545447,1.31038961038961,3.0,False,False,False,True,False,False,False,False,False,False
18,2020_3,2020,83.785733,29.778312,31.0935,25.414571,70.289780521262,327.0,44.59940231236528,104.0,4289.0587399568885,137566,9,3.0,18.78311688311688,71.4987012987013,987.846753246753,0.0,27.254545454545447,1.31038961038961,4.0,False,False,False,False,False,False,False,False,False,True
11,2020_3,2020,85.480866,30.081625,31.900454,26.606047,69.77194787379973,326.0,51.525524201450125,104.0,4138.512247697433,136050,9,4.0,18.78311688311688,71.4987012987013,987.846753246753,0.0,27.254545454545447,1.31038961038961,7.0,False,False,False,False,False,False,False,False,False,True
5,2020_3,2020,86.794769,30.861571,32.2641,27.430842,63.58024691358025,317.0,63.52189888301,104.0,4024.770576131687,152398,9,5.0,18.78311688311688,71.4987012987013,987.846753246753,0.0,27.254545454545447,1.31038961038961,6.0,True,False,False,False,False,False,False,False,False,False
16,2020_3,2020,85.502846,30.650857,33.3866,27.540526,63.54095630021556,318.0,61.73304918675289,104.0,4042.58382324123,154826,9,6.0,18.78311688311688,71.4987012987013,987.846753246753,0.0,27.254545454545447,1.31038961038961,11.0,True,False,False,False,False,False,False,False,False,False
33,2020_3,2020,85.443642,30.6638,31.268428,27.2111,66.65343915343915,321.0,39.167597491671565,104.0,4195.350578091319,151750,9,7.0,18.78311688311688,71.4987012987013,987.846753246753,0.0,27.254545454545447,1.31038961038961,2.0,False,False,False,False,True,False,False,False,False,False
4,2020_3,2020,87.077615,30.270428,31.9076,28.427526,63.37624926513816,319.0,50.7987948265726,104.0,3901.5659416029785,134008,9,8.0,18.78311688311688,71.4987012987013,987.846753246753,0.0,27.254545454545447,1.31038961038961,13.0,False,False,True,False,False,False,False,False,False,False
55,2020_3,2020,87.819928,30.445133,32.102095,28.90355,66.59729570840682,320.0,46.61503037428963,104.0,4113.045169508133,127536,9,9.0,18.78311688311688,71.4987012987013,987.846753246753,0.0,27.254545454545447,1.31038961038961,9.0,False,False,True,False,False,False,False,False,False,False
10,2020_3,2020,94.287,32.9444,34.975857,28.88,44.28821281599059,324.0,56.07593572408387,104.0,2935.5081324710955,125286,9,10.0,18.78311688311688,71.4987012987013,987.846753246753,0.0,27.254545454545447,1.31038961038961,20.0,False,False,False,False,False,False,True,False,False,False
3,2020_3,2020,86.7507,30.7253,31.594428,28.028,44.27322163433274,320.0,32.14501273760533,104.0,2807.6314912796392,143128,9,11.0,18.78311688311688,71.4987012987013,987.846753246753,0.0,27.254545454545447,1.31038961038961,8.0,False,False,False,False,False,False,False,False,True,False
63,2020_3,2020,86.7569,30.2146,31.668785,28.208785,44.18954536547129,320.0,72.17808152067411,104.0,2999.398491083676,150916,9,12.0,18.78311688311688,71.4987012987013,987.846753246753,0.0,27.254545454545447,1.31038961038961,18.0,False,False,False,False,False,True,False,False,False,False
23,2020_3,2020,88.763416,31.695083,32.4535,27.841187,50.67524005486968,324.0,58.28644914756026,104.0,3268.5305702527926,165186,9,13.0,18.78311688311688,71.4987012987013,987.846753246753,0.0,27.254545454545447,1.31038961038961,5.0,False,False,False,False,True,False,False,False,False,False
31,2020_3,2020,86.1069,30.1002,31.147642,27.6015,44.27944346462865,319.0,36.72026259063296,104.0,2721.0800509504215,140460,9,14.0,18.78311688311688,71.4987012987013,987.846753246753,0.0,27.254545454545447,1.31038961038961,14.0,False,False,False,False,False,False,False,False,True,False
6,2020_3,2020,91.45,30.6521,32.479785,31.715857,44.2130119537527,321.0,59.37639623750735,104.0,2936.545414462081,135244,9,15.0,18.78311688311688,71.4987012987013,987.846753246753,0.0,27.254545454545447,1.31038961038961,19.0,False,False,False,False,False,True,False,False,False,False
20,2020_3,2020,84.624166,29.524166,30.854777,28.568,28.456006270821085,320.0,81.87272192827749,104.0,2170.3526846952773,160386,9,16.0,18.78311688311688,71.4987012987013,987.846753246753,0.0,27.254545454545447,1.31038961038961,10.0,False,True,False,False,False,False,False,False,False,False
26,2020_3,2020,84.863166,30.101666,31.324888,29.870333,28.40907309425828,320.0,66.05379188712521,104.0,1812.1037624926512,126078,9,17.0,18.78311688311688,71.4987012987013,987.846753246753,0.0,27.254545454545447,1.31038961038961,12.0,False,False,False,False,False,False,True,False,False,False
8,2020_3,2020,85.2372,29.7918,31.497625,31.758125,25.297961983147168,320.0,83.39437585733882,104.0,1996.61860670194,162994,9,18.0,18.78311688311688,71.4987012987013,987.846753246753,0.0,27.254545454545447,1.31038961038961,16.0,False,True,False,False,False,False,False,False,False,False
99,2020_3,2020,97.154454,37.066272,32.819583,28.07175,37.90735841661768,321.0,65.04619831471683,104.0,2377.435185185185,128640,9,19.0,18.78311688311688,71.4987012987013,987.846753246753,0.0,27.254545454545447,1.31038961038961,17.0,False,False,False,False,False,False,False,True,False,False
7,2020_3,2020,91.487,34.127909,31.141416,27.19575,37.88242210464433,319.0,65.51019008426415,104.0,2271.2706741132665,127266,9,20.0,18.78311688311688,71.4987012987013,987.846753246753,0.0,27.254545454545447,1.31038961038961,15.0,False,False,False,False,False,False,False,True,False,False
44,2020_4,2020,96.395076,31.027066,42.932095,29.384476,90.11353982723236,321.0,52.2560969789529,104.0,4569.030926358994,137212,9,1.0,22.497647058823528,54.38705882352941,997.7188235294116,0.0,38.93764705882353,3.967058823529411,1.0,False,False,False,True,False,False,False,False,False,False
77,2020_4,2020,99.236272,32.145,42.738375,31.957625,70.02753782274614,321.0,71.55920393261108,104.0,3839.6420560301626,165157,9,2.0,22.497647058823528,54.38705882352941,997.7188235294116,0.0,38.93764705882353,3.967058823529411,11.0,False,False,False,True,False,False,False,False,False,False
33,2020_4,2020,96.673333,31.0703,41.890571,29.0175,61.410967403235816,318.0,56.5774829380041,104.0,3397.392783849568,171506,9,3.0,22.497647058823528,54.38705882352941,997.7188235294116,0.0,38.93764705882353,3.967058823529411,2.0,False,False,False,False,True,False,False,False,False,False
16,2020_4,2020,98.804,31.0197,43.705333,30.2898,65.57667159833915,319.0,72.2644967307784,104.0,3698.5982436882546,168142,9,4.0,22.497647058823528,54.38705882352941,997.7188235294116,0.0,38.93764705882353,3.967058823529411,3.0,True,False,False,False,False,False,False,False,False,False
4,2020_4,2020,100.712384,31.371928,42.84421,31.190473,81.99179115162507,318.0,50.42862597241445,104.0,4372.708013172338,138968,9,5.0,22.497647058823528,54.38705882352941,997.7188235294116,0.0,38.93764705882353,3.967058823529411,5.0,False,False,True,False,False,False,False,False,False,False
18,2020_4,2020,97.871692,30.393357,41.51521,28.853894,82.1536772777168,319.0,53.34768290936859,104.0,4336.967785042714,139703,9,6.0,22.497647058823528,54.38705882352941,997.7188235294116,0.0,38.93764705882353,3.967058823529411,9.0,False,False,False,False,False,False,False,False,False,True
55,2020_4,2020,99.253384,30.8185,42.724444,30.230555,81.99403426716938,318.0,51.737364577864746,104.0,4275.386674939149,138302,9,7.0,22.497647058823528,54.38705882352941,997.7188235294116,0.0,38.93764705882353,3.967058823529411,13.0,False,False,True,False,False,False,False,False,False,False
3,2020_4,2020,98.743583,30.376076,41.183684,29.955111,82.62291795924212,326.0,36.5651696654417,104.0,4344.745477974514,145351,9,8.0,22.497647058823528,54.38705882352941,997.7188235294116,0.0,38.93764705882353,3.967058823529411,4.0,False,False,False,False,False,False,False,False,True,False
31,2020_4,2020,97.507769,30.27323,41.540105,29.083157,82.20240538347731,322.0,33.76800458168282,104.0,4232.996563737889,141680,9,9.0,22.497647058823528,54.38705882352941,997.7188235294116,0.0,38.93764705882353,3.967058823529411,6.0,False,False,False,False,False,False,False,False,True,False
5,2020_4,2020,99.331307,30.847461,43.382368,31.15121,82.17262444518684,319.0,63.60320717796974,104.0,4559.302534243307,159213,9,10.0,22.497647058823528,54.38705882352941,997.7188235294116,0.0,38.93764705882353,3.967058823529411,10.0,True,False,False,False,False,False,False,False,False,False
10,2020_4,2020,102.436375,33.04025,43.143,28.412818,49.23166133727867,320.0,79.57753066386675,104.0,2697.903355128144,166146,9,11.0,22.497647058823528,54.38705882352941,997.7188235294116,0.0,38.93764705882353,3.967058823529411,7.0,False,False,False,False,False,False,True,False,False,False
23,2020_4,2020,99.053714,33.02225,41.5412,28.5114,45.170285877917244,315.0,66.30759318474682,104.0,2509.358803035365,170457,9,12.0,22.497647058823528,54.38705882352941,997.7188235294116,0.0,38.93764705882353,3.967058823529411,8.0,False,False,False,False,True,False,False,False,False,False
27,2020_4,2020,99.194333,31.529,41.5445,28.69,57.4873765093304,322.0,62.43201450866224,104.0,2921.375554813153,138755,9,13.0,22.497647058823528,54.38705882352941,997.7188235294116,0.0,38.93764705882353,3.967058823529411,20.0,False,False,False,False,False,False,False,False,False,True
26,2020_4,2020,99.01075,32.561375,41.538636,27.313363,49.18698992984298,320.0,66.58106237770248,104.0,2756.59996181931,144069,9,14.0,22.497647058823528,54.38705882352941,997.7188235294116,0.0,38.93764705882353,3.967058823529411,18.0,False,False,False,False,False,False,True,False,False,False
63,2020_4,2020,102.194,31.9095,41.824461,31.040846,57.471531522932274,319.0,80.48642199207751,104.0,3075.5310456736506,172879,9,15.0,22.497647058823528,54.38705882352941,997.7188235294116,0.0,38.93764705882353,3.967058823529411,12.0,False,False,False,False,False,True,False,False,False,False
20,2020_4,2020,94.265666,30.354666,39.848222,28.752333,36.900348398797306,317.0,88.4855629265499,104.0,2240.8662721328687,168674,9,16.0,22.497647058823528,54.38705882352941,997.7188235294116,0.0,38.93764705882353,3.967058823529411,19.0,False,True,False,False,False,False,False,False,False,False
99,2020_4,2020,95.527166,30.083166,40.343444,28.628666,36.91495251276667,316.0,75.45912279864459,104.0,1920.2370543597576,141260,9,17.0,22.497647058823528,54.38705882352941,997.7188235294116,0.0,38.93764705882353,3.967058823529411,14.0,False,False,False,False,False,False,False,True,False,False
7,2020_4,2020,98.846666,32.281333,40.700555,28.016777,36.72247410871952,317.0,76.7515391590703,104.0,1817.71111535341,140958,9,18.0,22.497647058823528,54.38705882352941,997.7188235294116,0.0,38.93764705882353,3.967058823529411,17.0,False,False,False,False,False,False,False,True,False,False
8,2020_4,2020,94.2105,29.771333,40.509888,28.456777,36.947787906266406,320.0,88.39154297713931,104.0,2235.3265880780796,170566,9,19.0,22.497647058823528,54.38705882352941,997.7188235294116,0.0,38.93764705882353,3.967058823529411,16.0,False,True,False,False,False,False,False,False,False,False
6,2020_4,2020,111.3958,30.8472,49.350428,30.049142,28.75478451773016,318.0,80.7908175440271,104.0,2224.770820407579,121112,9,20.0,22.497647058823528,54.38705882352941,997.7188235294116,0.0,38.93764705882353,3.967058823529411,15.0,False,False,False,False,False,True,False,False,False,False
77,2020_5,2020,99.478615,31.299285,45.31085,30.907947,83.34506496024821,335.0,63.51827612953267,104.0,4609.30531316657,156238,9,1.0,26.2051282051282,53.35641025641026,1003.5205128205124,0.0,41.7974358974359,3.6025641025641018,3.0,False,False,False,True,False,False,False,False,False,False
44,2020_5,2020,98.271461,30.450357,45.0726,29.239736,82.96349621873182,337.0,45.039848749272835,104.0,4237.363680434361,120618,9,2.0,26.2051282051282,53.35641025641026,1003.5205128205124,0.0,41.7974358974359,3.6025641025641018,2.0,False,False,False,True,False,False,False,False,False,False
27,2020_5,2020,101.5685,32.37423,45.636111,30.138882,74.81656001551289,334.0,53.238656195462475,104.0,4019.4153092883457,137536,9,3.0,26.2051282051282,53.35641025641026,1003.5205128205124,0.0,41.7974358974359,3.6025641025641018,7.0,False,False,False,False,False,False,False,False,False,True
33,2020_5,2020,95.147428,31.063875,45.06825,28.543818,49.692020554586,331.0,50.00247236765561,104.0,2800.1531413612565,153084,9,4.0,26.2051282051282,53.35641025641026,1003.5205128205124,0.0,41.7974358974359,3.6025641025641018,1.0,False,False,False,False,True,False,False,False,False,False
3,2020_5,2020,99.484375,32.574111,44.336142,30.030692,58.1578921853791,336.0,32.373618382780684,104.0,3277.115377157262,133148,9,5.0,26.2051282051282,53.35641025641026,1003.5205128205124,0.0,41.7974358974359,3.6025641025641018,14.0,False,False,False,False,False,False,False,False,True,False
18,2020_5,2020,95.265909,30.322416,46.132277,30.148823,74.7863098700795,334.0,45.64126430095016,104.0,4204.884380453752,123648,9,6.0,26.2051282051282,53.35641025641026,1003.5205128205124,0.0,41.7974358974359,3.6025641025641018,6.0,False,False,False,False,False,False,False,False,False,True
10,2020_5,2020,98.108727,32.1105,44.075444,29.483647,74.5093562148536,336.0,45.74209811906147,104.0,4093.089586969168,118426,9,7.0,26.2051282051282,53.35641025641026,1003.5205128205124,0.0,41.7974358974359,3.6025641025641018,11.0,False,False,False,False,False,False,True,False,False,False
16,2020_5,2020,95.303,32.961909,45.553,30.475133,66.33910219119643,334.0,66.56743261586193,104.0,3827.676847004072,152080,9,8.0,26.2051282051282,53.35641025641026,1003.5205128205124,0.0,41.7974358974359,3.6025641025641018,4.0,True,False,False,False,False,False,False,False,False,False
23,2020_5,2020,99.276,32.552166,45.957111,30.721176,74.67422920302502,331.0,43.929658716307934,104.0,4346.591283692069,162736,9,9.0,26.2051282051282,53.35641025641026,1003.5205128205124,0.0,41.7974358974359,3.6025641025641018,5.0,False,False,False,False,True,False,False,False,False,False
4,2020_5,2020,98.365181,31.291166,43.9395,29.005176,74.55793096761683,331.0,64.42277486910994,104.0,4146.013137483033,152494,9,10.0,26.2051282051282,53.35641025641026,1003.5205128205124,0.0,41.7974358974359,3.6025641025641018,9.0,False,False,True,False,False,False,False,False,False,False
31,2020_5,2020,97.4495,31.231,42.874666,28.99,49.91031607523754,333.0,42.56612371533838,104.0,2621.7174713981,134664,9,11.0,26.2051282051282,53.35641025641026,1003.5205128205124,0.0,41.7974358974359,3.6025641025641018,8.0,False,False,False,False,False,False,False,False,True,False
5,2020_5,2020,99.116555,31.8904,46.338,32.302857,58.28112274578243,333.0,74.0319468683343,104.0,3733.414679076983,162768,9,12.0,26.2051282051282,53.35641025641026,1003.5205128205124,0.0,41.7974358974359,3.6025641025641018,12.0,True,False,False,False,False,False,False,False,False,False
55,2020_5,2020,99.48675,32.048875,44.657916,29.901333,49.84971882877642,330.0,74.41564863292612,104.0,3389.961944929222,157546,9,13.0,26.2051282051282,53.35641025641026,1003.5205128205124,0.0,41.7974358974359,3.6025641025641018,13.0,False,False,True,False,False,False,False,False,False,False
8,2020_5,2020,100.450181,32.132454,44.134875,29.100562,66.59375605972464,333.0,71.38530153189839,104.0,4020.0374248594144,164428,9,14.0,26.2051282051282,53.35641025641026,1003.5205128205124,0.0,41.7974358974359,3.6025641025641018,16.0,False,True,False,False,False,False,False,False,False,False
63,2020_5,2020,106.469125,32.6785,46.100818,31.203636,45.78248012410316,329.0,58.534128369206904,104.0,2525.265222028311,124842,9,15.0,26.2051282051282,53.35641025641026,1003.5205128205124,0.0,41.7974358974359,3.6025641025641018,18.0,False,False,False,False,False,True,False,False,False,False
26,2020_5,2020,99.13225,31.11075,44.776333,29.186333,24.864553034710102,336.0,63.5260325770797,104.0,1382.5001454333917,117246,9,16.0,26.2051282051282,53.35641025641026,1003.5205128205124,0.0,41.7974358974359,3.6025641025641018,10.0,False,False,False,False,False,False,True,False,False,False
20,2020_5,2020,96.697,30.518166,44.735666,28.560111,37.45040721349622,331.0,84.55172580957921,104.0,2310.300562342447,161110,9,17.0,26.2051282051282,53.35641025641026,1003.5205128205124,0.0,41.7974358974359,3.6025641025641018,20.0,False,True,False,False,False,False,False,False,False,False
6,2020_5,2020,103.81575,31.98575,46.372333,31.209333,24.946189645142525,326.0,85.11048089974791,104.0,1986.6691875121192,144548,9,18.0,26.2051282051282,53.35641025641026,1003.5205128205124,0.0,41.7974358974359,3.6025641025641018,19.0,False,False,False,False,False,True,False,False,False,False
99,2020_5,2020,104.207,33.39725,46.507166,28.8565,25.005865813457437,332.0,65.15954043048283,104.0,1361.0207484971884,118796,9,19.0,26.2051282051282,53.35641025641026,1003.5205128205124,0.0,41.7974358974359,3.6025641025641018,17.0,False,False,False,False,False,False,False,True,False,False
7,2020_5,2020,102.7595,35.656,43.993166,28.4345,24.972900911382588,334.0,63.85713593174326,104.0,1333.08236377739,118572,9,20.0,26.2051282051282,53.35641025641026,1003.5205128205124,0.0,41.7974358974359,3.6025641025641018,15.0,False,False,False,False,False,False,False,True,False,False
44,2020_6,2020,85.937777,24.1282,37.249533,36.6,49.938756722709435,320.0,69.25878191772857,104.0,3155.9469935558895,156573,9,1.0,30.802564102564112,55.72820512820514,998.4576923076924,0.0,48.96666666666667,2.006410256410256,1.0,False,False,False,True,False,False,False,False,False,False
77,2020_6,2020,89.106,25.9951,36.084066,34.321428,49.99026115606376,322.0,72.76394205145598,104.0,3118.283250157469,165802,9,2.0,30.802564102564112,55.72820512820514,998.4576923076924,0.0,48.96666666666667,2.006410256410256,3.0,False,False,False,True,False,False,False,False,False,False
33,2020_6,2020,90.162777,25.1563,35.9616,36.784214,49.55419351712776,320.0,50.61398323562188,104.0,3027.110228208731,149790,9,3.0,30.802564102564112,55.72820512820514,998.4576923076924,0.0,48.96666666666667,2.006410256410256,2.0,False,False,False,False,True,False,False,False,False,False
11,2020_6,2020,88.745888,23.8468,38.355533,38.761071,49.38577450457871,327.0,46.560686079751925,104.0,3084.858956344784,124113,9,4.0,30.802564102564112,55.72820512820514,998.4576923076924,0.0,48.96666666666667,2.006410256410256,5.0,False,False,False,False,False,False,False,False,False,True
18,2020_6,2020,84.845666,22.966,36.688466,33.718538,49.440137603566065,329.0,46.65473133388245,104.0,3228.1466156306024,124105,9,5.0,30.802564102564112,55.72820512820514,998.4576923076924,0.0,48.96666666666667,2.006410256410256,4.0,False,False,False,False,False,False,False,False,False,True
23,2020_6,2020,89.880909,26.586833,36.161555,34.446588,59.56969814428994,320.0,43.27840496148069,104.0,3866.108968457774,156429,9,6.0,30.802564102564112,55.72820512820514,998.4576923076924,0.0,48.96666666666667,2.006410256410256,8.0,False,False,False,False,True,False,False,False,False,False
55,2020_6,2020,88.3435,24.155545,35.130529,38.009062,56.168564368428704,331.0,63.810892000581426,104.0,3406.3994379572655,150574,9,7.0,30.802564102564112,55.72820512820514,998.4576923076924,0.0,48.96666666666667,2.006410256410256,6.0,False,False,True,False,False,False,False,False,False,False
4,2020_6,2020,87.712818,24.579333,36.351666,34.951647,59.50612917292504,326.0,41.944861669654536,104.0,3587.9560540723874,125847,9,8.0,30.802564102564112,55.72820512820514,998.4576923076924,0.0,48.96666666666667,2.006410256410256,10.0,False,False,True,False,False,False,False,False,False,False
16,2020_6,2020,87.440818,25.760916,34.6685,34.154235,59.58074519114298,320.0,68.78390425892728,104.0,3782.7657347739714,158357,9,9.0,30.802564102564112,55.72820512820514,998.4576923076924,0.0,48.96666666666667,2.006410256410256,20.0,True,False,False,False,False,False,False,False,False,False
10,2020_6,2020,90.058363,25.092666,35.008555,36.180647,59.434759436019185,326.0,66.54154755559863,104.0,3777.3282135762392,165504,9,10.0,30.802564102564112,55.72820512820514,998.4576923076924,0.0,48.96666666666667,2.006410256410256,9.0,False,False,False,False,False,False,True,False,False,False
5,2020_6,2020,88.59525,24.58575,36.099333,36.482416,39.77804157178158,322.0,71.62173554920297,104.0,2668.725810359029,155095,9,11.0,30.802564102564112,55.72820512820514,998.4576923076924,0.0,48.96666666666667,2.006410256410256,7.0,True,False,False,False,False,False,False,False,False,False
26,2020_6,2020,88.529875,24.374375,35.3165,37.00925,39.71534473569456,325.0,54.15141237463055,104.0,2466.7045884006006,123531,9,12.0,30.802564102564112,55.72820512820514,998.4576923076924,0.0,48.96666666666667,2.006410256410256,12.0,False,False,False,False,False,False,True,False,False,False
3,2020_6,2020,91.997125,24.582625,35.911083,36.55925,39.798730558651094,325.0,34.72765153350453,104.0,2507.1006347206744,131779,9,13.0,30.802564102564112,55.72820512820514,998.4576923076924,0.0,48.96666666666667,2.006410256410256,11.0,False,False,False,False,False,False,False,False,True,False
7,2020_6,2020,91.4085,25.037875,34.30525,35.408666,39.79044527351132,326.0,49.23305392703135,104.0,2360.869276612239,111792,9,14.0,30.802564102564112,55.72820512820514,998.4576923076924,0.0,48.96666666666667,2.006410256410256,14.0,False,False,False,False,False,False,False,True,False,False
31,2020_6,2020,88.733125,24.22675,35.571,35.04725,39.78603614516207,322.0,30.876932021900284,104.0,2368.9420514559815,125574,9,15.0,30.802564102564112,55.72820512820514,998.4576923076924,0.0,48.96666666666667,2.006410256410256,13.0,False,False,False,False,False,False,False,False,True,False
20,2020_6,2020,88.40575,23.976,36.274666,39.572333,19.89728184505063,324.0,87.10140995203255,104.0,1723.3247734870874,160305,9,16.0,30.802564102564112,55.72820512820514,998.4576923076924,0.0,48.96666666666667,2.006410256410256,15.0,False,True,False,False,False,False,False,False,False,False
8,2020_6,2020,88.38975,25.132,35.493,37.973166,19.892194389263047,323.0,86.22820873104317,104.0,1837.34434807888,162354,9,17.0,30.802564102564112,55.72820512820514,998.4576923076924,0.0,48.96666666666667,2.006410256410256,19.0,False,True,False,False,False,False,False,False,False,False
63,2020_6,2020,89.2595,25.107333,35.603777,34.802444,29.771403653277776,325.0,73.85532244779301,104.0,2087.530839672465,128166,9,18.0,30.802564102564112,55.72820512820514,998.4576923076924,0.0,48.96666666666667,2.006410256410256,17.0,False,False,False,False,False,True,False,False,False,False
6,2020_6,2020,95.5865,26.409,37.294,35.833666,29.825815204225012,323.0,74.0087698047386,104.0,2140.3822375115074,78585,9,19.0,30.802564102564112,55.72820512820514,998.4576923076924,0.0,48.96666666666667,2.006410256410256,18.0,False,False,False,False,False,True,False,False,False,False
99,2020_6,2020,91.8455,24.2635,36.301166,35.8815,19.96240127913174,324.0,59.44566112699259,104.0,1220.5331653665392,111126,9,20.0,30.802564102564112,55.72820512820514,998.4576923076924,0.0,48.96666666666667,2.006410256410256,16.0,False,False,False,False,False,False,False,True,False,False
44,2020_7,2020,114.754666,34.2497,54.352733,34.697428,76.37127906402725,330.0,53.20639778841882,104.0,3819.935775287555,122182,9,1.0,16.449367088607595,62.84430379746833,957.7670886075946,0.0,24.57974683544304,1.1784810126582277,1.0,False,False,False,True,False,False,False,False,False,False
77,2020_7,2020,113.677666,33.515636,54.808529,41.126062,86.42587747445327,333.0,46.70997679814385,104.0,4548.531618699709,122420,9,2.0,16.449367088607595,62.84430379746833,957.7670886075946,0.0,24.57974683544304,1.1784810126582277,2.0,False,False,False,True,False,False,False,False,False,False
33,2020_7,2020,112.4343,34.312833,53.522882,35.189125,86.39699856839611,329.0,56.767043491138864,104.0,4534.005134027743,153424,9,3.0,16.449367088607595,62.84430379746833,957.7670886075946,0.0,24.57974683544304,1.1784810126582277,3.0,False,False,False,False,True,False,False,False,False,False
3,2020_7,2020,118.347333,33.288571,57.343545,40.5436,55.929802043737965,337.0,43.43160389001333,104.0,3143.1461716937356,136110,9,4.0,16.449367088607595,62.84430379746833,957.7670886075946,0.0,24.57974683544304,1.1784810126582277,4.0,False,False,False,False,False,False,False,False,True,False
23,2020_7,2020,114.6935,34.6172,55.0488,39.183571,76.27180727649701,332.0,59.105938687860984,104.0,4079.58784617663,163568,9,5.0,16.449367088607595,62.84430379746833,957.7670886075946,0.0,24.57974683544304,1.1784810126582277,6.0,False,False,False,False,True,False,False,False,False,False
31,2020_7,2020,115.187333,33.3997,57.345666,37.733214,76.16315347781014,337.0,32.23932467788912,104.0,4003.0505010613615,129374,9,6.0,16.449367088607595,62.84430379746833,957.7670886075946,0.0,24.57974683544304,1.1784810126582277,5.0,False,False,False,False,False,False,False,False,True,False
55,2020_7,2020,118.352888,33.9766,56.392066,38.441642,76.22071382731895,334.0,65.64259268401047,104.0,4265.097645258429,152186,9,7.0,16.449367088607595,62.84430379746833,957.7670886075946,0.0,24.57974683544304,1.1784810126582277,20.0,False,False,True,False,False,False,False,False,False,False
11,2020_7,2020,120.0755,32.9393,56.077133,38.162533,76.34476970923632,336.0,55.48106827269586,104.0,3989.686478748087,132222,9,8.0,16.449367088607595,62.84430379746833,957.7670886075946,0.0,24.57974683544304,1.1784810126582277,10.0,False,False,False,False,False,False,False,False,False,True
18,2020_7,2020,118.0999,32.3361,54.870933,39.057933,76.31692748185813,338.0,54.26642642049662,104.0,4070.61430616577,130898,9,9.0,16.449367088607595,62.84430379746833,957.7670886075946,0.0,24.57974683544304,1.1784810126582277,9.0,False,False,False,False,False,False,False,False,False,True
4,2020_7,2020,114.610444,33.795636,55.250117,41.56875,86.41768277632423,332.0,51.505701732734366,104.0,4433.559855852298,134052,9,10.0,16.449367088607595,62.84430379746833,957.7670886075946,0.0,24.57974683544304,1.1784810126582277,7.0,False,False,True,False,False,False,False,False,False,False
26,2020_7,2020,117.411,33.580125,54.4115,40.670333,61.10124895097991,338.0,61.88171989929407,104.0,3262.3088315150317,132694,9,11.0,16.449367088607595,62.84430379746833,957.7670886075946,0.0,24.57974683544304,1.1784810126582277,11.0,False,False,False,False,False,False,True,False,False,False
10,2020_7,2020,119.47625,33.904,55.935,36.204416,61.080466011749024,336.0,58.21962778298859,104.0,3240.412252554672,120796,9,12.0,16.449367088607595,62.84430379746833,957.7670886075946,0.0,24.57974683544304,1.1784810126582277,8.0,False,False,False,False,False,False,True,False,False,False
16,2020_7,2020,114.546571,34.458375,54.046,39.316833,61.10697536653996,333.0,74.81265735301378,104.0,3345.7293774991363,154976,9,13.0,16.449367088607595,62.84430379746833,957.7670886075946,0.0,24.57974683544304,1.1784810126582277,14.0,True,False,False,False,False,False,False,False,False,False
5,2020_7,2020,118.8935,33.657125,55.37525,38.825083,61.18339339487584,333.0,75.26874660611146,104.0,3620.1250431949447,162566,9,14.0,16.449367088607595,62.84430379746833,957.7670886075946,0.0,24.57974683544304,1.1784810126582277,13.0,True,False,False,False,False,False,False,False,False,False
63,2020_7,2020,118.465714,33.148857,55.251636,37.229454,55.985881423705386,334.0,66.39324677889125,104.0,3089.288443501012,138276,9,15.0,16.449367088607595,62.84430379746833,957.7670886075946,0.0,24.57974683544304,1.1784810126582277,19.0,False,False,False,False,False,True,False,False,False,False
7,2020_7,2020,117.75125,33.874,56.704333,39.275833,30.609073406723603,335.0,64.56341017919732,104.0,1617.509799081799,120236,9,16.0,16.449367088607595,62.84430379746833,957.7670886075946,0.0,24.57974683544304,1.1784810126582277,12.0,False,False,False,False,False,False,False,True,False,False
8,2020_7,2020,114.547,32.87475,52.467833,42.612,30.561287456187983,330.0,92.19193365256454,104.0,2229.9477711408404,163358,9,17.0,16.449367088607595,62.84430379746833,957.7670886075946,0.0,24.57974683544304,1.1784810126582277,15.0,False,True,False,False,False,False,False,False,False,False
99,2020_7,2020,112.061,33.3245,56.621333,39.5722,30.640864886212174,335.0,65.23769561139359,104.0,1656.2321666584392,120342,9,18.0,16.449367088607595,62.84430379746833,957.7670886075946,0.0,24.57974683544304,1.1784810126582277,18.0,False,False,False,False,False,False,False,True,False,False
6,2020_7,2020,120.67025,34.0965,58.4205,41.8715,30.532408550130818,334.0,79.68025867601322,104.0,1772.886656464432,130715,9,19.0,16.449367088607595,62.84430379746833,957.7670886075946,0.0,24.57974683544304,1.1784810126582277,16.0,False,False,False,False,False,True,False,False,False,False
20,2020_7,2020,117.8932,32.261,52.35375,36.013428,40.80530187095819,333.0,90.98257392506294,104.0,2317.963321321025,163162,9,20.0,16.449367088607595,62.84430379746833,957.7670886075946,0.0,24.57974683544304,1.1784810126582277,17.0,False,True,False,False,False,False,False,False,False,False
44,2020_8,2020,93.23625,29.735083,32.320111,33.875333,82.2647920328061,343.0,50.63620386643234,104.0,4009.720455876871,115494,9,1.0,29.167105263157893,43.59736842105263,995.7368421052632,0.0,45.32236842105263,1.4144736842105263,7.0,False,False,False,True,False,False,False,False,False,False
77,2020_8,2020,91.741181,30.179166,32.412277,32.585,82.62954678596155,339.0,70.62475368802258,104.0,4284.123821696757,149136,9,2.0,29.167105263157893,43.59736842105263,995.7368421052632,0.0,45.32236842105263,1.4144736842105263,5.0,False,False,False,True,False,False,False,False,False,False
55,2020_8,2020,91.38,29.523,31.726687,33.3118,73.00500612451404,343.0,50.854449592586676,104.0,3781.1589710816424,114986,9,3.0,29.167105263157893,43.59736842105263,995.7368421052632,0.0,45.32236842105263,1.4144736842105263,2.0,False,False,True,False,False,False,False,False,False,False
11,2020_8,2020,90.675545,29.1825,31.619411,33.780187,77.5279863662992,350.0,48.86297065558929,104.0,4026.986952122277,114266,9,4.0,29.167105263157893,43.59736842105263,995.7368421052632,0.0,45.32236842105263,1.4144736842105263,10.0,False,False,False,False,False,False,False,False,False,True
33,2020_8,2020,90.202636,29.492333,31.565647,34.00425,77.54012888107792,342.0,51.970176279490865,104.0,4090.346594237631,150652,9,5.0,29.167105263157893,43.59736842105263,995.7368421052632,0.0,45.32236842105263,1.4144736842105263,17.0,False,False,False,False,True,False,False,False,False,False
4,2020_8,2020,91.887272,29.477,31.819888,34.319941,82.05996698088086,345.0,46.83218831549236,104.0,4333.166640038345,116240,9,6.0,29.167105263157893,43.59736842105263,995.7368421052632,0.0,45.32236842105263,1.4144736842105263,4.0,False,False,True,False,False,False,False,False,False,False
3,2020_8,2020,93.241333,28.6316,32.231812,35.7928,73.01752143579911,347.0,34.781168450764234,104.0,3988.186611279757,133852,9,7.0,29.167105263157893,43.59736842105263,995.7368421052632,0.0,45.32236842105263,1.4144736842105263,6.0,False,False,False,False,False,False,False,False,True,False
18,2020_8,2020,90.720166,28.577384,31.537157,34.142388,86.68418810246578,346.0,44.91846407839378,104.0,4547.060765830537,116236,9,8.0,29.167105263157893,43.59736842105263,995.7368421052632,0.0,45.32236842105263,1.4144736842105263,3.0,False,False,False,False,False,False,False,False,False,True
23,2020_8,2020,92.56525,30.104153,32.168263,34.515222,86.70357352079672,363.0,40.10635351760132,104.0,4707.48500825478,149216,9,9.0,29.167105263157893,43.59736842105263,995.7368421052632,0.0,45.32236842105263,1.4144736842105263,15.0,False,False,False,False,True,False,False,False,False,False
10,2020_8,2020,91.671923,29.8875,31.50425,34.030894,91.23539436544708,346.0,49.10267880918145,104.0,4837.814986419556,114632,9,10.0,29.167105263157893,43.59736842105263,995.7368421052632,0.0,45.32236842105263,1.4144736842105263,1.0,False,False,False,False,False,False,True,False,False,False
26,2020_8,2020,91.8573,29.7478,31.302428,34.860928,63.94226979815732,345.0,56.68349576609682,104.0,3346.2127070352026,113988,9,11.0,29.167105263157893,43.59736842105263,995.7368421052632,0.0,45.32236842105263,1.4144736842105263,9.0,False,False,False,False,False,False,True,False,False,False
31,2020_8,2020,93.12075,28.842625,31.732,35.852916,54.846514352665494,354.0,46.087979975501945,104.0,2880.66544176386,125646,9,12.0,29.167105263157893,43.59736842105263,995.7368421052632,0.0,45.32236842105263,1.4144736842105263,8.0,False,False,False,False,False,False,False,False,True,False
16,2020_8,2020,95.8977,30.2521,31.988733,35.6914,68.66544176386004,343.0,69.76268839537732,104.0,3889.94301539117,148794,9,13.0,29.167105263157893,43.59736842105263,995.7368421052632,0.0,45.32236842105263,1.4144736842105263,18.0,True,False,False,False,False,False,False,False,False,False
7,2020_8,2020,92.284333,29.188888,30.699428,34.318,64.08302710763168,365.0,61.240986313042555,104.0,3350.555626564414,123146,9,14.0,29.167105263157893,43.59736842105263,995.7368421052632,0.0,45.32236842105263,1.4144736842105263,13.0,False,False,False,False,False,False,False,True,False,False
20,2020_8,2020,91.865111,28.421777,31.268071,35.459214,64.08568993981999,343.0,69.6764126324759,104.0,3511.4933162912075,145746,9,15.0,29.167105263157893,43.59736842105263,995.7368421052632,0.0,45.32236842105263,1.4144736842105263,19.0,False,True,False,False,False,False,False,False,False,False
8,2020_8,2020,90.0126,28.2856,30.471875,34.473125,36.66277893167173,344.0,83.99866858390584,104.0,2128.465835863024,148982,9,16.0,29.167105263157893,43.59736842105263,995.7368421052632,0.0,45.32236842105263,1.4144736842105263,12.0,False,True,False,False,False,False,False,False,False,False
5,2020_8,2020,90.601,29.400333,31.1116,33.6992,22.89364648239868,360.0,85.62113223624647,104.0,1409.2025350162432,143210,9,17.0,29.167105263157893,43.59736842105263,995.7368421052632,0.0,45.32236842105263,1.4144736842105263,20.0,True,False,False,False,False,False,False,False,False,False
99,2020_8,2020,91.787333,29.337166,31.042444,33.616888,41.28529584065612,364.0,69.9089311391596,104.0,2119.952974383554,122346,9,18.0,29.167105263157893,43.59736842105263,995.7368421052632,0.0,45.32236842105263,1.4144736842105263,16.0,False,False,False,False,False,False,False,True,False,False
63,2020_8,2020,90.176,28.8348,30.898142,32.476428,31.95233530382915,351.0,82.73510145390638,104.0,2161.65313947915,111680,9,19.0,29.167105263157893,43.59736842105263,995.7368421052632,0.0,45.32236842105263,1.4144736842105263,14.0,False,False,False,False,False,True,False,False,False,False
6,2020_8,2020,92.379666,29.794333,30.881,33.141,36.50987910741865,341.0,68.64413910635352,104.0,2196.4902806625128,91922,9,20.0,29.167105263157893,43.59736842105263,995.7368421052632,0.0,45.32236842105263,1.4144736842105263,11.0,False,False,False,False,False,True,False,False,False,False
44,2020_9,2020,102.21075,40.1115,29.774714,32.660888,57.39957939011567,328.0,79.84200841219769,104.0,3028.603470031546,153492,9,1.0,29.36233766233766,40.42987012987013,987.896103896104,0.0,45.14935064935064,2.7285714285714286,1.0,False,False,False,True,False,False,False,False,False,False
77,2020_9,2020,111.301,38.569272,30.708272,38.185285,45.44574132492114,318.0,80.18806519453207,104.0,2728.794637223975,152144,9,2.0,29.36233766233766,40.42987012987013,987.896103896104,0.0,45.14935064935064,2.7285714285714286,2.0,False,False,False,True,False,False,False,False,False,False
33,2020_9,2020,98.91975,36.7915,28.83025,32.3255,49.18880126182965,318.0,66.62528916929548,104.0,2795.7547844374344,151774,9,3.0,29.36233766233766,40.42987012987013,987.896103896104,0.0,45.14935064935064,2.7285714285714286,19.0,False,False,False,False,True,False,False,False,False,False
23,2020_9,2020,97.963,39.639285,29.852928,40.990888,57.2705047318612,316.0,58.833753943217665,104.0,3373.8441114616194,153528,9,4.0,29.36233766233766,40.42987012987013,987.896103896104,0.0,45.14935064935064,2.7285714285714286,3.0,False,False,False,False,True,False,False,False,False,False
16,2020_9,2020,99.648727,38.066333,29.075388,37.51975,73.63543638275499,315.0,65.90746582544689,104.0,4548.642744479495,148692,9,5.0,29.36233766233766,40.42987012987013,987.896103896104,0.0,45.14935064935064,2.7285714285714286,8.0,True,False,False,False,False,False,False,False,False,False
11,2020_9,2020,98.0081,36.153312,28.842625,36.489363,65.502523659306,322.0,51.40694006309148,104.0,3521.1117245005257,117266,9,6.0,29.36233766233766,40.42987012987013,987.896103896104,0.0,45.14935064935064,2.7285714285714286,5.0,False,False,False,False,False,False,False,False,False,True
18,2020_9,2020,107.469,38.248357,29.885071,36.447777,57.28264984227129,321.0,49.04563617245005,104.0,3383.070294426919,117296,9,7.0,29.36233766233766,40.42987012987013,987.896103896104,0.0,45.14935064935064,2.7285714285714286,13.0,False,False,False,False,False,False,False,False,False,True
3,2020_9,2020,106.123888,38.513928,29.507785,38.523333,57.309358569926395,324.0,29.637486855941116,104.0,3421.9552050473185,122098,9,8.0,29.36233766233766,40.42987012987013,987.896103896104,0.0,45.14935064935064,2.7285714285714286,4.0,False,False,False,False,False,False,False,False,True,False
55,2020_9,2020,99.380454,37.167705,28.013294,35.094909,69.52260778128286,329.0,49.05425867507886,104.0,3889.7832807570976,116456,9,9.0,29.36233766233766,40.42987012987013,987.896103896104,0.0,45.14935064935064,2.7285714285714286,18.0,False,False,True,False,False,False,False,False,False,False
31,2020_9,2020,99.478111,39.615071,27.539142,35.786666,57.22702418506835,321.0,24.52823343848581,104.0,3175.2518927444794,123132,9,10.0,29.36233766233766,40.42987012987013,987.896103896104,0.0,45.14935064935064,2.7285714285714286,14.0,False,False,False,False,False,False,False,False,True,False
4,2020_9,2020,99.810125,36.65125,27.665583,36.346125,49.10399579390115,322.0,56.17628811777077,104.0,2964.405257623554,116290,9,11.0,29.36233766233766,40.42987012987013,987.896103896104,0.0,45.14935064935064,2.7285714285714286,6.0,False,False,True,False,False,False,False,False,False,False
26,2020_9,2020,99.827,35.866727,27.778909,35.917,45.01125131440589,325.0,57.56640378548896,104.0,2547.4104100946374,114646,9,12.0,29.36233766233766,40.42987012987013,987.896103896104,0.0,45.14935064935064,2.7285714285714286,7.0,False,False,False,False,False,False,True,False,False,False
7,2020_9,2020,97.388875,35.9055,27.6985,34.87525,49.16529968454259,322.0,60.039484752891696,104.0,2680.748054679285,116290,9,13.0,29.36233766233766,40.42987012987013,987.896103896104,0.0,45.14935064935064,2.7285714285714286,9.0,False,False,False,False,False,False,False,True,False,False
5,2020_9,2020,98.73,37.336416,29.400583,38.546875,49.1760778128286,315.0,71.41267087276552,104.0,3159.165720294427,141844,9,14.0,29.36233766233766,40.42987012987013,987.896103896104,0.0,45.14935064935064,2.7285714285714286,10.0,True,False,False,False,False,False,False,False,False,False
8,2020_9,2020,98.632875,35.30625,27.176166,35.58475,49.25047318611987,319.0,76.2543112513144,104.0,3182.6640378548896,152766,9,15.0,29.36233766233766,40.42987012987013,987.896103896104,0.0,45.14935064935064,2.7285714285714286,12.0,False,True,False,False,False,False,False,False,False,False
10,2020_9,2020,102.27275,37.757,28.944333,36.42575,24.518349106203996,320.0,64.71903259726604,104.0,1447.0194006309148,109662,9,16.0,29.36233766233766,40.42987012987013,987.896103896104,0.0,45.14935064935064,2.7285714285714286,20.0,False,False,False,False,False,False,True,False,False,False
99,2020_9,2020,99.343,37.1115,28.120833,33.8005,24.59842271293375,321.0,68.91997896950578,104.0,1371.968349106204,115878,9,17.0,29.36233766233766,40.42987012987013,987.896103896104,0.0,45.14935064935064,2.7285714285714286,17.0,False,False,False,False,False,False,False,True,False,False
63,2020_9,2020,98.097,35.467555,27.662666,33.187666,36.76393270241851,319.0,86.8982124079916,104.0,2257.163301787592,105649,9,18.0,29.36233766233766,40.42987012987013,987.896103896104,0.0,45.14935064935064,2.7285714285714286,11.0,False,False,False,False,False,True,False,False,False,False
6,2020_9,2020,98.774333,36.877,28.075333,34.959833,36.729547844374345,320.0,77.5446898002103,104.0,2318.094847528917,139220,9,19.0,29.36233766233766,40.42987012987013,987.896103896104,0.0,45.14935064935064,2.7285714285714286,15.0,False,False,False,False,False,True,False,False,False,False
20,2020_9,2020,97.14175,36.372166,26.569833,34.187,24.5869610935857,313.0,88.19868559411147,104.0,1809.3156677181912,150060,9,20.0,29.36233766233766,40.42987012987013,987.896103896104,0.0,45.14935064935064,2.7285714285714286,16.0,False,True,False,False,False,False,False,False,False,False
44,2020_10,2020,102.5863,38.862846,38.804736,35.235588,78.1039767832041,340.0,49.73219063166009,104.0,4424.550129234118,149394,9,1.0,25.819101123595505,56.73370786516854,1009.5910112359552,0.0,32.92247191011236,2.0157303370786517,3.0,False,False,False,True,False,False,False,False,False,False
33,2020_10,2020,102.39775,39.384142,38.48855,35.5,81.95891715412868,327.0,40.66965945676325,104.0,5012.412959688024,176543,9,2.0,25.819101123595505,56.73370786516854,1009.5910112359552,0.0,32.92247191011236,2.0157303370786517,2.0,False,False,False,False,True,False,False,False,False,False
77,2020_10,2020,101.822777,36.695181,38.811666,37.534705,74.39663537840657,334.0,64.76012333922823,104.0,4610.272888042443,179578,9,3.0,25.819101123595505,56.73370786516854,1009.5910112359552,0.0,32.92247191011236,2.0157303370786517,1.0,False,False,False,True,False,False,False,False,False,False
11,2020_10,2020,104.068142,39.280666,40.299266,38.133166,58.92667664263366,329.0,66.60186822654514,104.0,3836.702852219653,179607,9,4.0,25.819101123595505,56.73370786516854,1009.5910112359552,0.0,32.92247191011236,2.0157303370786517,4.0,False,False,False,False,False,False,False,False,False,True
3,2020_10,2020,106.419888,39.407,38.1602,36.943214,58.519611844193534,333.0,48.94771686391874,104.0,3545.7109236838523,180050,9,5.0,25.819101123595505,56.73370786516854,1009.5910112359552,0.0,32.92247191011236,2.0157303370786517,5.0,False,False,False,False,False,False,False,False,True,False
55,2020_10,2020,104.927625,37.784666,38.800866,37.881076,58.53076678909899,330.0,51.87248900376366,104.0,3533.2249580555936,145118,9,6.0,25.819101123595505,56.73370786516854,1009.5910112359552,0.0,32.92247191011236,2.0157303370786517,19.0,False,False,True,False,False,False,False,False,False,False
31,2020_10,2020,106.65609,37.905666,38.844263,35.846388,78.07958100938647,336.0,32.08783385480434,104.0,4515.642497619371,156488,9,7.0,25.819101123595505,56.73370786516854,1009.5910112359552,0.0,32.92247191011236,2.0157303370786517,7.0,False,False,False,False,False,False,False,False,True,False
4,2020_10,2020,105.6827,38.274181,38.670722,37.18147,74.09930621684124,332.0,42.60490636194622,104.0,4340.389425474992,145691,9,8.0,25.819101123595505,56.73370786516854,1009.5910112359552,0.0,32.92247191011236,2.0157303370786517,15.0,False,False,True,False,False,False,False,False,False,False
10,2020_10,2020,109.236727,41.348384,39.7521,39.807315,81.9003310207228,332.0,57.443431732644086,104.0,5260.527275200653,182202,9,9.0,25.819101123595505,56.73370786516854,1009.5910112359552,0.0,32.92247191011236,2.0157303370786517,9.0,False,False,False,False,False,False,True,False,False,False
23,2020_10,2020,106.2798,39.803083,39.75921,39.804882,74.20214936743301,324.0,32.469777354554935,104.0,4702.510588128599,178833,9,10.0,25.819101123595505,56.73370786516854,1009.5910112359552,0.0,32.92247191011236,2.0157303370786517,10.0,False,False,False,False,True,False,False,False,False,False
16,2020_10,2020,109.07,38.2814,39.745222,37.537666,39.11105065070512,341.0,71.83516981816533,104.0,2980.2556568267355,173904,9,11.0,25.819101123595505,56.73370786516854,1009.5910112359552,0.0,32.92247191011236,2.0157303370786517,6.0,True,False,False,False,False,False,False,False,False,False
26,2020_10,2020,103.49775,39.279,39.208266,43.015866,62.50891035233302,331.0,50.84977100621231,104.0,3880.095587901873,149743,9,12.0,25.819101123595505,56.73370786516854,1009.5910112359552,0.0,32.92247191011236,2.0157303370786517,8.0,False,False,False,False,False,False,True,False,False,False
18,2020_10,2020,105.8485,36.646714,40.6119,41.2591,43.02951979322541,332.0,55.1899061352197,104.0,2845.0993969074502,146425,9,13.0,25.819101123595505,56.73370786516854,1009.5910112359552,0.0,32.92247191011236,2.0157303370786517,20.0,False,False,False,False,False,False,False,False,False,True
63,2020_10,2020,108.944571,39.341571,40.321818,37.288,42.81004851947581,335.0,79.36557384482836,104.0,2825.2245952931576,176776,9,14.0,25.819101123595505,56.73370786516854,1009.5910112359552,0.0,32.92247191011236,2.0157303370786517,18.0,False,False,False,False,False,True,False,False,False,False
5,2020_10,2020,108.119166,38.883666,40.0667,40.6275,40.51943046297555,324.0,78.57389017367251,104.0,2655.628984718632,183214,9,15.0,25.819101123595505,56.73370786516854,1009.5910112359552,0.0,32.92247191011236,2.0157303370786517,13.0,True,False,False,False,False,False,False,False,False,False
8,2020_10,2020,107.21425,40.8146,40.224,40.160285,27.407699632703032,326.0,83.24577155035595,104.0,2106.996145649118,175278,9,16.0,25.819101123595505,56.73370786516854,1009.5910112359552,0.0,32.92247191011236,2.0157303370786517,17.0,False,True,False,False,False,False,False,False,False,False
99,2020_10,2020,106.82325,37.708,38.378833,37.1095,23.474719992744753,327.0,75.35981499115766,104.0,1356.291706343808,145260,9,17.0,25.819101123595505,56.73370786516854,1009.5910112359552,0.0,32.92247191011236,2.0157303370786517,11.0,False,False,False,False,False,False,False,True,False,False
20,2020_10,2020,109.7696,39.033666,39.092875,45.232375,31.240919602775133,326.0,82.49113499297148,104.0,2138.0880605813268,172878,9,18.0,25.819101123595505,56.73370786516854,1009.5910112359552,0.0,32.92247191011236,2.0157303370786517,12.0,False,True,False,False,False,False,False,False,False,False
6,2020_10,2020,119.86,46.116666,41.9544,40.0526,19.509998639640862,334.0,90.2425066884324,104.0,1609.814673740534,143967,9,19.0,25.819101123595505,56.73370786516854,1009.5910112359552,0.0,32.92247191011236,2.0157303370786517,16.0,False,False,False,False,False,True,False,False,False,False
7,2020_10,2020,118.141,46.824666,40.1022,43.4016,19.508774316419533,325.0,73.77422572892577,104.0,1170.5861787511903,145176,9,20.0,25.819101123595505,56.73370786516854,1009.5910112359552,0.0,32.92247191011236,2.0157303370786517,14.0,False,False,False,False,False,False,False,True,False,False
77,2020_11,2020,100.627785,31.316785,43.031894,27.454368,79.61371561410306,321.0,58.05346764819837,104.0,4569.983671887972,125340,9,1.0,9.396,56.54266666666666,949.1546666666668,0.0,18.165333333333333,2.654666666666667,19.0,False,False,False,True,False,False,False,False,False,False
44,2020_11,2020,101.618153,32.022307,42.891111,27.091388,75.63447168871423,321.0,58.91769524547517,104.0,4217.679581557536,125294,9,2.0,9.396,56.54266666666666,949.1546666666668,0.0,18.165333333333333,2.654666666666667,1.0,False,False,False,True,False,False,False,False,False,False
33,2020_11,2020,99.0519,31.4039,43.194066,27.1102,62.80528034538108,315.0,53.39912547738972,104.0,3720.8906846737145,141284,9,3.0,9.396,56.54266666666666,949.1546666666668,0.0,18.165333333333333,2.654666666666667,2.0,False,False,False,False,True,False,False,False,False,False
16,2020_11,2020,100.408769,31.853384,43.218277,27.712777,75.55155808933415,315.0,61.4181103669674,104.0,4586.250678031771,137704,9,4.0,9.396,56.54266666666666,949.1546666666668,0.0,18.165333333333333,2.654666666666667,7.0,True,False,False,False,False,False,False,False,False,False
23,2020_11,2020,100.3171,30.9431,42.9772,29.653933,62.85371118614048,316.0,44.18082692201251,104.0,3847.528145237173,135222,9,5.0,9.396,56.54266666666666,949.1546666666668,0.0,18.165333333333333,2.654666666666667,17.0,False,False,False,False,True,False,False,False,False,False
3,2020_11,2020,99.47175,31.54675,41.022944,28.543111,75.50738916256158,317.0,33.198538772347376,104.0,4456.955332927437,125318,9,6.0,9.396,56.54266666666666,949.1546666666668,0.0,18.165333333333333,2.654666666666667,3.0,False,False,False,False,False,False,False,False,True,False
31,2020_11,2020,99.782857,31.1765,41.08385,28.5082,83.82155310787624,319.0,36.93817457242486,104.0,4655.751425250457,127068,9,7.0,9.396,56.54266666666666,949.1546666666668,0.0,18.165333333333333,2.654666666666667,18.0,False,False,False,False,False,False,False,False,True,False
4,2020_11,2020,99.015,31.679,41.362611,27.108888,75.48447445619084,320.0,56.52460286710577,104.0,4335.284219848342,126712,9,8.0,9.396,56.54266666666666,949.1546666666668,0.0,18.165333333333333,2.654666666666667,16.0,False,False,True,False,False,False,False,False,False,False
11,2020_11,2020,97.907833,30.941166,41.269823,27.438647,71.3462666740466,325.0,53.92245530525267,104.0,3973.3283334255825,120780,9,9.0,9.396,56.54266666666666,949.1546666666668,0.0,18.165333333333333,2.654666666666667,4.0,False,False,False,False,False,False,False,False,False,True
55,2020_11,2020,99.841714,31.729285,41.45825,28.18695,83.839431006808,319.0,51.26733824099186,104.0,4812.488404272984,121456,9,10.0,9.396,56.54266666666666,949.1546666666668,0.0,18.165333333333333,2.654666666666667,5.0,False,False,True,False,False,False,False,False,False,False
5,2020_11,2020,101.686333,32.557916,42.876812,27.962687,67.19084518735816,316.0,63.9064039408867,104.0,3914.10461061604,132670,9,11.0,9.396,56.54266666666666,949.1546666666668,0.0,18.165333333333333,2.654666666666667,11.0,True,False,False,False,False,False,False,False,False,False
10,2020_11,2020,102.589666,33.100583,42.968687,28.30925,67.09924171140754,316.0,61.54790502020258,104.0,4087.6457076437705,126926,9,12.0,9.396,56.54266666666666,949.1546666666668,0.0,18.165333333333333,2.654666666666667,6.0,False,False,False,False,False,False,True,False,False,False
26,2020_11,2020,100.770333,31.824416,41.940062,28.6095,67.17529196878286,317.0,63.53733325953396,104.0,3979.444179996679,127558,9,13.0,9.396,56.54266666666666,949.1546666666668,0.0,18.165333333333333,2.654666666666667,15.0,False,False,False,False,False,False,True,False,False,False
99,2020_11,2020,99.7402,31.3876,41.516142,27.913571,58.80721757901146,318.0,65.81956052471357,104.0,3370.24126861128,125184,9,14.0,9.396,56.54266666666666,949.1546666666668,0.0,18.165333333333333,2.654666666666667,10.0,False,False,False,False,False,False,False,True,False,False
20,2020_11,2020,99.511083,31.406166,40.580937,27.150687,67.23994022250513,315.0,71.61449050755522,104.0,4474.2889799081195,143288,9,15.0,9.396,56.54266666666666,949.1546666666668,0.0,18.165333333333333,2.654666666666667,13.0,False,True,False,False,False,False,False,False,False,False
8,2020_11,2020,100.406375,31.98575,40.2867,27.9587,41.989538938395974,313.0,82.63375214479437,104.0,2516.192062877069,142462,9,16.0,9.396,56.54266666666666,949.1546666666668,0.0,18.165333333333333,2.654666666666667,9.0,False,True,False,False,False,False,False,False,False,False
63,2020_11,2020,98.0425,31.415666,41.851111,27.503777,37.6691758454641,318.0,80.34726296562793,104.0,2533.9696684563014,114094,9,17.0,9.396,56.54266666666666,949.1546666666668,0.0,18.165333333333333,2.654666666666667,20.0,False,False,False,False,False,True,False,False,False,False
6,2020_11,2020,100.361166,32.151666,41.249333,28.059333,37.727846349698346,316.0,72.72768030110146,104.0,2436.4912824486632,102960,9,18.0,9.396,56.54266666666666,949.1546666666668,0.0,18.165333333333333,2.654666666666667,14.0,False,False,False,False,False,True,False,False,False,False
7,2020_11,2020,102.276166,33.047666,41.25725,28.115875,33.55117064260807,314.0,74.24508772900869,104.0,1899.7673105662257,123976,9,19.0,9.396,56.54266666666666,949.1546666666668,0.0,18.165333333333333,2.654666666666667,12.0,False,False,False,False,False,False,False,True,False,False
27,2020_11,2020,101.1005,31.9865,42.3594,27.1177,41.92466928654453,322.0,79.30447777716279,104.0,2910.907178834339,138900,9,20.0,9.396,56.54266666666666,949.1546666666668,0.0,18.165333333333333,2.654666666666667,8.0,False,False,False,False,False,False,False,False,False,True
44,2020_12,2020,85.6612,24.905375,33.603142,28.56285,55.52772265670596,331.0,60.19598459203922,104.0,3140.0568071281273,163008,9,1.0,21.303703703703697,48.75833333333335,1013.6740740740744,0.0,35.37870370370371,1.4259259259259265,1.0,False,False,False,True,False,False,False,False,False,False
77,2020_12,2020,86.079181,25.0535,33.934823,27.925562,44.90288315629742,329.0,85.37025796661608,104.0,2627.1646239445936,207138,9,2.0,21.303703703703697,48.75833333333335,1013.6740740740744,0.0,35.37870370370371,1.4259259259259265,2.0,False,False,False,True,False,False,False,False,False,False
33,2020_12,2020,86.77647,25.364833,33.902478,28.211863,60.68604334461694,321.0,45.33523987393487,104.0,3629.008637796195,168342,9,3.0,21.303703703703697,48.75833333333335,1013.6740740740744,0.0,35.37870370370371,1.4259259259259265,3.0,False,False,False,False,True,False,False,False,False,False
16,2020_12,2020,90.51,26.329444,35.428043,29.316545,60.82144663631765,320.0,75.59332321699544,104.0,3875.749037002451,208086,9,4.0,21.303703703703697,48.75833333333335,1013.6740740740744,0.0,35.37870370370371,1.4259259259259265,4.0,True,False,False,False,False,False,False,False,False,False
11,2020_12,2020,87.285,25.0775,32.876523,29.9484,55.39477063149294,330.0,71.10482082409244,104.0,3411.6195089685225,186270,9,5.0,21.303703703703697,48.75833333333335,1013.6740740740744,0.0,35.37870370370371,1.4259259259259265,7.0,False,False,False,False,False,False,False,False,False,True
23,2020_12,2020,89.038863,25.564434,34.014896,29.403857,76.56102875374499,323.0,36.82405353877281,104.0,4469.249640091825,160912,9,6.0,21.303703703703697,48.75833333333335,1013.6740740740744,0.0,35.37870370370371,1.4259259259259265,12.0,False,False,False,False,True,False,False,False,False,False
55,2020_12,2020,86.97621,23.922947,32.408958,30.340708,63.5123536049181,331.0,65.12326368623789,104.0,3863.8517178319903,175802,9,7.0,21.303703703703697,48.75833333333335,1013.6740740740744,0.0,35.37870370370371,1.4259259259259265,6.0,False,False,True,False,False,False,False,False,False,False
4,2020_12,2020,85.389263,23.926052,33.015666,28.465291,63.548811330298435,329.0,68.63386638652193,104.0,3923.567526555387,181548,9,8.0,21.303703703703697,48.75833333333335,1013.6740740740744,0.0,35.37870370370371,1.4259259259259265,13.0,False,False,True,False,False,False,False,False,False,False
10,2020_12,2020,87.27195,25.384476,33.81273,29.10492,68.6359674720828,326.0,74.59596902844247,104.0,4045.6623088595775,203094,9,9.0,21.303703703703697,48.75833333333335,1013.6740740740744,0.0,35.37870370370371,1.4259259259259265,5.0,False,False,False,False,False,False,True,False,False,False
3,2020_12,2020,90.493153,25.689461,34.482352,29.820647,44.990739659935414,328.0,49.87864285436364,104.0,2726.647289988716,172628,9,10.0,21.303703703703697,48.75833333333335,1013.6740740740744,0.0,35.37870370370371,1.4259259259259265,9.0,False,False,False,False,False,False,False,False,True,False
31,2020_12,2020,87.305,24.840928,33.624,29.800611,47.74475701334578,328.0,63.77821874635228,104.0,2738.1977354966734,204602,69,11.0,21.303703703703697,48.75833333333335,1013.6740740740744,0.0,35.37870370370371,1.4259259259259265,8.0,False,False,False,False,False,False,False,False,True,False
18,2020_12,2020,88.081444,24.559222,33.42909,29.89359,58.198202404575696,329.0,55.1081669973931,104.0,3396.1501887086106,155152,9,12.0,21.303703703703697,48.75833333333335,1013.6740740740744,0.0,35.37870370370371,1.4259259259259265,20.0,False,False,False,False,False,False,False,False,False,True
26,2020_12,2020,86.475444,24.797277,33.057636,29.607681,58.15120034239913,327.0,44.91097622660597,104.0,3280.9573168359207,128134,9,13.0,21.303703703703697,48.75833333333335,1013.6740740740744,0.0,35.37870370370371,1.4259259259259265,19.0,False,False,False,False,False,False,True,False,False,False
63,2020_12,2020,91.265307,25.654615,35.404176,30.336235,45.02731411229135,334.0,58.247850278199294,104.0,2806.888875919225,157266,9,14.0,21.303703703703697,48.75833333333335,1013.6740740740744,0.0,35.37870370370371,1.4259259259259265,14.0,False,False,False,False,False,True,False,False,False,False
5,2020_12,2020,89.28725,25.570125,34.05885,30.1528,53.04244971012801,328.0,76.23532158281779,104.0,3307.424769464223,200758,21,15.0,21.303703703703697,48.75833333333335,1013.6740740740744,0.0,35.37870370370371,1.4259259259259265,10.0,True,False,False,False,False,False,False,False,False,False
7,2020_12,2020,85.8502,24.4292,33.207333,29.85825,31.753939535426635,327.0,54.25551534959729,104.0,1723.6342554764406,126532,9,16.0,21.303703703703697,48.75833333333335,1013.6740740740744,0.0,35.37870370370371,1.4259259259259265,11.0,False,False,False,False,False,False,False,True,False,False
99,2020_12,2020,87.8799,24.5622,33.538833,31.202166,31.776506750710087,332.0,53.725691607330454,104.0,1754.8839733862496,126690,9,17.0,21.303703703703697,48.75833333333335,1013.6740740740744,0.0,35.37870370370371,1.4259259259259265,15.0,False,False,False,False,False,False,False,True,False,False
8,2020_12,2020,87.6373,24.7709,33.1785,31.462583,31.83825532080464,326.0,87.27224621610054,104.0,2710.553674954282,207304,26,18.0,21.303703703703697,48.75833333333335,1013.6740740740744,0.0,35.37870370370371,1.4259259259259265,17.0,False,True,False,False,False,False,False,False,False,False
20,2020_12,2020,90.231125,25.756625,35.6253,31.2618,26.51896813353566,329.0,63.777518384498656,104.0,1732.902416248395,152454,9,19.0,21.303703703703697,48.75833333333335,1013.6740740740744,0.0,35.37870370370371,1.4259259259259265,16.0,False,True,False,False,False,False,False,False,False,False
6,2020_12,2020,90.028444,25.982222,34.791545,29.340909,29.09692229874324,325.0,74.14337963503365,104.0,2078.7904750787907,168101,9,20.0,21.303703703703697,48.75833333333335,1013.6740740740744,0.0,35.37870370370371,1.4259259259259265,18.0,False,False,False,False,False,True,False,False,False,False
77,2020_13,2020,86.360733,27.029812,29.157727,32.536238,83.41862544039543,331.0,75.98401430299207,104.0,4847.022295840564,154102,9,1.0,19.251948051948055,65.52077922077922,1018.1675324675326,0.0,25.198701298701295,1.4025974025974026,2.0,False,False,False,True,False,False,False,False,False,False
44,2020_13,2020,84.545733,26.685812,29.486409,30.625142,83.3486880159857,329.0,53.04685281590156,104.0,4438.790555818478,118548,9,2.0,19.251948051948055,65.52077922077922,1018.1675324675326,0.0,25.198701298701295,1.4025974025974026,1.0,False,False,False,True,False,False,False,False,False,False
33,2020_13,2020,87.8091,28.693636,30.054687,31.387533,60.71115317873482,324.0,58.18741126360624,104.0,3630.771204711574,153298,9,3.0,19.251948051948055,65.52077922077922,1018.1675324675326,0.0,25.198701298701295,1.4025974025974026,17.0,False,False,False,False,True,False,False,False,False,False
10,2020_13,2020,88.154538,28.079785,31.283526,30.300777,71.86874901404006,327.0,58.064363464268816,104.0,4150.1890939685545,123414,9,4.0,19.251948051948055,65.52077922077922,1018.1675324675326,0.0,25.198701298701295,1.4025974025974026,20.0,False,False,False,False,False,False,True,False,False,False
3,2020_13,2020,85.060818,26.758083,29.397555,30.647647,68.21733186096651,328.0,58.93910711468686,104.0,3759.2009254877216,153658,9,5.0,19.251948051948055,65.52077922077922,1018.1675324675326,0.0,25.198701298701295,1.4025974025974026,3.0,False,False,False,False,False,False,False,False,True,False
23,2020_13,2020,89.120071,28.2734,31.245904,31.63455,79.63075143292843,322.0,48.494294578535,104.0,4616.755797444392,154300,9,6.0,19.251948051948055,65.52077922077922,1018.1675324675326,0.0,25.198701298701295,1.4025974025974026,15.0,False,False,False,False,True,False,False,False,False,False
16,2020_13,2020,88.446071,28.5936,31.16725,30.937736,75.97528527107325,327.0,70.26539412104958,104.0,4664.172214334542,152196,9,7.0,19.251948051948055,65.52077922077922,1018.1675324675326,0.0,25.198701298701295,1.4025974025974026,5.0,True,False,False,False,False,False,False,False,False,False
26,2020_13,2020,86.0606,27.243687,29.938571,30.6209,79.51280433296525,328.0,58.40027343955408,104.0,4387.851974549088,123146,9,8.0,19.251948051948055,65.52077922077922,1018.1675324675326,0.0,25.198701298701295,1.4025974025974026,4.0,False,False,False,False,False,False,True,False,False,False
4,2020_13,2020,86.839181,27.340833,30.21,31.380937,64.421254666877,325.0,54.81779460482726,104.0,3655.9244886154497,118134,9,9.0,19.251948051948055,65.52077922077922,1018.1675324675326,0.0,25.198701298701295,1.4025974025974026,8.0,False,False,True,False,False,False,False,False,False,False
55,2020_13,2020,87.369916,27.317923,30.755631,31.196111,72.04485460377558,328.0,74.34842509333754,104.0,4155.5152758058575,153198,9,10.0,19.251948051948055,65.52077922077922,1018.1675324675326,0.0,25.198701298701295,1.4025974025974026,7.0,False,False,True,False,False,False,False,False,False,False
11,2020_13,2020,89.04525,26.878833,30.556062,32.65275,60.78987221959299,328.0,60.097859809644,104.0,3486.9357417047904,122348,9,11.0,19.251948051948055,65.52077922077922,1018.1675324675326,0.0,25.198701298701295,1.4025974025974026,6.0,False,False,False,False,False,False,False,False,False,True
31,2020_13,2020,87.7089,27.4367,29.486714,31.462928,53.114318767418624,332.0,44.43739811747384,104.0,2805.511700057843,123578,9,12.0,19.251948051948055,65.52077922077922,1018.1675324675326,0.0,25.198701298701295,1.4025974025974026,19.0,False,False,False,False,False,False,False,False,True,False
63,2020_13,2020,90.095785,28.244142,30.939222,31.632833,68.33533154545933,326.0,81.1328811063785,104.0,3749.823000473261,153624,9,13.0,19.251948051948055,65.52077922077922,1018.1675324675326,0.0,25.198701298701295,1.4025974025974026,16.0,False,False,False,False,False,True,False,False,False,False
5,2020_13,2020,88.816937,28.359125,30.6422,30.15565,76.01283062523005,326.0,75.73066203922806,104.0,4454.467686806542,149164,9,14.0,19.251948051948055,65.52077922077922,1018.1675324675326,0.0,25.198701298701295,1.4025974025974026,12.0,True,False,False,False,False,False,False,False,False,False
18,2020_13,2020,87.039833,27.097583,29.936125,31.370062,60.83840774044276,324.0,62.08523952253247,104.0,3306.361781563864,123096,9,15.0,19.251948051948055,65.52077922077922,1018.1675324675326,0.0,25.198701298701295,1.4025974025974026,13.0,False,False,False,False,False,False,False,False,False,True
8,2020_13,2020,89.870125,27.074125,31.2674,32.3554,38.04296156070884,323.0,87.44092128095915,104.0,2291.775306304885,151864,9,16.0,19.251948051948055,65.52077922077922,1018.1675324675326,0.0,25.198701298701295,1.4025974025974026,14.0,False,True,False,False,False,False,False,False,False,False
20,2020_13,2020,87.797555,28.364555,29.921272,29.853636,41.77793553136667,322.0,85.61171583320187,104.0,2352.9564074249356,147680,9,17.0,19.251948051948055,65.52077922077922,1018.1675324675326,0.0,25.198701298701295,1.4025974025974026,18.0,False,True,False,False,False,False,False,False,False,False
7,2020_13,2020,89.749875,28.7265,30.9131,31.4383,38.00378608613346,327.0,70.87437555871063,104.0,2025.5089656623024,121986,9,18.0,19.251948051948055,65.52077922077922,1018.1675324675326,0.0,25.198701298701295,1.4025974025974026,9.0,False,False,False,False,False,False,False,True,False,False
6,2020_13,2020,89.2849,28.1697,31.281916,31.776666,45.4718409843824,330.0,80.91875690171952,104.0,2897.4436030919705,148302,9,19.0,19.251948051948055,65.52077922077922,1018.1675324675326,0.0,25.198701298701295,1.4025974025974026,11.0,False,False,False,False,False,True,False,False,False,False
99,2020_13,2020,88.585333,27.301333,29.77025,31.844375,30.451333017826155,328.0,73.64479150234001,104.0,1641.76173949624,121590,9,20.0,19.251948051948055,65.52077922077922,1018.1675324675326,0.0,25.198701298701295,1.4025974025974026,10.0,False,False,False,False,False,False,False,True,False,False
18,2020_14,2020,121.196062,47.467882,43.846909,34.396809,53.65850340136054,301.0,60.13994621104256,104.0,3658.017054263566,251982,9,1.0,12.1375,89.85468750000001,1007.915625,0.1953125,13.50234375,0.71484375,9.0,False,False,False,False,False,False,False,False,False,True
33,2020_14,2020,119.357684,45.78,42.73304,32.452875,63.59569688340452,295.0,54.63369719981016,104.0,4282.564056320202,284481,9,2.0,12.1375,89.85468750000001,1007.915625,0.1953125,13.50234375,0.71484375,6.0,False,False,False,False,True,False,False,False,False,False
11,2020_14,2020,121.78175,44.350875,44.711428,33.81875,53.93776301218162,299.0,60.44793545325107,104.0,3468.014111691188,252297,9,3.0,12.1375,89.85468750000001,1007.915625,0.1953125,13.50234375,0.71484375,2.0,False,False,False,False,False,False,False,False,False,True
23,2020_14,2020,118.725411,47.226904,43.5075,32.51526,63.672741654801456,300.0,45.837462426831195,104.0,4285.629773769973,282662,9,4.0,12.1375,89.85468750000001,1007.915625,0.1953125,13.50234375,0.71484375,7.0,False,False,False,False,True,False,False,False,False,False
3,2020_14,2020,120.368944,45.21535,44.429041,33.181625,63.692358803986714,300.0,45.9499762695776,104.0,3990.7967726625534,255609,9,5.0,12.1375,89.85468750000001,1007.915625,0.1953125,13.50234375,0.71484375,10.0,False,False,False,False,False,False,False,False,True,False
44,2020_14,2020,121.974562,46.996555,44.525217,34.300045,58.80866951431735,299.0,61.61183357063756,104.0,3535.1331751305174,252000,9,6.0,12.1375,89.85468750000001,1007.915625,0.1953125,13.50234375,0.71484375,1.0,False,False,False,True,False,False,False,False,False,False
31,2020_14,2020,122.856555,46.775761,44.92592,33.940791,63.590666033855406,296.0,33.9828191741813,104.0,4049.0270210409744,257571,9,7.0,12.1375,89.85468750000001,1007.915625,0.1953125,13.50234375,0.71484375,11.0,False,False,False,False,False,False,False,False,True,False
7,2020_14,2020,120.540157,46.201952,44.14724,32.56296,65.98883088118968,301.0,57.29818066761588,104.0,4176.0453092865055,252351,9,8.0,12.1375,89.85468750000001,1007.915625,0.1953125,13.50234375,0.71484375,15.0,False,False,False,False,False,False,False,True,False,False
77,2020_14,2020,124.042866,47.296823,45.122545,35.773863,56.61265622528081,300.0,64.08628381585193,104.0,3670.1128618889416,259110,9,9.0,12.1375,89.85468750000001,1007.915625,0.1953125,13.50234375,0.71484375,14.0,False,False,False,True,False,False,False,False,False,False
99,2020_14,2020,123.768222,47.4636,46.01236,32.596166,63.61534567315298,297.0,54.903053314348995,104.0,4132.429552286031,252261,9,10.0,12.1375,89.85468750000001,1007.915625,0.1953125,13.50234375,0.71484375,20.0,False,False,False,False,False,False,False,True,False,False
4,2020_14,2020,126.156076,48.847714,46.384111,34.05275,46.54880556873913,295.0,66.75250751463376,104.0,3450.68913146654,252603,8,11.0,12.1375,89.85468750000001,1007.915625,0.1953125,13.50234375,0.71484375,8.0,False,False,True,False,False,False,False,False,False,False
5,2020_14,2020,124.017,48.590857,45.57847,34.3885,44.139123556399305,294.0,71.61964878974845,104.0,3374.3242841322576,274455,9,12.0,12.1375,89.85468750000001,1007.915625,0.1953125,13.50234375,0.71484375,3.0,True,False,False,False,False,False,False,False,False,False
55,2020_14,2020,127.011636,52.141846,46.829437,34.883562,44.4437588989084,297.0,60.628539788008226,104.0,3246.47698149027,252418,8,13.0,12.1375,89.85468750000001,1007.915625,0.1953125,13.50234375,0.71484375,5.0,False,False,True,False,False,False,False,False,False,False
16,2020_14,2020,125.778166,50.166071,46.716235,34.581187,46.690586932447395,297.0,68.19623477297895,104.0,3709.5293149818062,282036,9,14.0,12.1375,89.85468750000001,1007.915625,0.1953125,13.50234375,0.71484375,4.0,True,False,False,False,False,False,False,False,False,False
10,2020_14,2020,127.191,51.250692,45.927625,35.7138,41.74864736592311,298.0,67.47011548805568,104.0,3031.611517165006,252303,8,15.0,12.1375,89.85468750000001,1007.915625,0.1953125,13.50234375,0.71484375,13.0,False,False,False,False,False,False,True,False,False,False
20,2020_14,2020,136.949,51.9492,49.516125,35.803375,24.586837525707956,289.0,78.01275114697042,104.0,2259.1341243474135,280093,9,16.0,12.1375,89.85468750000001,1007.915625,0.1953125,13.50234375,0.71484375,17.0,False,True,False,False,False,False,False,False,False,False
26,2020_14,2020,138.004666,56.1102,49.508285,36.581666,19.52042398354691,294.0,88.56652428413226,104.0,1459.0236038601488,283176,9,17.0,12.1375,89.85468750000001,1007.915625,0.1953125,13.50234375,0.71484375,12.0,False,False,False,False,False,False,True,False,False,False
63,2020_14,2020,134.6108,49.5964,50.061375,35.612625,22.060876443600694,289.0,85.53175130517323,104.0,1844.9626008542953,284445,8,18.0,12.1375,89.85468750000001,1007.915625,0.1953125,13.50234375,0.71484375,16.0,False,False,False,False,False,True,False,False,False,False
8,2020_14,2020,135.4035,54.80675,50.1046,35.5036,14.907989242208512,289.0,87.2716975162158,104.0,1648.10681854137,282278,22,19.0,12.1375,89.85468750000001,1007.915625,0.1953125,13.50234375,0.71484375,18.0,False,True,False,False,False,False,False,False,False,False
6,2020_14,2020,141.611,55.3605,54.6485,38.6325,20.83983546907135,284.0,78.88973263724094,104.0,2130.1409903496283,284514,9,20.0,12.1375,89.85468750000001,1007.915625,0.1953125,13.50234375,0.71484375,19.0,False,False,False,False,False,True,False,False,False,False
44,2020_15,2020,101.235777,31.490444,50.1418,28.491,60.01856377479086,322.0,51.67407651095028,104.0,3337.119795093524,133974,9,1.0,26.25232558139536,56.71860465116279,1016.1011627906976,0.0,27.89883720930232,0.6651162790697674,1.0,False,False,False,True,False,False,False,False,False,False
77,2020_15,2020,101.246888,31.136,50.4108,32.1898,60.06020302660024,323.0,49.33099915405583,104.0,3630.876022182536,133610,9,2.0,26.25232558139536,56.71860465116279,1016.1011627906976,0.0,27.89883720930232,0.6651162790697674,8.0,False,False,False,True,False,False,False,False,False,False
33,2020_15,2020,99.24225,39.0666,47.8354,28.751928,56.213459911645835,320.0,43.83574584077451,104.0,3433.809145596391,148157,9,3.0,26.25232558139536,56.71860465116279,1016.1011627906976,0.0,27.89883720930232,0.6651162790697674,2.0,False,False,False,False,True,False,False,False,False,False
23,2020_15,2020,103.0332,32.112454,47.883777,31.424312,67.55423442052825,327.0,28.512501174922456,104.0,4166.904361312153,138559,9,4.0,26.25232558139536,56.71860465116279,1016.1011627906976,0.0,27.89883720930232,0.6651162790697674,3.0,False,False,False,False,True,False,False,False,False,False
11,2020_15,2020,101.41909,31.324615,48.975789,29.112777,74.81440924898956,327.0,42.49389040323339,104.0,4384.337578719805,134414,9,5.0,26.25232558139536,56.71860465116279,1016.1011627906976,0.0,27.89883720930232,0.6651162790697674,18.0,False,False,False,False,False,False,False,False,False,True
3,2020_15,2020,100.747444,31.804272,49.098823,30.089466,63.69372121439985,330.0,41.20702133659179,104.0,3993.290534824702,175281,9,6.0,26.25232558139536,56.71860465116279,1016.1011627906976,0.0,27.89883720930232,0.6651162790697674,7.0,False,False,False,False,False,False,False,False,True,False
31,2020_15,2020,100.613428,32.8305,49.46,33.414916,52.37588119184134,328.0,34.55470438951029,104.0,3228.2028386126517,159497,9,7.0,26.25232558139536,56.71860465116279,1016.1011627906976,0.0,27.89883720930232,0.6651162790697674,9.0,False,False,False,False,False,False,False,False,True,False
10,2020_15,2020,100.715285,32.031555,48.89023,28.98725,52.27779866528809,325.0,53.87907698091926,104.0,3339.151330012219,135460,9,8.0,26.25232558139536,56.71860465116279,1016.1011627906976,0.0,27.89883720930232,0.6651162790697674,6.0,False,False,False,False,False,False,True,False,False,False
4,2020_15,2020,100.962888,31.0959,47.792437,29.427,67.47565560672996,326.0,42.51320612839552,104.0,4109.729297866341,134679,9,9.0,26.25232558139536,56.71860465116279,1016.1011627906976,0.0,27.89883720930232,0.6651162790697674,4.0,False,False,True,False,False,False,False,False,False,False
26,2020_15,2020,99.278333,31.402454,48.283764,28.5748,63.64959112698562,325.0,65.70772629006485,104.0,3903.085581351631,162644,9,10.0,26.25232558139536,56.71860465116279,1016.1011627906976,0.0,27.89883720930232,0.6651162790697674,11.0,False,False,False,False,False,False,True,False,False,False
5,2020_15,2020,104.485333,32.213714,48.3877,33.5348,41.39618385186578,322.0,77.51832879029985,104.0,2836.804492903468,168229,9,11.0,26.25232558139536,56.71860465116279,1016.1011627906976,0.0,27.89883720930232,0.6651162790697674,13.0,True,False,False,False,False,False,False,False,False,False
16,2020_15,2020,103.512333,31.858857,47.3305,33.912,41.33494689350503,325.0,77.09521571576276,104.0,2999.7815114202463,172468,9,12.0,26.25232558139536,56.71860465116279,1016.1011627906976,0.0,27.89883720930232,0.6651162790697674,10.0,True,False,False,False,False,False,False,False,False,False
18,2020_15,2020,101.261,30.598666,48.6406,32.3805,41.29824231600714,326.0,54.24433687376633,104.0,2545.20575242034,133815,9,13.0,26.25232558139536,56.71860465116279,1016.1011627906976,0.0,27.89883720930232,0.6651162790697674,19.0,False,False,False,False,False,False,False,False,False,True
63,2020_15,2020,102.681857,32.006857,49.908909,29.801363,41.33372497415171,328.0,76.13708995206316,104.0,2595.8807218723564,165910,9,14.0,26.25232558139536,56.71860465116279,1016.1011627906976,0.0,27.89883720930232,0.6651162790697674,12.0,False,False,False,False,False,True,False,False,False,False
55,2020_15,2020,103.1365,32.074,51.47275,37.7755,15.447833442992762,326.0,66.02363943979698,104.0,1144.0508976407557,139252,9,15.0,26.25232558139536,56.71860465116279,1016.1011627906976,0.0,27.89883720930232,0.6651162790697674,5.0,False,False,True,False,False,False,False,False,False,False
99,2020_15,2020,100.7095,31.069,48.6535,29.295166,22.570495347307077,325.0,68.5438951029232,104.0,1337.285788137983,130720,9,16.0,26.25232558139536,56.71860465116279,1016.1011627906976,0.0,27.89883720930232,0.6651162790697674,16.0,False,False,False,False,False,False,False,True,False,False
7,2020_15,2020,100.20775,31.501,47.629833,29.0395,22.594792743678916,327.0,69.4282827333396,104.0,1329.3738603252186,131070,9,17.0,26.25232558139536,56.71860465116279,1016.1011627906976,0.0,27.89883720930232,0.6651162790697674,15.0,False,False,False,False,False,False,False,True,False,False
20,2020_15,2020,103.24525,33.50125,50.665333,30.153666,22.594275777798664,323.0,85.90125951687189,104.0,2219.4463765391483,159933,9,18.0,26.25232558139536,56.71860465116279,1016.1011627906976,0.0,27.89883720930232,0.6651162790697674,17.0,False,True,False,False,False,False,False,False,False,False
8,2020_15,2020,103.38125,33.35775,49.992166,31.717166,22.59789453896043,322.0,86.61636431995488,104.0,1781.6134975091643,178829,9,19.0,26.25232558139536,56.71860465116279,1016.1011627906976,0.0,27.89883720930232,0.6651162790697674,20.0,False,True,False,False,False,False,False,False,False,False
6,2020_15,2020,104.141,33.26175,54.1995,28.654333,22.53538866434815,325.0,89.65457279819532,104.0,1554.5524015414985,131533,9,20.0,26.25232558139536,56.71860465116279,1016.1011627906976,0.0,27.89883720930232,0.6651162790697674,14.0,False,False,False,False,False,True,False,False,False,False
77,2020_16,2020,64.971882,21.586764,23.88275,20.256041,66.8055540692386,333.0,54.24634811921451,104.0,3712.3325485579753,117750,9,1.0,24.01428571428571,77.4012987012987,1012.0207792207796,0.0,26.928571428571427,0.6272727272727272,8.0,False,False,False,True,False,False,False,False,False,False
63,2020_16,2020,64.200222,21.930777,23.59376,20.50712,69.98817486221841,330.0,51.86366311734175,104.0,3809.3873401466103,118568,9,2.0,24.01428571428571,77.4012987012987,1012.0207792207796,0.0,26.928571428571427,0.6272727272727272,9.0,False,False,False,True,False,False,False,False,False,False
33,2020_16,2020,66.074833,22.308333,25.552,20.423176,47.27240622826262,328.0,55.9145486649901,104.0,2856.762427096153,144798,9,3.0,24.01428571428571,77.4012987012987,1012.0207792207796,0.0,26.928571428571427,0.6272727272727272,19.0,False,False,False,False,True,False,False,False,False,False
16,2020_16,2020,65.254733,22.0594,23.820619,20.819714,58.54406335277436,328.0,75.78532826796511,104.0,3701.6930814917864,152444,9,4.0,24.01428571428571,77.4012987012987,1012.0207792207796,0.0,26.928571428571427,0.6272727272727272,20.0,True,False,False,False,False,False,False,False,False,False
11,2020_16,2020,66.033454,22.43875,25.990941,21.077187,47.18256728556905,347.0,58.64786772968056,104.0,2727.6875702284765,119928,9,5.0,24.01428571428571,77.4012987012987,1012.0207792207796,0.0,26.928571428571427,0.6272727272727272,1.0,False,False,False,False,False,False,False,False,False,True
26,2020_16,2020,64.063,21.57385,24.553038,20.25156,72.05655733319065,332.0,49.22382149927765,104.0,4344.5755792177215,120598,9,6.0,24.01428571428571,77.4012987012987,1012.0207792207796,0.0,26.928571428571427,0.6272727272727272,7.0,False,False,False,False,False,False,True,False,False,False
3,2020_16,2020,62.880777,21.7141,23.611133,20.196928,41.65455615602761,333.0,31.730108620043875,104.0,2545.981753972925,124144,9,7.0,24.01428571428571,77.4012987012987,1012.0207792207796,0.0,26.928571428571427,0.6272727272727272,5.0,False,False,False,False,False,False,False,False,True,False
55,2020_16,2020,62.323916,20.885846,23.15535,20.359578,55.63898549949168,335.0,59.00155171491251,104.0,3107.125367863449,122288,9,8.0,24.01428571428571,77.4012987012987,1012.0207792207796,0.0,26.928571428571427,0.6272727272727272,4.0,False,False,True,False,False,False,False,False,False,False
10,2020_16,2020,68.843285,23.309727,26.292928,20.897407,78.17191931082455,330.0,48.05377494783028,104.0,4772.482262293328,120272,9,9.0,24.01428571428571,77.4012987012987,1012.0207792207796,0.0,26.928571428571427,0.6272727272727272,11.0,False,False,False,False,False,False,True,False,False,False
18,2020_16,2020,64.394583,22.505307,24.671473,20.483722,52.76028679972176,331.0,54.58237465889026,104.0,3135.160789769383,120326,9,10.0,24.01428571428571,77.4012987012987,1012.0207792207796,0.0,26.928571428571427,0.6272727272727272,3.0,False,False,False,False,False,False,False,False,False,True
31,2020_16,2020,67.871555,22.812,26.085,21.260769,36.19375033442132,331.0,41.60276098239606,104.0,2160.797099898336,142826,9,11.0,24.01428571428571,77.4012987012987,1012.0207792207796,0.0,26.928571428571427,0.6272727272727272,2.0,False,False,False,False,False,False,False,False,True,False
23,2020_16,2020,70.091666,23.598888,26.2075,22.394916,33.474450211354274,325.0,63.542725667504946,104.0,2044.3756220236503,146992,9,12.0,24.01428571428571,77.4012987012987,1012.0207792207796,0.0,26.928571428571427,0.6272727272727272,6.0,False,False,False,False,True,False,False,False,False,False
5,2020_16,2020,64.977833,21.73025,24.630058,20.841705,47.45508052865322,328.0,72.41462892610626,104.0,3099.70849162609,140968,9,13.0,24.01428571428571,77.4012987012987,1012.0207792207796,0.0,26.928571428571427,0.6272727272727272,12.0,True,False,False,False,False,False,False,False,False,False
99,2020_16,2020,64.7812,21.7718,24.218428,20.703,39.040130558082296,333.0,63.075873508480925,104.0,2241.5731713842365,117826,9,14.0,24.01428571428571,77.4012987012987,1012.0207792207796,0.0,26.928571428571427,0.6272727272727272,13.0,False,False,False,False,False,False,False,True,False,False
4,2020_16,2020,65.210272,21.126636,25.842466,21.187066,41.66493659371823,331.0,62.65899727112205,104.0,2357.136229867837,121416,9,15.0,24.01428571428571,77.4012987012987,1012.0207792207796,0.0,26.928571428571427,0.6272727272727272,10.0,False,False,True,False,False,False,False,False,False,False
20,2020_16,2020,62.088333,20.344,23.203111,20.378444,25.038632350580556,336.0,89.7991866873562,104.0,1677.2685536946867,150672,9,16.0,24.01428571428571,77.4012987012987,1012.0207792207796,0.0,26.928571428571427,0.6272727272727272,15.0,False,True,False,False,False,False,False,False,False,False
6,2020_16,2020,66.00175,21.200875,24.084454,21.024363,30.55513938680507,336.0,72.91058911659265,104.0,1942.6493659371824,92234,9,17.0,24.01428571428571,77.4012987012987,1012.0207792207796,0.0,26.928571428571427,0.6272727272727272,18.0,False,False,False,False,False,True,False,False,False,False
89,2020_16,2020,62.999166,20.5325,22.147333,21.355888,25.027609823960617,341.0,70.32821445770239,104.0,1729.02755631655,97507,9,18.0,24.01428571428571,77.4012987012987,1012.0207792207796,0.0,26.928571428571427,0.6272727272727272,16.0,False,False,False,False,False,True,False,False,False,False
7,2020_16,2020,71.971888,24.955888,26.112727,22.378818,30.5734389212906,337.0,72.81812831077104,104.0,1731.0000535074107,123958,9,19.0,24.01428571428571,77.4012987012987,1012.0207792207796,0.0,26.928571428571427,0.6272727272727272,14.0,False,False,False,False,False,False,False,True,False,False
51,2020_16,2020,66.770625,22.538625,24.403454,20.508818,30.617207983305686,329.0,86.87382952538927,104.0,2688.4036063994863,146982,9,20.0,24.01428571428571,77.4012987012987,1012.0207792207796,0.0,26.928571428571427,0.6272727272727272,17.0,False,True,False,False,False,False,False,False,False,False
33,2020_17,2020,111.907214,20.515357,49.276315,47.114263,80.1599564179724,322.0,40.40795890837398,104.0,5012.856075542181,143662,9,1.0,23.39240506329114,61.5721518987342,1016.2860759493668,0.0,28.81645569620253,1.6924050632911392,1.0,False,False,False,False,True,False,False,False,False,False
77,2020_17,2020,110.03025,18.970666,48.362166,49.762944,75.98007678738196,323.0,66.55520390162914,104.0,4650.287070665145,158324,9,2.0,23.39240506329114,61.5721518987342,1016.2860759493668,0.0,28.81645569620253,1.6924050632911392,2.0,False,False,False,True,False,False,False,False,False,False
44,2020_17,2020,109.770857,18.951928,47.42065,48.56165,84.44178686313168,326.0,71.19980284320847,104.0,4715.211165300405,158114,9,3.0,23.39240506329114,61.5721518987342,1016.2860759493668,0.0,28.81645569620253,1.6924050632911392,3.0,False,False,False,True,False,False,False,False,False,False
4,2020_17,2020,112.120181,19.11709,51.036588,49.477941,71.6922797551105,325.0,43.04809588046072,104.0,4325.699180242814,122446,9,4.0,23.39240506329114,61.5721518987342,1016.2860759493668,0.0,28.81645569620253,1.6924050632911392,5.0,False,False,True,False,False,False,False,False,False,False
23,2020_17,2020,112.4341,20.1249,49.141866,48.979133,63.31316799833973,323.0,49.4733319497769,104.0,3962.665248521324,142952,9,5.0,23.39240506329114,61.5721518987342,1016.2860759493668,0.0,28.81645569620253,1.6924050632911392,4.0,False,False,False,False,True,False,False,False,False,False
55,2020_17,2020,112.609666,18.724333,49.852642,49.530785,59.043841444432914,324.0,48.941734979765485,104.0,3574.8563868423785,119748,9,6.0,23.39240506329114,61.5721518987342,1016.2860759493668,0.0,28.81645569620253,1.6924050632911392,6.0,False,False,True,False,False,False,False,False,False,False
26,2020_17,2020,108.668214,19.4455,47.43715,47.69945,84.17629967832313,323.0,45.42342015149943,104.0,5145.807408944693,125818,9,7.0,23.39240506329114,61.5721518987342,1016.2860759493668,0.0,28.81645569620253,1.6924050632911392,11.0,False,False,False,False,False,False,True,False,False,False
18,2020_17,2020,108.246111,18.4281,48.758133,51.055142,63.2009961606309,325.0,48.08327280273944,104.0,3788.811040780326,121656,9,8.0,23.39240506329114,61.5721518987342,1016.2860759493668,0.0,28.81645569620253,1.6924050632911392,10.0,False,False,False,False,False,False,False,False,False,True
16,2020_17,2020,110.952384,20.0425,50.09595,48.902578,84.46139877555255,321.0,57.00783438829512,104.0,5355.872159385701,153776,9,9.0,23.39240506329114,61.5721518987342,1016.2860759493668,0.0,28.81645569620253,1.6924050632911392,13.0,True,False,False,False,False,False,False,False,False,False
10,2020_17,2020,111.5445,19.696785,47.281,50.00885,84.13956625505863,324.0,44.20135934419425,104.0,5300.489260143198,125122,9,10.0,23.39240506329114,61.5721518987342,1016.2860759493668,0.0,28.81645569620253,1.6924050632911392,8.0,False,False,False,False,False,False,True,False,False,False
31,2020_17,2020,111.940625,19.16225,46.638583,51.863333,50.64470270831171,325.0,43.542025526616165,104.0,3001.5090277057175,122878,9,11.0,23.39240506329114,61.5721518987342,1016.2860759493668,0.0,28.81645569620253,1.6924050632911392,9.0,False,False,False,False,False,False,False,False,True,False
3,2020_17,2020,111.517333,19.35,46.850555,49.826666,37.99958493307046,328.0,36.58114558472554,104.0,2352.0948946767667,123150,9,12.0,23.39240506329114,61.5721518987342,1016.2860759493668,0.0,28.81645569620253,1.6924050632911392,7.0,False,False,False,False,False,False,False,False,True,False
5,2020_17,2020,111.73325,20.3675,48.868916,48.9405,50.771453771920726,321.0,69.95081456884922,104.0,3426.965030611186,149432,9,13.0,23.39240506329114,61.5721518987342,1016.2860759493668,0.0,28.81645569620253,1.6924050632911392,14.0,True,False,False,False,False,False,False,False,False,False
99,2020_17,2020,109.843625,18.712125,48.77725,49.906083,50.650461761959114,327.0,56.783698246342226,104.0,3103.5346580886167,123254,9,14.0,23.39240506329114,61.5721518987342,1016.2860759493668,0.0,28.81645569620253,1.6924050632911392,16.0,False,False,False,False,False,False,False,True,False,False
11,2020_17,2020,113.8475,19.6315,52.80075,49.9015,16.878956106672202,323.0,69.53045553595517,104.0,1069.28686313168,118626,9,15.0,23.39240506329114,61.5721518987342,1016.2860759493668,0.0,28.81645569620253,1.6924050632911392,20.0,False,False,False,False,False,False,False,False,False,True
7,2020_17,2020,111.24525,20.046,49.706166,52.538,25.273736640033206,330.0,66.46591262841133,104.0,1585.7384559510222,122674,9,16.0,23.39240506329114,61.5721518987342,1016.2860759493668,0.0,28.81645569620253,1.6924050632911392,12.0,False,False,False,False,False,False,False,True,False,False
20,2020_17,2020,107.197,18.537833,47.737555,47.847,37.96653522880565,325.0,79.71422641901006,104.0,2575.152070146311,149832,9,17.0,23.39240506329114,61.5721518987342,1016.2860759493668,0.0,28.81645569620253,1.6924050632911392,18.0,False,True,False,False,False,False,False,False,False,False
63,2020_17,2020,115.479833,21.355833,49.26525,48.61475,33.709401265954135,325.0,62.61611497353948,104.0,2203.391615648023,93082,9,18.0,23.39240506329114,61.5721518987342,1016.2860759493668,0.0,28.81645569620253,1.6924050632911392,15.0,False,False,False,False,False,True,False,False,False,False
51,2020_17,2020,107.598666,19.044,47.042222,48.065222,37.98516135726886,325.0,82.28297187921552,104.0,3085.987651758846,153894,9,19.0,23.39240506329114,61.5721518987342,1016.2860759493668,0.0,28.81645569620253,1.6924050632911392,19.0,False,True,False,False,False,False,False,False,False,False
6,2020_17,2020,122.0368,20.125,51.779714,57.715428,29.56952371069835,328.0,81.82842170800042,104.0,2309.593182525682,125575,9,20.0,23.39240506329114,61.5721518987342,1016.2860759493668,0.0,28.81645569620253,1.6924050632911392,17.0,False,False,False,False,False,True,False,False,False,False
33,2021_1,2021,101.981,32.1613,50.3558,30.905533,64.99581118092476,318.0,48.17190269051071,104.0,4197.974168949036,151910,9,1.0,29.060256410256414,46.5448717948718,1009.6499999999996,0.0,33.843589743589746,0.9666666666666668,2.0,False,False,False,False,True,False,False,False,False,False
44,2021_1,2021,100.156833,31.523166,48.857944,30.644222,78.09054293539552,316.0,68.62638956017399,104.0,4525.09795392299,153232,9,2.0,29.060256410256414,46.5448717948718,1009.6499999999996,0.0,33.843589743589746,0.9666666666666668,1.0,False,False,False,True,False,False,False,False,False,False
77,2021_1,2021,104.72609,32.124181,50.556705,30.811176,73.67654798345953,316.0,69.69883464905215,104.0,4379.661887116697,152636,9,3.0,29.060256410256414,46.5448717948718,1009.6499999999996,0.0,33.843589743589746,0.9666666666666668,3.0,False,False,False,True,False,False,False,False,False,False
16,2021_1,2021,103.103333,33.6437,49.482533,30.555,64.8643467053327,316.0,49.9941463938564,104.0,3829.669029590248,119004,9,4.0,29.060256410256414,46.5448717948718,1009.6499999999996,0.0,33.843589743589746,0.9666666666666668,6.0,True,False,False,False,False,False,False,False,False,False
10,2021_1,2021,101.318555,33.0392,48.012266,29.331714,64.84367112399978,321.0,50.14848826593631,104.0,4049.7346007196174,119330,9,5.0,29.060256410256414,46.5448717948718,1009.6499999999996,0.0,33.843589743589746,0.9666666666666668,17.0,False,False,False,False,False,False,True,False,False,False
3,2021_1,2021,102.819909,33.052416,52.528166,30.457411,77.91794210837227,319.0,40.535578110735194,104.0,5143.224316631759,120976,9,6.0,29.060256410256414,46.5448717948718,1009.6499999999996,0.0,33.843589743589746,0.9666666666666668,7.0,False,False,True,False,False,False,False,False,False,False
4,2021_1,2021,103.04809,33.046416,49.8715,30.716529,78.01423124429408,318.0,41.8219751893024,104.0,4979.2619085978195,121640,9,7.0,29.060256410256414,46.5448717948718,1009.6499999999996,0.0,33.843589743589746,0.9666666666666668,4.0,False,False,True,False,False,False,False,False,False,False
55,2021_1,2021,101.697888,32.724818,52.323312,30.594937,73.62134149616026,315.0,63.57644594812309,104.0,4799.736211803877,152486,9,8.0,29.060256410256414,46.5448717948718,1009.6499999999996,0.0,33.843589743589746,0.9666666666666668,8.0,True,False,False,False,False,False,False,False,False,False
14,2021_1,2021,104.771666,33.8972,55.563,31.413714,64.97572633048708,317.0,28.964126523817196,104.0,4118.313624402556,133150,9,9.0,29.060256410256414,46.5448717948718,1009.6499999999996,0.0,33.843589743589746,0.9666666666666668,19.0,False,False,False,False,False,False,False,False,True,False
18,2021_1,2021,99.830222,31.1378,52.483333,32.479714,64.87664464851511,318.0,45.71553622254443,104.0,3969.01159980667,118718,9,10.0,29.060256410256414,46.5448717948718,1009.6499999999996,0.0,33.843589743589746,0.9666666666666668,10.0,False,False,False,False,False,False,False,False,False,True
11,2021_1,2021,107.048571,34.938285,53.286454,31.174909,47.75876698351324,314.0,65.63568014607164,104.0,3325.998711132592,150582,9,11.0,29.060256410256414,46.5448717948718,1009.6499999999996,0.0,33.843589743589746,0.9666666666666668,5.0,False,False,False,False,True,False,False,False,False,False
99,2021_1,2021,102.147875,31.23325,48.033916,31.25125,52.05515278449063,321.0,55.873368777187046,104.0,3176.0507491541807,119458,9,12.0,29.060256410256414,46.5448717948718,1009.6499999999996,0.0,33.843589743589746,0.9666666666666668,12.0,False,False,False,False,False,False,False,True,False,False
22,2021_1,2021,106.0805,32.9485,48.772222,31.039666,39.06718221362977,322.0,60.77428709521508,104.0,2471.9696042103,117766,9,13.0,29.060256410256414,46.5448717948718,1009.6499999999996,0.0,33.843589743589746,0.9666666666666668,9.0,False,False,False,False,False,False,True,False,False,False
7,2021_1,2021,105.209875,32.692625,48.522583,32.122916,52.05864346705333,320.0,54.82127705278986,104.0,3010.970570860856,119408,9,14.0,29.060256410256414,46.5448717948718,1009.6499999999996,0.0,33.843589743589746,0.9666666666666668,11.0,False,False,False,False,False,False,False,True,False,False
63,2021_1,2021,106.125,33.470857,50.732363,29.630545,47.67584984694699,320.0,64.14940121368348,104.0,2833.2844637774556,132500,9,15.0,29.060256410256414,46.5448717948718,1009.6499999999996,0.0,33.843589743589746,0.9666666666666668,14.0,False,False,False,False,False,True,False,False,False,False
31,2021_1,2021,103.8025,32.42775,51.553333,34.888166,26.030932817786372,318.0,65.92266795553408,104.0,1592.644433703883,135542,9,16.0,29.060256410256414,46.5448717948718,1009.6499999999996,0.0,33.843589743589746,0.9666666666666668,13.0,False,False,False,False,False,False,False,False,True,False
6,2021_1,2021,104.9806,33.1634,50.72325,32.14925,34.67284248966221,322.0,69.57913108855593,104.0,2352.0224477740185,118565,9,17.0,29.060256410256414,46.5448717948718,1009.6499999999996,0.0,33.843589743589746,0.9666666666666668,18.0,False,False,False,False,False,True,False,False,False,False
5,2021_1,2021,105.5855,32.257,55.570333,35.440833,25.99044090005907,326.0,66.42908544116857,104.0,1647.894957306267,116886,9,18.0,29.060256410256414,46.5448717948718,1009.6499999999996,0.0,33.843589743589746,0.9666666666666668,15.0,False,False,False,False,False,False,False,False,False,True
47,2021_1,2021,102.7465,31.6395,52.362,29.640333,26.104451962837658,315.0,86.74695236560872,104.0,1869.324740883948,150252,9,19.0,29.060256410256414,46.5448717948718,1009.6499999999996,0.0,33.843589743589746,0.9666666666666668,16.0,False,True,False,False,False,False,False,False,False,False
9,2021_1,2021,105.664333,39.3525,53.526428,33.131428,30.41979485527093,325.0,79.55303152354868,104.0,2537.999516674722,149986,9,20.0,29.060256410256414,46.5448717948718,1009.6499999999996,0.0,33.843589743589746,0.9666666666666668,20.0,False,True,False,False,False,False,False,False,False,False
44,2021_2,2021,84.282928,26.282533,29.309545,31.567523,77.7023896722212,322.0,78.97234938655924,104.0,4263.747939937741,179662,9,1.0,13.685227272727271,41.97613636363637,1010.3125,0.0,26.889772727272728,0.4352272727272727,2.0,False,False,False,True,False,False,False,False,False,False
11,2021_2,2021,84.645727,27.83625,29.895058,30.011562,60.57397912470243,323.0,48.79349020325947,104.0,3653.863394982604,176252,9,2.0,13.685227272727271,41.97613636363637,1010.3125,0.0,26.889772727272728,0.4352272727272727,11.0,False,False,False,False,True,False,False,False,False,False
33,2021_2,2021,84.048153,27.858428,29.118,30.734,67.24400292986633,325.0,54.89882805347006,104.0,3858.398324482695,171886,9,3.0,13.685227272727271,41.97613636363637,1010.3125,0.0,26.889772727272728,0.4352272727272727,1.0,False,False,False,False,True,False,False,False,False,False
16,2021_2,2021,87.301363,28.065923,31.1455,31.982941,63.89708844533968,324.0,69.6489196117927,104.0,3913.634956967589,173104,9,4.0,13.685227272727271,41.97613636363637,1010.3125,0.0,26.889772727272728,0.4352272727272727,4.0,True,False,False,False,False,False,False,False,False,False
10,2021_2,2021,85.228384,27.209466,29.47995,31.779578,70.54143014099982,324.0,56.656015381798206,104.0,4052.308322651529,143410,9,5.0,13.685227272727271,41.97613636363637,1010.3125,0.0,26.889772727272728,0.4352272727272727,7.0,False,False,False,False,False,False,True,False,False,False
3,2021_2,2021,86.597166,26.517142,30.532714,32.120684,73.99501007141549,326.0,68.16137154367333,104.0,4685.752884087164,174643,9,6.0,13.685227272727271,41.97613636363637,1010.3125,0.0,26.889772727272728,0.4352272727272727,6.0,False,False,True,False,False,False,False,False,False,False
4,2021_2,2021,85.18675,26.8237,30.340928,31.014769,50.47436366965757,330.0,69.8562534334371,104.0,3501.7280260025636,168053,9,7.0,13.685227272727271,41.97613636363637,1010.3125,0.0,26.889772727272728,0.4352272727272727,3.0,False,False,True,False,False,False,False,False,False,False
77,2021_2,2021,85.352923,26.02,29.316666,33.6119,75.05713239333456,328.0,74.90065921992309,104.0,4225.155328694378,174686,9,8.0,13.685227272727271,41.97613636363637,1010.3125,0.0,26.889772727272728,0.4352272727272727,18.0,False,False,False,True,False,False,False,False,False,False
31,2021_2,2021,85.614909,26.311,29.6525,32.902444,67.18471891594946,326.0,28.40230726973082,104.0,3874.2923457242264,154910,9,9.0,13.685227272727271,41.97613636363637,1010.3125,0.0,26.889772727272728,0.4352272727272727,9.0,False,False,False,False,False,False,False,False,True,False
18,2021_2,2021,85.584583,26.205769,29.248368,32.239666,67.24473539644754,325.0,56.08263138619301,104.0,3779.828694378319,146380,9,10.0,13.685227272727271,41.97613636363637,1010.3125,0.0,26.889772727272728,0.4352272727272727,8.0,False,False,False,False,False,False,False,False,False,True
55,2021_2,2021,90.0913,28.12,31.421266,31.591133,53.93375755356162,321.0,72.34590734297748,104.0,3544.568577183666,172321,9,11.0,13.685227272727271,41.97613636363637,1010.3125,0.0,26.889772727272728,0.4352272727272727,5.0,True,False,False,False,False,False,False,False,False,False
63,2021_2,2021,88.5878,27.6622,30.6328,32.401733,53.8534151254349,328.0,78.39470792895074,104.0,3228.0957700054937,178559,9,12.0,13.685227272727271,41.97613636363637,1010.3125,0.0,26.889772727272728,0.4352272727272727,19.0,False,False,False,False,False,True,False,False,False,False
5,2021_2,2021,85.7345,26.482333,30.011642,32.898769,50.496383446255265,326.0,61.16956601355063,104.0,3055.0257736678263,143609,9,13.0,13.685227272727271,41.97613636363637,1010.3125,0.0,26.889772727272728,0.4352272727272727,15.0,False,False,False,False,False,False,False,False,False,True
6,2021_2,2021,87.8449,27.2532,29.609285,31.893571,47.07397912470243,326.0,67.54426844900202,104.0,3091.3637612158946,163654,15,14.0,13.685227272727271,41.97613636363637,1010.3125,0.0,26.889772727272728,0.4352272727272727,20.0,False,False,False,False,False,True,False,False,False,False
14,2021_2,2021,88.927,26.827,29.925,33.803538,47.18609229078923,327.0,56.12978392235854,104.0,2864.99276689251,178016,9,15.0,13.685227272727271,41.97613636363637,1010.3125,0.0,26.889772727272728,0.4352272727272727,10.0,False,False,False,False,False,False,False,False,True,False
7,2021_2,2021,86.0865,27.211,29.676666,33.774222,33.710080571323935,328.0,67.54211682841971,104.0,2020.2753616553744,146314,9,16.0,13.685227272727271,41.97613636363637,1010.3125,0.0,26.889772727272728,0.4352272727272727,13.0,False,False,False,False,False,False,False,True,False,False
99,2021_2,2021,86.2846,26.9264,30.110125,36.265375,30.394341695660135,326.0,68.6062534334371,104.0,1924.5265976927303,146122,9,17.0,13.685227272727271,41.97613636363637,1010.3125,0.0,26.889772727272728,0.4352272727272727,14.0,False,False,False,False,False,False,False,True,False,False
47,2021_2,2021,88.324,26.706222,30.2635,32.379363,40.44927668925105,324.0,87.62264237319172,104.0,2430.6800952206554,178352,9,18.0,13.685227272727271,41.97613636363637,1010.3125,0.0,26.889772727272728,0.4352272727272727,16.0,False,True,False,False,False,False,False,False,False,False
9,2021_2,2021,93.06425,27.148888,31.450181,34.961909,40.51963926020875,325.0,86.91288225599708,104.0,3168.7320545687603,178695,9,19.0,13.685227272727271,41.97613636363637,1010.3125,0.0,26.889772727272728,0.4352272727272727,17.0,False,True,False,False,False,False,False,False,False,False
77,2021_3,2021,87.449375,25.236235,33.974652,28.975363,89.8393805809879,315.0,57.16706228099921,104.0,4941.399118345202,122694,9,1.0,18.10128205128205,41.70769230769232,1005.6076923076922,0.0,37.18076923076923,0.7628205128205128,3.0,False,False,False,True,False,False,False,False,False,False
44,2021_3,2021,86.931764,25.107888,33.581583,28.89126,93.93528879846276,319.0,56.132191703402285,104.0,5012.249123996835,122410,9,2.0,18.10128205128205,41.70769230769232,1005.6076923076922,0.0,37.18076923076923,0.7628205128205128,1.0,False,False,False,True,False,False,False,False,False,False
33,2021_3,2021,87.705142,26.295466,33.64995,28.850684,78.0709845145247,320.0,49.30349270939301,104.0,4538.235786142195,144096,9,3.0,18.10128205128205,41.70769230769232,1005.6076923076922,0.0,37.18076923076923,0.7628205128205128,2.0,False,False,False,False,True,False,False,False,False,False
11,2021_3,2021,90.968062,26.635529,34.856272,30.075238,85.951000339098,316.0,52.23685995252628,104.0,5067.039900531254,143688,9,4.0,18.10128205128205,41.70769230769232,1005.6076923076922,0.0,37.18076923076923,0.7628205128205128,4.0,False,False,False,False,True,False,False,False,False,False
55,2021_3,2021,92.82347,26.698,36.075304,30.435727,89.77144794845711,317.0,56.85537470328925,104.0,5137.37170792359,129726,9,5.0,18.10128205128205,41.70769230769232,1005.6076923076922,0.0,37.18076923076923,0.7628205128205128,11.0,True,False,False,False,False,False,False,False,False,False
31,2021_3,2021,86.801727,25.147166,33.70847,30.395437,66.34118910365096,322.0,38.989714027353905,104.0,3745.9693681473946,128552,9,6.0,18.10128205128205,41.70769230769232,1005.6076923076922,0.0,37.18076923076923,0.7628205128205128,7.0,False,False,False,False,False,False,False,False,True,False
4,2021_3,2021,88.778,25.204333,33.676708,29.286086,93.7394031875212,317.0,66.11585848310162,104.0,5740.342884593648,145864,9,7.0,18.10128205128205,41.70769230769232,1005.6076923076922,0.0,37.18076923076923,0.7628205128205128,5.0,False,False,True,False,False,False,False,False,False,False
16,2021_3,2021,92.10959,26.451782,35.748413,30.266571,113.25799706115068,319.0,51.14213857804906,104.0,6253.837176443993,129514,9,8.0,18.10128205128205,41.70769230769232,1005.6076923076922,0.0,37.18076923076923,0.7628205128205128,6.0,True,False,False,False,False,False,False,False,False,False
10,2021_3,2021,89.841789,25.7319,34.430692,29.6984,101.4532044760936,317.0,56.27093930145812,104.0,6007.9560868090875,127866,9,9.0,18.10128205128205,41.70769230769232,1005.6076923076922,0.0,37.18076923076923,0.7628205128205128,10.0,False,False,False,False,False,False,True,False,False,False
5,2021_3,2021,88.182933,25.408437,33.819363,30.089047,85.91596021250142,323.0,58.4741155193851,104.0,4764.961342828077,127240,9,10.0,18.10128205128205,41.70769230769232,1005.6076923076922,0.0,37.18076923076923,0.7628205128205128,13.0,False,False,False,False,False,False,False,False,False,True
63,2021_3,2021,93.695181,26.529636,36.226066,31.078333,58.638012885723974,326.0,66.5774273765118,104.0,3424.7396292528542,126632,9,11.0,18.10128205128205,41.70769230769232,1005.6076923076922,0.0,37.18076923076923,0.7628205128205128,16.0,False,False,False,False,False,True,False,False,False,False
99,2021_3,2021,90.478066,25.523133,35.227683999999996,29.735315,74.47648920538036,323.0,64.85752232395163,104.0,4260.86978636826,127706,9,12.0,18.10128205128205,41.70769230769232,1005.6076923076922,0.0,37.18076923076923,0.7628205128205128,12.0,False,False,False,False,False,False,False,True,False,False
14,2021_3,2021,91.20225,24.8745,34.786083,32.3785,47.010681586978635,328.0,45.58206171583588,104.0,2800.2856335480956,127456,9,13.0,18.10128205128205,41.70769230769232,1005.6076923076922,0.0,37.18076923076923,0.7628205128205128,8.0,False,False,False,False,False,False,False,False,True,False
22,2021_3,2021,93.568615,27.311384,36.575294,29.783647,66.41516898383632,319.0,64.41991635582683,104.0,4063.557646659885,126848,9,14.0,18.10128205128205,41.70769230769232,1005.6076923076922,0.0,37.18076923076923,0.7628205128205128,15.0,False,False,False,False,False,False,True,False,False,False
7,2021_3,2021,91.106666,25.877333,35.785578,29.294736,74.44433141177801,322.0,64.89227986888211,104.0,4217.936136543461,127820,9,15.0,18.10128205128205,41.70769230769232,1005.6076923076922,0.0,37.18076923076923,0.7628205128205128,20.0,False,False,False,False,False,False,False,True,False,False
3,2021_3,2021,89.534777,25.372777,34.488454,29.866181,43.06216796654233,317.0,77.70425002825817,104.0,3032.02667570928,128164,9,16.0,18.10128205128205,41.70769230769232,1005.6076923076922,0.0,37.18076923076923,0.7628205128205128,9.0,False,False,True,False,False,False,False,False,False,False
18,2021_3,2021,92.562,26.095625,35.0495,30.9557,39.1160845484345,317.0,74.38012885723974,104.0,2413.0234542782864,126070,9,17.0,18.10128205128205,41.70769230769232,1005.6076923076922,0.0,37.18076923076923,0.7628205128205128,14.0,False,False,False,False,False,False,False,False,False,True
6,2021_3,2021,96.723,28.423,37.751333,31.563555,35.26590934780152,324.0,71.89742285520515,104.0,2284.7928111224146,112418,9,18.0,18.10128205128205,41.70769230769232,1005.6076923076922,0.0,37.18076923076923,0.7628205128205128,18.0,False,False,False,False,False,True,False,False,False,False
47,2021_3,2021,90.478,26.242111,34.745454,29.915454,43.21250141290833,321.0,76.85486605629026,104.0,2408.205549903922,127906,9,19.0,18.10128205128205,41.70769230769232,1005.6076923076922,0.0,37.18076923076923,0.7628205128205128,17.0,False,True,False,False,False,False,False,False,False,False
9,2021_3,2021,90.120111,26.512555,34.330545,29.368909,43.18622131796089,317.0,78.36639538826721,104.0,2369.1171583587657,128424,9,20.0,18.10128205128205,41.70769230769232,1005.6076923076922,0.0,37.18076923076923,0.7628205128205128,19.0,False,True,False,False,False,False,False,False,False,False
44,2021_4,2021,89.92,25.086384,35.073842,33.191777,60.41190627554264,320.0,76.14980474071383,104.0,3456.8386613386615,186573,9,1.0,25.077272727272728,47.603409090909096,1002.4534090909092,0.0,44.58977272727272,0.553409090909091,1.0,False,False,False,True,False,False,False,False,False,False
33,2021_4,2021,93.865888,27.2117,37.010285,35.179,44.25034056852239,317.0,63.25488148215421,104.0,2835.302515666152,180574,9,2.0,25.077272727272728,47.603409090909096,1002.4534090909092,0.0,44.58977272727272,0.553409090909091,2.0,False,False,False,False,True,False,False,False,False,False
77,2021_4,2021,92.3913,25.303363,36.693875,35.7102,50.97988375261102,318.0,76.44110435019526,104.0,3116.711334120425,182675,9,3.0,25.077272727272728,47.603409090909096,1002.4534090909092,0.0,44.58977272727272,0.553409090909091,3.0,False,False,False,True,False,False,False,False,False,False
16,2021_4,2021,88.995818,25.139083,36.1195,33.984823,56.88229951866315,323.0,73.5523113250386,104.0,4017.972754518209,182890,9,4.0,25.077272727272728,47.603409090909096,1002.4534090909092,0.0,44.58977272727272,0.553409090909091,4.0,True,False,False,False,False,False,False,False,False,False
31,2021_4,2021,89.245111,24.6595,36.116466,36.5555,47.3395695213877,321.0,23.106121151575696,104.0,2878.377486150214,120000,9,5.0,25.077272727272728,47.603409090909096,1002.4534090909092,0.0,44.58977272727272,0.553409090909091,9.0,False,False,False,False,False,False,False,False,True,False
55,2021_4,2021,89.070777,25.0077,35.836733,34.2545,47.417582417582416,322.0,77.1512124239397,104.0,3485.6277813095994,183799,9,6.0,25.077272727272728,47.603409090909096,1002.4534090909092,0.0,44.58977272727272,0.553409090909091,7.0,True,False,False,False,False,False,False,False,False,False
3,2021_4,2021,89.247375,25.664222,36.938428,35.705769,44.25733357551539,320.0,40.82258650440468,104.0,3089.5945872309508,116162,9,7.0,25.077272727272728,47.603409090909096,1002.4534090909092,0.0,44.58977272727272,0.553409090909091,6.0,False,False,True,False,False,False,False,False,False,False
11,2021_4,2021,98.723909,27.606166,39.045352,36.670625,53.80828262646445,318.0,42.98310780128962,104.0,3420.898692216874,178667,9,8.0,25.077272727272728,47.603409090909096,1002.4534090909092,0.0,44.58977272727272,0.553409090909091,5.0,False,False,False,False,True,False,False,False,False,False
4,2021_4,2021,91.0498,25.266818,36.538941,35.099812,53.717328126419034,321.0,70.43788030151667,104.0,3942.735628008355,186407,9,9.0,25.077272727272728,47.603409090909096,1002.4534090909092,0.0,44.58977272727272,0.553409090909091,8.0,False,False,True,False,False,False,False,False,False,False
14,2021_4,2021,89.9872,24.927272,36.718352,35.705187,53.64844246662428,320.0,23.23462900735628,104.0,3143.369902824448,128622,9,10.0,25.077272727272728,47.603409090909096,1002.4534090909092,0.0,44.58977272727272,0.553409090909091,17.0,False,False,False,False,False,False,False,False,True,False
18,2021_4,2021,89.027625,23.490375,35.629416,35.842332999999996,37.998319861956226,321.0,51.534919625828714,104.0,2257.197620561257,121484,9,11.0,25.077272727272728,47.603409090909096,1002.4534090909092,0.0,44.58977272727272,0.553409090909091,11.0,False,False,False,False,False,False,False,False,False,True
10,2021_4,2021,90.8635,25.012333,36.250777,34.211111,28.50613023340296,316.0,54.41163382072473,104.0,1757.2312687312688,115898,9,12.0,25.077272727272728,47.603409090909096,1002.4534090909092,0.0,44.58977272727272,0.553409090909091,10.0,False,False,False,False,False,False,True,False,False,False
5,2021_4,2021,90.923625,24.31475,36.313583,35.73425,38.00177095631641,323.0,49.485014985014985,104.0,2365.31672872582,120574,9,13.0,25.077272727272728,47.603409090909096,1002.4534090909092,0.0,44.58977272727272,0.553409090909091,13.0,False,False,False,False,False,False,False,False,False,True
99,2021_4,2021,88.322,23.511625,35.774833,35.131166,37.98310780128962,327.0,52.33929706656979,104.0,2300.351058032876,120300,9,14.0,25.077272727272728,47.603409090909096,1002.4534090909092,0.0,44.58977272727272,0.553409090909091,15.0,False,False,False,False,False,False,False,True,False,False
63,2021_4,2021,94.177857,26.450571,37.746909,36.769454,34.8011988011988,320.0,82.24107710471347,104.0,2363.8947416220144,181144,9,15.0,25.077272727272728,47.603409090909096,1002.4534090909092,0.0,44.58977272727272,0.553409090909091,14.0,False,False,False,False,False,True,False,False,False,False
22,2021_4,2021,103.4495,26.10025,36.494833,38.586666,18.969167196439923,314.0,60.75796930342385,104.0,1141.793388429752,119508,9,16.0,25.077272727272728,47.603409090909096,1002.4534090909092,0.0,44.58977272727272,0.553409090909091,20.0,False,False,False,False,False,False,True,False,False,False
7,2021_4,2021,92.35775,24.96575,35.054,35.325,18.959903732631005,329.0,55.78308055580783,104.0,1176.6404504586324,179417,9,17.0,25.077272727272728,47.603409090909096,1002.4534090909092,0.0,44.58977272727272,0.553409090909091,12.0,False,False,False,False,False,False,False,True,False,False
47,2021_4,2021,87.318,23.323166,36.249222,35.299777,28.5338752156934,329.0,87.77962946144764,104.0,2806.4569521387702,181629,9,18.0,25.077272727272728,47.603409090909096,1002.4534090909092,0.0,44.58977272727272,0.553409090909091,18.0,False,True,False,False,False,False,False,False,False,False
6,2021_4,2021,91.183166,24.778666,36.919444,35.691222,28.42207792207792,321.0,87.7378984651712,104.0,2430.8578239941876,180990,9,19.0,25.077272727272728,47.603409090909096,1002.4534090909092,0.0,44.58977272727272,0.553409090909091,16.0,False,False,False,False,False,True,False,False,False,False
9,2021_4,2021,88.381,24.355333,37.199,34.685888,28.53074198528744,329.0,89.11692852601944,104.0,2075.162655526292,182619,9,20.0,25.077272727272728,47.603409090909096,1002.4534090909092,0.0,44.58977272727272,0.553409090909091,19.0,False,True,False,False,False,False,False,False,False,False
16,2021_5,2021,85.007181,23.160259,39.083074,22.429739,68.00443321820713,291.0,59.99278313315119,104.0,4980.936440022681,154781,9,1.0,18.744871794871795,72.33461538461538,1013.0269230769228,0.0,32.7474358974359,0.2205128205128205,20.0,True,False,False,False,False,False,False,False,False,False
33,2021_5,2021,83.118333,21.402739,37.344272,23.701944,58.204185782772306,289.0,47.09907727202433,104.0,4167.244445589979,154269,8,2.0,18.744871794871795,72.33461538461538,1013.0269230769228,0.0,32.7474358974359,0.2205128205128205,1.0,False,False,False,False,True,False,False,False,False,False
77,2021_5,2021,81.539043,20.893535,37.209296,23.318043,71.20475282231043,291.0,48.464766225063144,104.0,4876.531161400072,134233,9,3.0,18.744871794871795,72.33461538461538,1013.0269230769228,0.0,32.7474358974359,0.2205128205128205,19.0,False,False,False,True,False,False,False,False,False,False
55,2021_5,2021,87.2642,22.23444,40.05512,24.1635,63.33604824990979,291.0,59.1285633280066,104.0,4635.636836950358,154825,9,4.0,18.744871794871795,72.33461538461538,1013.0269230769228,0.0,32.7474358974359,0.2205128205128205,2.0,True,False,False,False,False,False,False,False,False,False
4,2021_5,2021,81.787789,22.337956,37.943173,21.898157,58.42594979122635,290.0,67.67714830661374,104.0,4444.020155678128,157831,9,5.0,18.744871794871795,72.33461538461538,1013.0269230769228,0.0,32.7474358974359,0.2205128205128205,3.0,False,False,True,False,False,False,False,False,False,False
10,2021_5,2021,83.400518,21.883566,37.519172,23.869111,75.9004587865354,288.0,44.58585494097634,104.0,5340.160626836435,127019,8,6.0,18.744871794871795,72.33461538461538,1013.0269230769228,0.0,32.7474358974359,0.2205128205128205,6.0,False,False,False,False,False,False,True,False,False,False
44,2021_5,2021,81.2912,20.889933,36.672366,24.00496,75.87174596628692,290.0,43.82055776070931,104.0,4919.928810763441,128569,8,7.0,18.744871794871795,72.33461538461538,1013.0269230769228,0.0,32.7474358974359,0.2205128205128205,7.0,False,False,False,True,False,False,False,False,False,False
5,2021_5,2021,82.478238,22.064875,37.43426,22.387904,65.69013866694159,291.0,39.91045930202588,104.0,4361.721995979175,118363,9,8.0,18.744871794871795,72.33461538461538,1013.0269230769228,0.0,32.7474358974359,0.2205128205128205,5.0,False,False,False,False,False,False,False,False,False,True
11,2021_5,2021,83.786523,22.435884,38.34472,23.658,65.68328264343523,290.0,46.26614773957421,104.0,4690.693540904171,156583,9,9.0,18.744871794871795,72.33461538461538,1013.0269230769228,0.0,32.7474358974359,0.2205128205128205,4.0,False,False,False,False,True,False,False,False,False,False
99,2021_5,2021,85.038727,22.628571,39.148142,23.014863,70.80339192741894,292.0,40.726119903087785,104.0,4954.977215320378,129311,8,10.0,18.744871794871795,72.33461538461538,1013.0269230769228,0.0,32.7474358974359,0.2205128205128205,10.0,False,False,False,False,False,False,False,True,False,False
31,2021_5,2021,82.749166,22.346181,37.777772,23.084833,55.63142430022166,289.0,42.13145007474612,104.0,3658.866230218053,137662,9,11.0,18.744871794871795,72.33461538461538,1013.0269230769228,0.0,32.7474358974359,0.2205128205128205,9.0,False,False,False,False,False,False,False,False,True,False
3,2021_5,2021,84.507705,22.764428,37.986,24.492294,53.14047115830713,292.0,50.42393937831847,104.0,4099.5697716377135,127876,8,12.0,18.744871794871795,72.33461538461538,1013.0269230769228,0.0,32.7474358974359,0.2205128205128205,12.0,False,False,True,False,False,False,False,False,False,False
18,2021_5,2021,85.509562,22.7396,38.8415,23.902125,50.79308211763493,292.0,66.43682664054849,104.0,3591.6109593278006,156550,8,13.0,18.744871794871795,72.33461538461538,1013.0269230769228,0.0,32.7474358974359,0.2205128205128205,8.0,False,False,False,False,False,False,False,False,False,True
7,2021_5,2021,84.047294,24.00219,39.585142,21.782823,53.1152121243363,291.0,52.63704314655394,104.0,3650.586937471004,128236,9,14.0,18.744871794871795,72.33461538461538,1013.0269230769228,0.0,32.7474358974359,0.2205128205128205,11.0,False,False,False,False,False,False,False,True,False,False
63,2021_5,2021,83.880238,22.365666,37.863166,24.242428,60.67555028609722,291.0,71.08763338316407,104.0,4172.213103768236,156898,8,15.0,18.744871794871795,72.33461538461538,1013.0269230769228,0.0,32.7474358974359,0.2205128205128205,14.0,False,False,False,False,False,True,False,False,False,False
22,2021_5,2021,84.981818,22.743384,38.896615,24.118272,32.89004587865354,289.0,66.27496262693953,104.0,2315.5232228465384,129442,9,16.0,18.744871794871795,72.33461538461538,1013.0269230769228,0.0,32.7474358974359,0.2205128205128205,16.0,False,False,False,False,False,False,True,False,False,False
14,2021_5,2021,87.4082,22.316833,39.892166,24.3596,30.354915201814528,289.0,58.34115160575288,104.0,2167.5127068405586,133966,8,17.0,18.744871794871795,72.33461538461538,1013.0269230769228,0.0,32.7474358974359,0.2205128205128205,13.0,False,False,False,False,False,False,False,False,True,False
6,2021_5,2021,87.008461,23.037571,39.462642,25.530307,35.429042734161555,291.0,80.76302902211454,104.0,2653.1492344966236,151240,8,18.0,18.744871794871795,72.33461538461538,1013.0269230769228,0.0,32.7474358974359,0.2205128205128205,15.0,False,False,False,False,False,True,False,False,False,False
9,2021_5,2021,86.1709,23.953166,38.884166,24.331,30.425898242177432,290.0,83.38223619774215,104.0,2228.425434300737,118641,8,19.0,18.744871794871795,72.33461538461538,1013.0269230769228,0.0,32.7474358974359,0.2205128205128205,17.0,False,True,False,False,False,False,False,False,False,False
16,2021_6,2021,115.157625,38.888,51.742733,28.715466,69.17151020408163,333.0,63.65959183673469,104.0,4419.828816326531,203642,9,1.0,26.034343434343427,47.55555555555556,1013.3222222222222,0.0,47.27070707070706,0.2919191919191919,4.0,True,False,False,False,False,False,False,False,False,False
44,2021_6,2021,113.0614,38.703384,50.347058,28.291764,76.2854693877551,338.0,56.362530612244896,104.0,4339.551428571429,179840,9,2.0,26.034343434343427,47.55555555555556,1013.3222222222222,0.0,47.27070707070706,0.2919191919191919,15.0,False,False,False,True,False,False,False,False,False,False
33,2021_6,2021,112.110777,39.0161,52.352562,27.850933,69.20591836734694,329.0,48.643795918367346,104.0,4255.2884489795915,194506,9,3.0,26.034343434343427,47.55555555555556,1013.3222222222222,0.0,47.27070707070706,0.2919191919191919,18.0,False,False,False,False,True,False,False,False,False,False
10,2021_6,2021,118.284555,42.583636,51.2368,27.820928,65.33163265306122,330.0,57.895102040816326,104.0,4082.5905714285714,178628,9,4.0,26.034343434343427,47.55555555555556,1013.3222222222222,0.0,47.27070707070706,0.2919191919191919,3.0,False,False,False,False,False,False,True,False,False,False
55,2021_6,2021,115.420714,39.389888,52.929571,28.596857,62.79710204081633,344.0,65.5465306122449,104.0,3962.555632653062,201295,9,5.0,26.034343434343427,47.55555555555556,1013.3222222222222,0.0,47.27070707070706,0.2919191919191919,8.0,True,False,False,False,False,False,False,False,False,False
4,2021_6,2021,115.693777,39.108454,54.771882,29.143375,76.45330612244898,325.0,48.90322448979592,104.0,4855.449102040816,183403,9,6.0,26.034343434343427,47.55555555555556,1013.3222222222222,0.0,47.27070707070706,0.2919191919191919,5.0,False,False,True,False,False,False,False,False,False,False
11,2021_6,2021,114.441571,38.89275,54.844357,29.320071,65.56065306122449,333.0,44.68322448979592,104.0,4098.487959183673,205625,9,7.0,26.034343434343427,47.55555555555556,1013.3222222222222,0.0,47.27070707070706,0.2919191919191919,1.0,False,False,False,False,True,False,False,False,False,False
22,2021_6,2021,116.526555,40.943384,52.762,27.781733,66.23738775510203,334.0,62.57518367346939,104.0,3965.772081632653,181787,9,8.0,26.034343434343427,47.55555555555556,1013.3222222222222,0.0,47.27070707070706,0.2919191919191919,7.0,False,False,False,False,False,False,True,False,False,False
14,2021_6,2021,115.266,39.939909,50.289166,29.151125,72.636,335.0,38.27579591836734,104.0,4453.737510204081,202372,9,9.0,26.034343434343427,47.55555555555556,1013.3222222222222,0.0,47.27070707070706,0.2919191919191919,6.0,False,False,False,False,False,False,False,False,True,False
77,2021_6,2021,115.4835,39.881071,51.425176,28.113117,76.62824489795918,331.0,67.11665306122448,104.0,4688.928448979592,207454,9,10.0,26.034343434343427,47.55555555555556,1013.3222222222222,0.0,47.27070707070706,0.2919191919191919,12.0,False,False,False,True,False,False,False,False,False,False
5,2021_6,2021,114.928285,39.069375,50.648461,28.47225,54.51375510204082,332.0,62.243632653061226,104.0,3265.0298775510205,179654,9,11.0,26.034343434343427,47.55555555555556,1013.3222222222222,0.0,47.27070707070706,0.2919191919191919,2.0,False,False,False,False,False,False,False,False,False,True
31,2021_6,2021,108.18975,38.854333,49.938,27.224625,39.999755102040815,335.0,50.6325306122449,104.0,2403.5001224489797,204064,9,12.0,26.034343434343427,47.55555555555556,1013.3222222222222,0.0,47.27070707070706,0.2919191919191919,20.0,False,False,False,False,False,False,False,False,True,False
3,2021_6,2021,120.059166,39.4535,54.908454,29.57009,48.19881632653061,327.0,76.65036734693878,104.0,3320.102326530612,208594,9,13.0,26.034343434343427,47.55555555555556,1013.3222222222222,0.0,47.27070707070706,0.2919191919191919,9.0,False,False,True,False,False,False,False,False,False,False
7,2021_6,2021,120.4035,41.9939,49.830928,27.169166,54.67008163265306,334.0,63.263020408163264,104.0,3223.1188163265306,183434,9,14.0,26.034343434343427,47.55555555555556,1013.3222222222222,0.0,47.27070707070706,0.2919191919191919,10.0,False,False,False,False,False,False,False,True,False,False
63,2021_6,2021,117.700857,39.937444,50.2262,28.3747,43.64930612244898,331.0,74.80191836734694,104.0,2968.9402040816326,203016,20,15.0,26.034343434343427,47.55555555555556,1013.3222222222222,0.0,47.27070707070706,0.2919191919191919,17.0,False,False,False,False,False,True,False,False,False,False
6,2021_6,2021,122.28925,43.37325,53.6135,28.630166,0.0,0.0,0.0,0.0,0.0,0,1,16.0,26.034343434343427,47.55555555555556,1013.3222222222222,0.0,47.27070707070706,0.2919191919191919,16.0,False,False,False,False,False,True,False,False,False,False
47,2021_6,2021,117.4718,40.122571,51.198,28.02,36.46551020408163,330.0,83.1488163265306,104.0,2987.9548979591837,202619,9,17.0,26.034343434343427,47.55555555555556,1013.3222222222222,0.0,47.27070707070706,0.2919191919191919,13.0,False,True,False,False,False,False,False,False,False,False
9,2021_6,2021,113.856666,45.479666,53.619857,29.517714,32.87620408163265,333.0,79.43816326530612,104.0,2346.3610204081633,201414,80,18.0,26.034343434343427,47.55555555555556,1013.3222222222222,0.0,47.27070707070706,0.2919191919191919,14.0,False,True,False,False,False,False,False,False,False,False
33,2021_7,2021,105.756625,28.797133,32.951133,53.5352,62.45691064293498,330.0,53.47144024700327,104.0,3667.9444242644386,174033,9,1.0,29.297727272727276,44.98863636363637,966.5556818181816,0.0,44.32386363636363,0.3670454545454545,1.0,False,False,False,False,True,False,False,False,False,False
44,2021_7,2021,109.021083,29.318052,33.946526,53.115785,78.53823102070469,327.0,65.6778514347984,104.0,4315.58935706502,178803,9,2.0,29.297727272727276,44.98863636363637,966.5556818181816,0.0,44.32386363636363,0.3670454545454545,2.0,False,False,False,True,False,False,False,False,False,False
77,2021_7,2021,107.36625,29.074933,32.898,55.7406,62.535779150018165,327.0,74.3445332364693,104.0,3597.013303668725,181494,9,3.0,29.297727272727276,44.98863636363637,966.5556818181816,0.0,44.32386363636363,0.3670454545454545,4.0,False,False,False,True,False,False,False,False,False,False
11,2021_7,2021,108.729125,29.463666,34.290066,55.0633,62.38698692335634,329.0,46.40474028332728,104.0,3709.3078913912095,174911,9,4.0,29.297727272727276,44.98863636363637,966.5556818181816,0.0,44.32386363636363,0.3670454545454545,3.0,False,False,False,False,True,False,False,False,False,False
55,2021_7,2021,98.907857,33.523842,38.128421,55.141666,78.03500726480203,326.0,57.00349618597893,104.0,5022.442698873956,179217,9,5.0,29.297727272727276,44.98863636363637,966.5556818181816,0.0,44.32386363636363,0.3670454545454545,11.0,True,False,False,False,False,False,False,False,False,False
10,2021_7,2021,108.3139,32.373285,36.049571,53.542066,89.67490010897203,328.0,43.02279331638213,104.0,5578.865601162368,155605,9,6.0,29.297727272727276,44.98863636363637,966.5556818181816,0.0,44.32386363636363,0.3670454545454545,7.0,False,False,False,False,False,False,True,False,False,False
16,2021_7,2021,105.027625,36.374789,36.438473,54.013384,77.98828550671995,325.0,60.889665819106426,104.0,4936.375045405012,183890,9,7.0,29.297727272727276,44.98863636363637,966.5556818181816,0.0,44.32386363636363,0.3670454545454545,16.0,True,False,False,False,False,False,False,False,False,False
4,2021_7,2021,99.730857,31.645,37.303277,54.169,70.20604794769342,326.0,68.42989466037051,104.0,4608.714674900109,182949,9,8.0,29.297727272727276,44.98863636363637,966.5556818181816,0.0,44.32386363636363,0.3670454545454545,5.0,False,False,True,False,False,False,False,False,False,False
14,2021_7,2021,111.91275,31.101625,36.225062,57.082,66.23805848165638,329.0,27.008853977479113,104.0,3963.3432618961137,151081,9,9.0,29.297727272727276,44.98863636363637,966.5556818181816,0.0,44.32386363636363,0.3670454545454545,8.0,False,False,False,False,False,False,False,False,True,False
3,2021_7,2021,115.996083,31.879666,34.79165,54.846071,81.90247003269161,326.0,42.06856156919723,104.0,5192.713585179804,152037,9,10.0,29.297727272727276,44.98863636363637,966.5556818181816,0.0,44.32386363636363,0.3670454545454545,6.0,False,False,True,False,False,False,False,False,False,False
31,2021_7,2021,91.879,34.6774,36.683,62.883,42.932709771158734,328.0,39.25926262259353,104.0,2699.630902651653,151760,9,11.0,29.297727272727276,44.98863636363637,966.5556818181816,0.0,44.32386363636363,0.3670454545454545,14.0,False,False,False,False,False,False,False,False,True,False
5,2021_7,2021,112.498333,31.32,34.299666,55.519142,50.633309117326554,325.0,53.56442971304032,104.0,3161.9262622593533,150637,9,12.0,29.297727272727276,44.98863636363637,966.5556818181816,0.0,44.32386363636363,0.3670454545454545,9.0,False,False,False,False,False,False,False,False,False,True
99,2021_7,2021,106.56925,32.967307,34.473769,61.083875,50.77383763167454,328.0,60.39792953142027,104.0,3083.2893661460225,154157,9,13.0,29.297727272727276,44.98863636363637,966.5556818181816,0.0,44.32386363636363,0.3670454545454545,15.0,False,False,False,False,False,False,False,True,False,False
63,2021_7,2021,123.11175,30.492538,33.270666,57.0945,54.63217399200872,328.0,73.00186160552126,104.0,3464.4797039593172,182250,9,14.0,29.297727272727276,44.98863636363637,966.5556818181816,0.0,44.32386363636363,0.3670454545454545,12.0,False,False,False,False,False,True,False,False,False,False
47,2021_7,2021,119.713,32.236428,36.926,66.18675,24.67312931347621,328.0,82.24246276788958,104.0,1886.9976843443517,187319,9,15.0,29.297727272727276,44.98863636363637,966.5556818181816,0.0,44.32386363636363,0.3670454545454545,19.0,False,True,False,False,False,False,False,False,False,False
6,2021_7,2021,93.062,34.2565,36.1365,69.21925,27.227933163821287,328.0,75.51511986923356,104.0,2177.4814293498,182861,9,16.0,29.297727272727276,44.98863636363637,966.5556818181816,0.0,44.32386363636363,0.3670454545454545,18.0,False,False,False,False,False,True,False,False,False,False
7,2021_7,2021,93.354,35.366285,39.2665,64.11325,27.34017435524882,323.0,69.67594442426444,104.0,1754.7956774427896,162665,9,17.0,29.297727272727276,44.98863636363637,966.5556818181816,0.0,44.32386363636363,0.3670454545454545,17.0,False,False,False,False,False,False,False,True,False,False
9,2021_7,2021,120.886,31.754714,37.096166,68.80925,27.393888485288777,325.0,79.89456956047948,104.0,1984.360561205957,115277,9,18.0,29.297727272727276,44.98863636363637,966.5556818181816,0.0,44.32386363636363,0.3670454545454545,20.0,False,True,False,False,False,False,False,False,False,False
18,2021_7,2021,122.467,33.996833,38.3445,65.54075,27.260034507809664,323.0,65.84657646204141,104.0,1823.96117871413,158109,9,19.0,29.297727272727276,44.98863636363637,966.5556818181816,0.0,44.32386363636363,0.3670454545454545,10.0,False,False,False,False,False,False,False,False,False,True
33,2021_8,2021,78.966857,18.745928,36.881578,28.055473,62.67068149063208,322.0,51.46227094914556,104.0,3710.550700020589,155716,9,1.0,25.791025641025637,28.465384615384615,938.6371794871789,0.0,53.85769230769232,0.258974358974359,1.0,False,False,False,False,True,False,False,False,False,False
77,2021_8,2021,76.290937,18.247937,33.543045,24.78609,72.58184064237183,319.0,75.86040765904879,104.0,4028.3512970969737,160650,9,2.0,25.791025641025637,28.465384615384615,938.6371794871789,0.0,53.85769230769232,0.258974358974359,3.0,False,False,False,True,False,False,False,False,False,False
44,2021_8,2021,78.998666,23.730578,34.218958,25.005666,79.52480955322216,322.0,72.30435453983941,104.0,4342.144688079061,160674,9,3.0,25.791025641025637,28.465384615384615,938.6371794871789,0.0,53.85769230769232,0.258974358974359,2.0,False,False,False,True,False,False,False,False,False,False
4,2021_8,2021,77.472818,18.76,37.192176,29.87325,55.95259419394688,324.0,50.95346921968293,104.0,3409.0710829730288,123204,9,4.0,25.791025641025637,28.465384615384615,938.6371794871789,0.0,53.85769230769232,0.258974358974359,5.0,False,False,True,False,False,False,False,False,False,False
11,2021_8,2021,82.072357,19.129733,37.894761,32.74495,69.22215359275273,321.0,37.45851348569076,104.0,4175.7775890467365,153962,9,5.0,25.791025641025637,28.465384615384615,938.6371794871789,0.0,53.85769230769232,0.258974358974359,4.0,False,False,False,False,True,False,False,False,False,False
10,2021_8,2021,80.737083,19.495307,38.801777,28.979882,59.16383570105003,322.0,49.47462425365452,104.0,3646.4500205888407,128198,9,6.0,25.791025641025637,28.465384615384615,938.6371794871789,0.0,53.85769230769232,0.258974358974359,20.0,False,False,False,False,False,False,True,False,False,False
16,2021_8,2021,78.921571,19.276466,37.749238,29.2014,69.10001029442043,317.0,65.31073708050236,104.0,4235.185556928145,149646,9,7.0,25.791025641025637,28.465384615384615,938.6371794871789,0.0,53.85769230769232,0.258974358974359,7.0,True,False,False,False,False,False,False,False,False,False
22,2021_8,2021,79.882428,19.7706,38.263285,28.4384,69.09465719579988,322.0,46.584414247477866,104.0,4206.27743463043,123150,9,8.0,25.791025641025637,28.465384615384615,938.6371794871789,0.0,53.85769230769232,0.258974358974359,10.0,False,False,False,False,False,False,True,False,False,False
14,2021_8,2021,76.073818,18.875416,37.099944,30.078352,59.18627753757463,322.0,48.30605311920939,104.0,3465.819487337863,160156,9,9.0,25.791025641025637,28.465384615384615,938.6371794871789,0.0,53.85769230769232,0.258974358974359,9.0,False,False,False,False,False,False,False,False,True,False
18,2021_8,2021,80.868692,18.393,34.799352,30.59647,59.3544368952028,319.0,50.664093061560635,104.0,3516.918622606547,122800,9,10.0,25.791025641025637,28.465384615384615,938.6371794871789,0.0,53.85769230769232,0.258974358974359,8.0,False,False,False,False,False,False,False,False,False,True
63,2021_8,2021,80.7854,18.0627,35.822357,29.766071,46.11395923409512,324.0,74.74166151945646,104.0,2818.653695696932,153300,9,11.0,25.791025641025637,28.465384615384615,938.6371794871789,0.0,53.85769230769232,0.258974358974359,19.0,False,False,False,False,False,True,False,False,False,False
55,2021_8,2021,87.124,21.036909,38.462133,31.9542,49.510140004117765,317.0,75.13073913938645,104.0,3236.7244698373484,158162,9,12.0,25.791025641025637,28.465384615384615,938.6371794871789,0.0,53.85769230769232,0.258974358974359,6.0,True,False,False,False,False,False,False,False,False,False
3,2021_8,2021,85.1946,19.5149,37.922714,35.136,46.15184270125592,322.0,53.001647107267864,104.0,3212.7803685402514,120372,9,13.0,25.791025641025637,28.465384615384615,938.6371794871789,0.0,53.85769230769232,0.258974358974359,13.0,False,False,True,False,False,False,False,False,False,False
5,2021_8,2021,81.100636,19.505636,37.254866,30.662066,49.459491455631046,321.0,54.07164916615194,104.0,2907.025941939469,120648,9,14.0,25.791025641025637,28.465384615384615,938.6371794871789,0.0,53.85769230769232,0.258974358974359,12.0,False,False,False,False,False,False,False,False,False,True
99,2021_8,2021,87.613538,20.469923,37.896647,31.906705,56.28721432983323,323.0,55.38815112209183,104.0,3307.723646283714,124060,9,15.0,25.791025641025637,28.465384615384615,938.6371794871789,0.0,53.85769230769232,0.258974358974359,15.0,False,False,False,False,False,False,False,True,False,False
6,2021_8,2021,76.817166,18.721833,37.467111,26.836777,29.66141651225036,322.0,80.88079061148858,104.0,2240.5715976940496,126829,9,16.0,25.791025641025637,28.465384615384615,938.6371794871789,0.0,53.85769230769232,0.258974358974359,17.0,False,False,False,False,False,True,False,False,False,False
31,2021_8,2021,82.88875,18.44775,36.9875,35.954,19.75401482396541,317.0,84.05661931233271,104.0,1132.4348877908174,156606,9,17.0,25.791025641025637,28.465384615384615,938.6371794871789,0.0,53.85769230769232,0.258974358974359,14.0,False,False,False,False,False,False,False,False,True,False
7,2021_8,2021,96.169166,21.805333,40.611625,35.791,26.398497014618076,319.0,64.98553633930409,104.0,1574.6215771052089,122532,9,18.0,25.791025641025637,28.465384615384615,938.6371794871789,0.0,53.85769230769232,0.258974358974359,11.0,False,False,False,False,False,False,False,True,False,False
47,2021_8,2021,82.7158,17.5728,38.482125,31.31575,26.45177064031295,317.0,81.66368128474367,104.0,2574.3721947704344,150070,9,19.0,25.791025641025637,28.465384615384615,938.6371794871789,0.0,53.85769230769232,0.258974358974359,16.0,False,True,False,False,False,False,False,False,False,False
9,2021_8,2021,77.295333,19.0965,37.133333,28.691,29.789684990735022,319.0,79.11442248301421,104.0,1949.1994029236157,145724,9,20.0,25.791025641025637,28.465384615384615,938.6371794871789,0.0,53.85769230769232,0.258974358974359,18.0,False,True,False,False,False,False,False,False,False,False
33,2021_9,2021,79.1675,18.4865,36.026266,27.785533,49.887054915395,320.0,49.70647773279352,104.0,2945.5340496210943,156954,9,1.0,25.61818181818182,27.205194805194807,936.3272727272732,0.0,51.72077922077922,0.3259740259740259,1.0,False,False,False,False,True,False,False,False,False,False
4,2021_9,2021,83.786692,19.584692,36.764944,29.882611,59.863334371431534,322.0,68.9297207515831,104.0,3644.3126232741615,159576,9,2.0,25.61818181818182,27.205194805194807,936.3272727272732,0.0,51.72077922077922,0.3259740259740259,3.0,False,False,True,False,False,False,False,False,False,False
11,2021_9,2021,80.81175,19.5945,37.077347,28.56113,76.49460188933872,323.0,36.06939686494342,104.0,4548.270009342884,152848,9,3.0,25.61818181818182,27.205194805194807,936.3272727272732,0.0,51.72077922077922,0.3259740259740259,6.0,False,False,False,False,True,False,False,False,False,False
44,2021_9,2021,75.528272,18.191833,34.381222,26.668941,59.70434963147514,318.0,79.5967507526212,104.0,3196.6576871172015,157892,9,4.0,25.61818181818182,27.205194805194807,936.3272727272732,0.0,51.72077922077922,0.3259740259740259,4.0,False,False,False,True,False,False,False,False,False,False
77,2021_9,2021,74.893416,17.90823,35.025,28.6905,63.49159140454687,316.0,71.10235648292328,104.0,3660.929201702481,155238,9,5.0,25.61818181818182,27.205194805194807,936.3272727272732,0.0,51.72077922077922,0.3259740259740259,2.0,False,False,False,True,False,False,False,False,False,False
10,2021_9,2021,77.812285,19.547333,36.069238,27.42405,70.08278833177619,322.0,50.03129866085332,104.0,4088.353783867954,123316,9,6.0,25.61818181818182,27.205194805194807,936.3272727272732,0.0,51.72077922077922,0.3259740259740259,9.0,False,False,False,False,False,False,True,False,False,False
22,2021_9,2021,79.002928,18.8942,37.088571,28.1924,69.58081594518842,323.0,48.09913837849061,104.0,4067.5669054292534,122984,9,7.0,25.61818181818182,27.205194805194807,936.3272727272732,0.0,51.72077922077922,0.3259740259740259,12.0,False,False,False,False,False,False,True,False,False,False
5,2021_9,2021,79.811769,19.286357,36.09565,31.002684,66.46226513028132,320.0,47.996678085746915,104.0,3758.9596698847713,122774,9,8.0,25.61818181818182,27.205194805194807,936.3272727272732,0.0,51.72077922077922,0.3259740259740259,17.0,False,False,False,False,False,False,False,False,False,True
63,2021_9,2021,78.024666,18.5135,35.013466,30.102285,49.58450119381293,324.0,74.69204816775667,104.0,3258.582269282674,158788,9,9.0,25.61818181818182,27.205194805194807,936.3272727272732,0.0,51.72077922077922,0.3259740259740259,11.0,False,False,False,False,False,True,False,False,False,False
18,2021_9,2021,77.760571,18.394133,34.202095,29.16935,69.6659399979238,319.0,48.624260355029584,104.0,3994.034361050555,124346,9,10.0,25.61818181818182,27.205194805194807,936.3272727272732,0.0,51.72077922077922,0.3259740259740259,13.0,False,False,False,False,False,False,False,False,False,True
55,2021_9,2021,85.160454,20.415454,38.240266,30.389533,49.98281947472231,320.0,79.44518841482405,104.0,3155.908024499118,156914,9,11.0,25.61818181818182,27.205194805194807,936.3272727272732,0.0,51.72077922077922,0.3259740259740259,5.0,True,False,False,False,False,False,False,False,False,False
16,2021_9,2021,81.713363,20.201727,38.8906,28.213,49.947731755424066,320.0,78.05081490709021,104.0,3320.475968026575,154230,9,12.0,25.61818181818182,27.205194805194807,936.3272727272732,0.0,51.72077922077922,0.3259740259740259,8.0,True,False,False,False,False,False,False,False,False,False
3,2021_9,2021,79.463636,19.170545,36.1616,30.513933,49.88529014844804,321.0,55.38440776497457,104.0,3276.325651406623,121016,9,13.0,25.61818181818182,27.205194805194807,936.3272727272732,0.0,51.72077922077922,0.3259740259740259,7.0,False,False,True,False,False,False,False,False,False,False
14,2021_9,2021,77.234166,20.246833,37.011333,29.626111,29.964341326689503,319.0,37.64299802761341,104.0,1777.2681407661164,122942,9,14.0,25.61818181818182,27.205194805194807,936.3272727272732,0.0,51.72077922077922,0.3259740259740259,10.0,False,False,False,False,False,False,False,False,True,False
99,2021_9,2021,80.924636,19.690818,37.225733,27.492066,50.01915291186546,323.0,57.63547181563376,104.0,2859.037838679539,122586,9,15.0,25.61818181818182,27.205194805194807,936.3272727272732,0.0,51.72077922077922,0.3259740259740259,14.0,False,False,False,False,False,False,False,True,False,False
7,2021_9,2021,83.73,20.842,37.718333,28.473444,30.002958579881657,325.0,66.28485414720232,104.0,1713.061143984221,121306,9,16.0,25.61818181818182,27.205194805194807,936.3272727272732,0.0,51.72077922077922,0.3259740259740259,15.0,False,False,False,False,False,False,False,True,False,False
31,2021_9,2021,74.271,18.217,34.374666,25.994833,19.937143153742344,316.0,77.99922142634694,104.0,1091.143361361985,155776,9,17.0,25.61818181818182,27.205194805194807,936.3272727272732,0.0,51.72077922077922,0.3259740259740259,20.0,False,False,False,False,False,False,False,False,True,False
6,2021_9,2021,71.882333,18.573,37.132,28.5506,19.941658880930135,322.0,81.56571161631891,104.0,1565.772137444202,153124,9,18.0,25.61818181818182,27.205194805194807,936.3272727272732,0.0,51.72077922077922,0.3259740259740259,16.0,False,False,False,False,False,True,False,False,False,False
47,2021_9,2021,73.300333,17.505666,36.679333,26.853222,30.001193812934705,321.0,90.11029793418456,104.0,1955.1104536489152,156382,9,19.0,25.61818181818182,27.205194805194807,936.3272727272732,0.0,51.72077922077922,0.3259740259740259,18.0,False,True,False,False,False,False,False,False,False,False
9,2021_9,2021,80.548,18.210666,35.997666,29.535444,29.9827156649019,318.0,85.05211252984532,104.0,2088.4944980795185,153042,9,20.0,25.61818181818182,27.205194805194807,936.3272727272732,0.0,51.72077922077922,0.3259740259740259,19.0,False,True,False,False,False,False,False,False,False,False
44,2021_10,2021,98.254866,31.809562,44.941,29.861772,96.5069465571443,332.0,67.50897474901126,104.0,4983.8141669201905,162285,9,1.0,24.9275,54.36999999999999,1009.8149999999998,0.0,38.82,0.6199999999999999,1.0,False,False,False,True,False,False,False,False,False,False
33,2021_10,2021,95.956,31.495,43.6868,31.509133,65.69607544873745,322.0,53.60105465977082,104.0,3667.781918669506,150166,9,2.0,24.9275,54.36999999999999,1009.8149999999998,0.0,38.82,0.6199999999999999,20.0,False,False,False,False,True,False,False,False,False,False
77,2021_10,2021,100.245466,32.178562,43.868476,29.651095,92.43905283439814,330.0,65.63360713923537,104.0,4912.054456951628,159320,9,3.0,24.9275,54.36999999999999,1009.8149999999998,0.0,38.82,0.6199999999999999,3.0,False,False,False,True,False,False,False,False,False,False
16,2021_10,2021,99.836692,32.831571,44.86835,31.98675,87.41932866849204,326.0,68.0409694757124,104.0,5058.88277051009,161129,9,4.0,24.9275,54.36999999999999,1009.8149999999998,0.0,38.82,0.6199999999999999,2.0,True,False,False,False,False,False,False,False,False,False
11,2021_10,2021,100.938416,32.51,43.852647,30.443352,74.4876280296116,327.0,48.62458168542744,104.0,4161.59207991076,161914,9,5.0,24.9275,54.36999999999999,1009.8149999999998,0.0,38.82,0.6199999999999999,16.0,False,False,False,False,True,False,False,False,False,False
4,2021_10,2021,100.149153,32.237,45.9031,31.32615,87.75905080620626,322.0,70.35716458777,104.0,4997.931954162864,162212,9,6.0,24.9275,54.36999999999999,1009.8149999999998,0.0,38.82,0.6199999999999999,4.0,False,False,True,False,False,False,False,False,False,False
3,2021_10,2021,101.912,32.236937,44.089454,30.876,96.33394179089342,327.0,68.29058918973735,104.0,5523.802301997769,166113,9,7.0,24.9275,54.36999999999999,1009.8149999999998,0.0,38.82,0.6199999999999999,5.0,False,False,True,False,False,False,False,False,False,False
63,2021_10,2021,102.766416,32.8075,46.053941,30.477,74.21503904269343,326.0,72.85320961362945,104.0,4014.839164384951,161767,9,8.0,24.9275,54.36999999999999,1009.8149999999998,0.0,38.82,0.6199999999999999,12.0,False,False,False,False,False,True,False,False,False,False
55,2021_10,2021,100.522142,31.965,45.053714,30.366666,91.89073116316804,327.0,68.55253016935401,104.0,5218.389869181625,164308,9,9.0,24.9275,54.36999999999999,1009.8149999999998,0.0,38.82,0.6199999999999999,6.0,True,False,False,False,False,False,False,False,False,False
5,2021_10,2021,99.6439,31.1032,43.432133,29.733466,65.55171889260724,330.0,79.43996552073826,104.0,3611.9292161038434,164891,9,10.0,24.9275,54.36999999999999,1009.8149999999998,0.0,38.82,0.6199999999999999,19.0,False,False,False,False,False,False,False,False,False,True
14,2021_10,2021,98.69925,32.03725,44.445666,30.562833,52.4969070074029,325.0,47.870246425311834,104.0,2903.1219450360004,136530,9,11.0,24.9275,54.36999999999999,1009.8149999999998,0.0,38.82,0.6199999999999999,7.0,False,False,False,False,False,False,False,False,True,False
10,2021_10,2021,102.7114,32.8511,46.111785,29.916,61.264831153027075,326.0,61.993357671635735,104.0,3445.4531487678732,131840,9,12.0,24.9275,54.36999999999999,1009.8149999999998,0.0,38.82,0.6199999999999999,11.0,False,False,False,False,False,False,True,False,False,False
31,2021_10,2021,99.8745,31.183,43.937833,32.052416,52.488844944731774,329.0,64.96876584524897,104.0,2822.9109116722443,162527,9,13.0,24.9275,54.36999999999999,1009.8149999999998,0.0,38.82,0.6199999999999999,9.0,False,False,False,False,False,False,False,False,True,False
99,2021_10,2021,97.5634,30.8046,44.646,31.284666,65.67188926072406,333.0,62.45730656120069,104.0,3545.482912483521,131726,9,14.0,24.9275,54.36999999999999,1009.8149999999998,0.0,38.82,0.6199999999999999,13.0,False,False,False,False,False,False,False,True,False,False
18,2021_10,2021,96.504,29.789625,41.617083,30.31825,52.5152621437988,327.0,82.80133860663219,104.0,3309.4663320150084,165095,9,15.0,24.9275,54.36999999999999,1009.8149999999998,0.0,38.82,0.6199999999999999,8.0,False,False,False,False,False,False,False,False,False,True
22,2021_10,2021,104.84725,32.45125,43.9885,30.7199,43.780701754385966,329.0,72.23765338200994,104.0,2300.433475306764,131660,9,16.0,24.9275,54.36999999999999,1009.8149999999998,0.0,38.82,0.6199999999999999,10.0,False,False,False,False,False,False,True,False,False,False
7,2021_10,2021,96.668333,30.8385,43.914777,29.170555,39.37683804887942,328.0,71.24885914207483,104.0,2092.681117533719,131412,9,17.0,24.9275,54.36999999999999,1009.8149999999998,0.0,38.82,0.6199999999999999,15.0,False,False,False,False,False,False,False,True,False,False
6,2021_10,2021,106.912666,34.4435,46.982125,30.904125,35.07230504005679,324.0,88.94863604096948,104.0,2040.831812189433,159812,9,18.0,24.9275,54.36999999999999,1009.8149999999998,0.0,38.82,0.6199999999999999,14.0,False,False,False,False,False,True,False,False,False,False
47,2021_10,2021,106.447625,33.025,46.4997,30.3783,44.02342561606328,331.0,87.69460500963392,104.0,2506.374708447419,162858,9,19.0,24.9275,54.36999999999999,1009.8149999999998,0.0,38.82,0.6199999999999999,18.0,False,True,False,False,False,False,False,False,False,False
9,2021_10,2021,113.718571,36.467714,48.103111,32.238333,39.58599533515871,327.0,88.01526214379881,104.0,2365.652418618801,162626,9,20.0,24.9275,54.36999999999999,1009.8149999999998,0.0,38.82,0.6199999999999999,17.0,False,True,False,False,False,False,False,False,False,False
44,2021_11,2021,89.15875,30.87,36.129833,32.088944,53.90840826921294,317.0,72.08598312783907,104.0,3317.0854732548437,174498,9,1.0,29.255172413793115,46.57126436781609,982.7057471264368,0.0,59.23908045977013,0.6413793103448275,2.0,False,False,False,True,False,False,False,False,False,False
77,2021_11,2021,88.33709,31.691083,35.522777,28.461529,54.3246036896264,313.0,70.69940669324187,104.0,3463.5839899879484,176820,9,2.0,29.255172413793115,46.57126436781609,982.7057471264368,0.0,59.23908045977013,0.6413793103448275,16.0,False,False,False,True,False,False,False,False,False,False
33,2021_11,2021,88.7419,31.943,37.11625,28.492866,51.03402243441179,312.0,46.05029201817002,104.0,3566.642718086586,173480,9,3.0,29.255172413793115,46.57126436781609,982.7057471264368,0.0,59.23908045977013,0.6413793103448275,9.0,False,False,False,False,True,False,False,False,False,False
11,2021_11,2021,92.1055,32.641181,37.153062,30.048333,48.01886530082507,313.0,35.61421155094095,104.0,3344.4616204690833,166841,9,4.0,29.255172413793115,46.57126436781609,982.7057471264368,0.0,59.23908045977013,0.6413793103448275,17.0,False,False,False,False,True,False,False,False,False,False
10,2021_11,2021,89.528333,32.2297,35.780533,27.429642,45.91026235283211,309.0,80.7536849911931,104.0,2955.456892555854,174358,9,5.0,29.255172413793115,46.57126436781609,982.7057471264368,0.0,59.23908045977013,0.6413793103448275,5.0,False,False,False,False,False,False,True,False,False,False
4,2021_11,2021,89.7325,31.416181,36.81247,29.319187,50.99962918327616,315.0,71.82826550477427,104.0,3424.261518494484,174816,9,6.0,29.255172413793115,46.57126436781609,982.7057471264368,0.0,59.23908045977013,0.6413793103448275,15.0,False,False,True,False,False,False,False,False,False,False
16,2021_11,2021,91.0032,33.438636,36.849937,28.281466,50.90460739779364,311.0,69.57532214702883,104.0,3647.7605914526744,174753,9,7.0,29.255172413793115,46.57126436781609,982.7057471264368,0.0,59.23908045977013,0.6413793103448275,18.0,True,False,False,False,False,False,False,False,False,False
31,2021_11,2021,86.3015,31.1643,36.811571,28.560076,44.910586817465465,308.0,44.6042458514879,104.0,2898.3477333827755,176044,9,8.0,29.255172413793115,46.57126436781609,982.7057471264368,0.0,59.23908045977013,0.6413793103448275,1.0,False,False,False,False,False,False,False,False,True,False
14,2021_11,2021,87.63575,31.7747,36.469,29.250076,44.95647538703996,308.0,25.483915824603688,104.0,2967.1282098822658,140703,9,9.0,29.255172413793115,46.57126436781609,982.7057471264368,0.0,59.23908045977013,0.6413793103448275,4.0,False,False,False,False,False,False,False,False,True,False
5,2021_11,2021,87.992444,30.742,34.786066,29.0315,44.91369240752758,315.0,79.08431445258181,104.0,2928.4569852600353,176958,9,10.0,29.255172413793115,46.57126436781609,982.7057471264368,0.0,59.23908045977013,0.6413793103448275,20.0,False,False,False,False,False,False,False,False,False,True
3,2021_11,2021,92.308625,32.68175,38.316916,30.320583,39.04760359692222,317.0,56.446741448039305,104.0,2669.7922962825623,139782,9,11.0,29.255172413793115,46.57126436781609,982.7057471264368,0.0,59.23908045977013,0.6413793103448275,11.0,False,False,True,False,False,False,False,False,False,False
18,2021_11,2021,85.9795,29.532375,36.164666,30.90225,36.0154352461296,317.0,56.464308890330955,104.0,2249.960925187726,131156,9,12.0,29.255172413793115,46.57126436781609,982.7057471264368,0.0,59.23908045977013,0.6413793103448275,19.0,False,False,False,False,False,False,False,False,False,True
7,2021_11,2021,90.2122,30.9436,37.370266,31.1138,44.98057847408918,322.0,55.00352275887643,104.0,2877.488968202466,144266,9,13.0,29.255172413793115,46.57126436781609,982.7057471264368,0.0,59.23908045977013,0.6413793103448275,10.0,False,False,False,False,False,False,False,True,False,False
99,2021_11,2021,88.321375,29.879375,37.095666,31.226833,36.36933345693891,319.0,64.63887086307592,104.0,2374.565171039214,144058,9,14.0,29.255172413793115,46.57126436781609,982.7057471264368,0.0,59.23908045977013,0.6413793103448275,13.0,False,False,False,False,False,False,False,True,False,False
55,2021_11,2021,93.6985,32.46,38.5558,33.244,14.75447297673125,314.0,90.5966441086493,104.0,1145.3918142208213,182609,9,15.0,29.255172413793115,46.57126436781609,982.7057471264368,0.0,59.23908045977013,0.6413793103448275,3.0,True,False,False,False,False,False,False,False,False,False
22,2021_11,2021,98.192333,34.593666,39.054375,28.280125,24.07342171131918,308.0,73.22897932696765,104.0,1584.2077037174377,144392,9,16.0,29.255172413793115,46.57126436781609,982.7057471264368,0.0,59.23908045977013,0.6413793103448275,6.0,False,False,False,False,False,False,True,False,False,False
63,2021_11,2021,94.993833,33.471666,36.848125,29.67825,24.04065078335033,316.0,87.65120051914342,104.0,1770.697877074256,142256,9,17.0,29.255172413793115,46.57126436781609,982.7057471264368,0.0,59.23908045977013,0.6413793103448275,8.0,False,False,False,False,False,True,False,False,False,False
6,2021_11,2021,95.022,32.643,38.902625,32.396,24.051682580884396,315.0,78.27876147214239,104.0,1902.0763418930192,130805,9,18.0,29.255172413793115,46.57126436781609,982.7057471264368,0.0,59.23908045977013,0.6413793103448275,7.0,False,False,False,False,False,True,False,False,False,False
9,2021_11,2021,88.710166,30.652666,36.422444,29.827888,27.117734309817372,319.0,82.20515435246129,104.0,1925.6274218967276,167414,9,19.0,29.255172413793115,46.57126436781609,982.7057471264368,0.0,59.23908045977013,0.6413793103448275,14.0,False,True,False,False,False,False,False,False,False,False
33,2021_12,2021,124.3367,37.346812,61.644684,41.725111,62.568374913686995,312.0,63.31862259449398,104.0,3703.0592332402657,299492,9,1.0,14.323880597014924,93.01268656716418,970.8738805970148,0.3656716417910448,17.588059701492536,0.5,1.0,False,False,False,False,True,False,False,False,False,False
63,2021_12,2021,129.166714,38.09145,61.440695,37.604954,74.73974001020746,316.0,72.30892551562641,104.0,4381.035816145786,299513,9,2.0,14.323880597014924,93.01268656716418,970.8738805970148,0.3656716417910448,17.588059701492536,0.5,2.0,False,False,False,False,False,True,False,False,False,False
44,2021_12,2021,128.531714,37.799944,60.460619,38.5787,68.53601128824042,322.0,74.94268816235852,104.0,3798.254886066829,294762,9,3.0,14.323880597014924,93.01268656716418,970.8738805970148,0.3656716417910448,17.588059701492536,0.5,3.0,False,False,False,True,False,False,False,False,False,False
3,2021_12,2021,126.349454,38.875944,63.291863,38.7511,68.66867813503858,316.0,61.4953916358942,104.0,4028.937944699631,255375,9,4.0,14.323880597014924,93.01268656716418,970.8738805970148,0.3656716417910448,17.588059701492536,0.5,4.0,False,False,True,False,False,False,False,False,False,False
5,2021_12,2021,127.905333,38.296277,62.062363,39.572476,71.9683268786214,315.0,58.50592932840974,104.0,3913.5561860157914,248976,9,5.0,14.323880597014924,93.01268656716418,970.8738805970148,0.3656716417910448,17.588059701492536,0.5,5.0,False,False,False,False,False,False,False,False,False,True
10,2021_12,2021,127.740733,38.713684,61.576913,37.375363,71.67008916509052,317.0,58.353057732144464,104.0,4027.5303671680326,242856,9,6.0,14.323880597014924,93.01268656716418,970.8738805970148,0.3656716417910448,17.588059701492536,0.5,6.0,False,False,False,False,False,False,True,False,False,False
11,2021_12,2021,126.934142,36.931833,60.580904,39.6093,68.81662613708006,316.0,60.81155243327629,104.0,3999.9474016031704,299623,9,7.0,14.323880597014924,93.01268656716418,970.8738805970148,0.3656716417910448,17.588059701492536,0.5,19.0,False,False,False,False,True,False,False,False,False,False
77,2021_12,2021,128.663846,38.436666,60.47438,40.6134,68.61094599057311,322.0,72.66972890209853,104.0,3946.218439460806,294974,9,8.0,14.323880597014924,93.01268656716418,970.8738805970148,0.3656716417910448,17.588059701492536,0.5,12.0,False,False,False,True,False,False,False,False,False,False
31,2021_12,2021,128.891562,38.387052,60.060652,37.056952,74.79465009456904,314.0,63.12086823381068,104.0,4013.731754180552,299419,9,9.0,14.323880597014924,93.01268656716418,970.8738805970148,0.3656716417910448,17.588059701492536,0.5,7.0,False,False,False,False,False,False,False,False,True,False
4,2021_12,2021,132.569071,37.958333,60.881722,37.115666,56.652346212735296,314.0,81.54582845477198,104.0,3416.9903629649643,293555,9,10.0,14.323880597014924,93.01268656716418,970.8738805970148,0.3656716417910448,17.588059701492536,0.5,14.0,False,False,True,False,False,False,False,False,False,False
16,2021_12,2021,128.217909,37.848,61.331875,38.7398,50.02903119277072,312.0,84.58089405265844,104.0,3110.071031853253,298668,9,11.0,14.323880597014924,93.01268656716418,970.8738805970148,0.3656716417910448,17.588059701492536,0.5,8.0,True,False,False,False,False,False,False,False,False,False
6,2021_12,2021,128.243454,37.4088,61.853058,36.491352,53.08081899786844,313.0,78.5134047854934,104.0,3269.114053258879,231081,9,12.0,14.323880597014924,93.01268656716418,970.8738805970148,0.3656716417910448,17.588059701492536,0.5,9.0,False,False,False,False,False,True,False,False,False,False
55,2021_12,2021,128.670909,37.64023,59.651066,37.176866,46.87423819388153,313.0,82.66486535170675,104.0,2717.2250743042423,289395,9,13.0,14.323880597014924,93.01268656716418,970.8738805970148,0.3656716417910448,17.588059701492536,0.5,10.0,True,False,False,False,False,False,False,False,False,False
14,2021_12,2021,130.2808,39.088142,62.286625,37.742562,50.043471734366086,314.0,59.25953946380858,104.0,2737.6722807649585,243882,9,14.0,14.323880597014924,93.01268656716418,970.8738805970148,0.3656716417910448,17.588059701492536,0.5,11.0,False,False,False,False,False,False,False,False,True,False
18,2021_12,2021,130.609538,37.553571,60.623437,38.488125,50.0022216217839,313.0,67.51748776606924,104.0,2792.7598246720104,250434,9,15.0,14.323880597014924,93.01268656716418,970.8738805970148,0.3656716417910448,17.588059701492536,0.5,20.0,False,False,False,False,False,False,False,False,False,True
99,2021_12,2021,131.551333,37.1755,62.211,38.963,28.150529886817377,310.0,73.07604551322466,104.0,1541.0323336035306,242676,9,16.0,14.323880597014924,93.01268656716418,970.8738805970148,0.3656716417910448,17.588059701492536,0.5,13.0,False,False,False,False,False,False,False,True,False,False
22,2021_12,2021,132.809428,37.495125,62.342333,38.086,28.193791467771472,314.0,74.41634393106968,104.0,1564.2447686811372,242811,9,17.0,14.323880597014924,93.01268656716418,970.8738805970148,0.3656716417910448,17.588059701492536,0.5,15.0,False,False,False,False,False,False,True,False,False,False
47,2021_12,2021,129.289666,38.22975,62.203,40.393888,28.204179050707015,309.0,75.53132786934462,104.0,1596.922483412891,250245,9,18.0,14.323880597014924,93.01268656716418,970.8738805970148,0.3656716417910448,17.588059701492536,0.5,16.0,False,True,False,False,False,False,False,False,False,False
7,2021_12,2021,133.310857,37.96675,62.570444,37.776888,28.086493139992193,308.0,74.17619862499625,104.0,1568.6192620613049,242712,9,19.0,14.323880597014924,93.01268656716418,970.8738805970148,0.3656716417910448,17.588059701492536,0.5,18.0,False,False,False,False,False,False,False,True,False,False
9,2021_12,2021,137.135,38.390428,63.943625,43.865375,25.068329880812993,306.0,75.51310456633342,104.0,1426.269716893332,248994,9,20.0,14.323880597014924,93.01268656716418,970.8738805970148,0.3656716417910448,17.588059701492536,0.5,17.0,False,True,False,False,False,False,False,False,False,False
33,2021_13,2021,82.604625,28.290666,31.364461,26.425615,36.4627235554087,311.0,50.6127380116476,104.0,2374.106521828921,200993,9,1.0,19.08659793814433,62.097938144329895,1018.8979381443298,0.0,35.22371134020619,0.6268041237113402,1.0,False,False,False,False,True,False,False,False,False,False
44,2021_13,2021,82.2922,28.1521,30.014466,28.641533,41.530791788856305,316.0,78.37202098219818,104.0,2559.9676593284044,200445,9,2.0,19.08659793814433,62.097938144329895,1018.8979381443298,0.0,35.22371134020619,0.6268041237113402,2.0,False,False,False,True,False,False,False,False,False,False
77,2021_13,2021,82.0289,27.8669,29.2006,28.849333,41.87567634546281,319.0,79.05625542108959,104.0,2586.9705092726444,200500,9,3.0,19.08659793814433,62.097938144329895,1018.8979381443298,0.0,35.22371134020619,0.6268041237113402,3.0,False,False,False,True,False,False,False,False,False,False
10,2021_13,2021,84.032,29.634454,30.799937,29.190133,44.270662095741606,313.0,61.14117549874024,104.0,2745.883565321548,164093,9,4.0,19.08659793814433,62.097938144329895,1018.8979381443298,0.0,35.22371134020619,0.6268041237113402,4.0,False,False,False,False,False,False,True,False,False,False
16,2021_13,2021,83.045916,28.984923,31.468611,27.082352,46.792367105860976,314.0,77.17905084465738,104.0,3118.08211143695,195792,9,5.0,19.08659793814433,62.097938144329895,1018.8979381443298,0.0,35.22371134020619,0.6268041237113402,5.0,True,False,False,False,False,False,False,False,False,False
55,2021_13,2021,85.32375,29.620153,31.775444,28.821294,49.42059394490108,312.0,73.68196274420718,104.0,3425.9897154186115,200810,9,6.0,19.08659793814433,62.097938144329895,1018.8979381443298,0.0,35.22371134020619,0.6268041237113402,7.0,True,False,False,False,False,False,False,False,False,False
99,2021_13,2021,81.059818,27.2805,30.481705,27.550058,44.22403039940523,319.0,61.97335921688489,104.0,2728.7033579777785,160566,9,7.0,19.08659793814433,62.097938144329895,1018.8979381443298,0.0,35.22371134020619,0.6268041237113402,14.0,False,False,False,False,False,False,False,True,False,False
31,2021_13,2021,80.549666,27.6803,29.0545,28.766062,44.12729750939656,314.0,42.89161951179216,104.0,2669.1297344182394,198842,9,8.0,19.08659793814433,62.097938144329895,1018.8979381443298,0.0,35.22371134020619,0.6268041237113402,9.0,False,False,False,False,False,False,False,False,True,False
14,2021_13,2021,81.016142,28.3365,28.84623,26.575545,33.765850233365,314.0,44.61752922225435,104.0,2127.6435917558133,194105,9,9.0,19.08659793814433,62.097938144329895,1018.8979381443298,0.0,35.22371134020619,0.6268041237113402,6.0,False,False,False,False,False,False,False,False,True,False
3,2021_13,2021,82.3431,28.560545,30.319687,27.4046,44.26116228160753,317.0,57.58258642765685,104.0,2949.19743091983,161576,9,10.0,19.08659793814433,62.097938144329895,1018.8979381443298,0.0,35.22371134020619,0.6268041237113402,11.0,False,False,True,False,False,False,False,False,False,False
63,2021_13,2021,83.090125,27.806444,29.17423,26.436083,33.89066953037875,313.0,84.03167981496014,104.0,2353.4253851555077,204988,9,11.0,19.08659793814433,62.097938144329895,1018.8979381443298,0.0,35.22371134020619,0.6268041237113402,17.0,False,False,False,False,False,True,False,False,False,False
18,2021_13,2021,79.995428,28.826222,32.099833,30.659166,33.83685101813225,313.0,63.83726405352939,104.0,2210.332700012391,166340,9,12.0,19.08659793814433,62.097938144329895,1018.8979381443298,0.0,35.22371134020619,0.6268041237113402,12.0,False,False,False,False,False,False,False,False,False,True
4,2021_13,2021,84.757375,28.953625,30.752916,28.473166,33.76473503779274,311.0,84.6606501177151,104.0,2247.2973441823965,204448,9,13.0,19.08659793814433,62.097938144329895,1018.8979381443298,0.0,35.22371134020619,0.6268041237113402,10.0,False,False,True,False,False,False,False,False,False,False
6,2021_13,2021,81.899375,26.5279,28.869933,29.497428,40.025360373384,320.0,73.75800256081946,104.0,2725.5566891082567,197417,9,14.0,19.08659793814433,62.097938144329895,1018.8979381443298,0.0,35.22371134020619,0.6268041237113402,16.0,False,False,False,False,False,True,False,False,False,False
22,2021_13,2021,82.6476,28.3883,30.240333,27.949,38.91925157986039,310.0,69.04287307422246,104.0,2368.7013754078725,176541,9,15.0,19.08659793814433,62.097938144329895,1018.8979381443298,0.0,35.22371134020619,0.6268041237113402,19.0,False,False,False,False,False,False,True,False,False,False
11,2021_13,2021,91.822142,30.659,34.224,27.390444,23.372723142373303,313.0,84.98752633100656,104.0,1394.0559662963117,194692,9,16.0,19.08659793814433,62.097938144329895,1018.8979381443298,0.0,35.22371134020619,0.6268041237113402,8.0,False,False,False,False,True,False,False,False,False,False
5,2021_13,2021,89.1794,28.5762,30.867857,31.599142,18.143777621742185,318.0,71.36305811408037,104.0,1562.7924084094009,132140,9,17.0,19.08659793814433,62.097938144329895,1018.8979381443298,0.0,35.22371134020619,0.6268041237113402,13.0,False,False,False,False,False,False,False,False,False,True
88,2021_13,2021,82.875166,27.8625,30.501333,28.152555,23.379042583949445,315.0,74.83247284292264,104.0,1440.7728305315766,164192,9,18.0,19.08659793814433,62.097938144329895,1018.8979381443298,0.0,35.22371134020619,0.6268041237113402,15.0,False,False,False,False,False,False,False,True,False,False
47,2021_13,2021,81.496125,27.858,29.234,28.211181,28.61141629837677,323.0,87.87369377555656,104.0,3098.865143942836,195142,9,19.0,19.08659793814433,62.097938144329895,1018.8979381443298,0.0,35.22371134020619,0.6268041237113402,18.0,False,True,False,False,False,False,False,False,False,False
9,2021_13,2021,84.717714,29.046857,30.8423,28.4545,25.97166577175664,319.0,86.99425880797985,104.0,1822.1835116269465,204582,9,20.0,19.08659793814433,62.097938144329895,1018.8979381443298,0.0,35.22371134020619,0.6268041237113402,20.0,False,True,False,False,False,False,False,False,False,False
77,2021_14,2021,93.41075,29.5085,32.924111,33.390111,79.98798891284262,338.0,75.28657222051125,104.0,4201.1213427779485,157918,9,1.0,25.41794871794872,43.46153846153847,995.2089743589746,0.0,31.999999999999993,0.2076923076923076,3.0,False,False,False,True,False,False,False,False,False,False
44,2021_14,2021,92.185727,29.751,33.310111,33.975058,79.67872908325634,338.0,75.84139205420388,104.0,4221.792629093522,158436,9,2.0,25.41794871794872,43.46153846153847,995.2089743589746,0.0,31.999999999999993,0.2076923076923076,17.0,False,False,False,True,False,False,False,False,False,False
33,2021_14,2021,98.878615,31.927,35.159263,33.673833,84.08433425726311,338.0,45.419310132429935,104.0,4620.583718304076,157736,9,3.0,25.41794871794872,43.46153846153847,995.2089743589746,0.0,31.999999999999993,0.2076923076923076,18.0,False,False,False,False,True,False,False,False,False,False
4,2021_14,2021,97.111642,31.596666,33.389285,34.72025,92.79416897649112,342.0,65.30392156862744,104.0,5226.0191458782465,155294,9,4.0,25.41794871794872,43.46153846153847,995.2089743589746,0.0,31.999999999999993,0.2076923076923076,2.0,False,False,True,False,False,False,False,False,False,False
3,2021_14,2021,94.3845,30.107909,32.719235,35.006937,74.84493378503234,340.0,72.26891489580126,104.0,4168.4521096396675,158362,9,5.0,25.41794871794872,43.46153846153847,995.2089743589746,0.0,31.999999999999993,0.2076923076923076,1.0,False,False,True,False,False,False,False,False,False,False
10,2021_14,2021,95.7745,31.342727,33.571125,35.107533,70.66728261985422,337.0,56.65342367313418,104.0,3763.6084590904425,121222,9,6.0,25.41794871794872,43.46153846153847,995.2089743589746,0.0,31.999999999999993,0.2076923076923076,19.0,False,False,False,False,False,False,True,False,False,False
55,2021_14,2021,92.526181,30.574833,33.522888,33.948764,79.64613489374807,342.0,72.86946925367006,104.0,4229.169284467714,158270,9,7.0,25.41794871794872,43.46153846153847,995.2089743589746,0.0,31.999999999999993,0.2076923076923076,6.0,True,False,False,False,False,False,False,False,False,False
16,2021_14,2021,92.11,31.405727,32.050176,32.683187,79.57894466687199,337.0,69.7696335078534,104.0,4643.855097012627,158750,9,8.0,25.41794871794872,43.46153846153847,995.2089743589746,0.0,31.999999999999993,0.2076923076923076,4.0,True,False,False,False,False,False,False,False,False,False
11,2021_14,2021,95.494846,32.184857,33.48275,34.291842,88.49009341956678,337.0,41.33785032337542,104.0,4771.488142901139,161732,9,9.0,25.41794871794872,43.46153846153847,995.2089743589746,0.0,31.999999999999993,0.2076923076923076,5.0,False,False,False,False,True,False,False,False,False,False
99,2021_14,2021,94.1224,29.49409,34.135812,35.538133,70.801765732471,343.0,55.41879683810697,104.0,3708.662354994354,120668,9,10.0,25.41794871794872,43.46153846153847,995.2089743589746,0.0,31.999999999999993,0.2076923076923076,13.0,False,False,False,False,False,False,False,True,False,False
5,2021_14,2021,97.1684,30.305,33.338285,36.107428,61.93465763268658,335.0,57.802792321116925,104.0,3211.0930602607536,121328,9,11.0,25.41794871794872,43.46153846153847,995.2089743589746,0.0,31.999999999999993,0.2076923076923076,12.0,False,False,False,False,False,False,False,False,False,True
18,2021_14,2021,99.220333,29.971444,34.87023,36.567307,57.522225644184374,339.0,56.66954111487527,104.0,3033.20429114054,121548,9,12.0,25.41794871794872,43.46153846153847,995.2089743589746,0.0,31.999999999999993,0.2076923076923076,7.0,False,False,False,False,False,False,False,False,False,True
14,2021_14,2021,99.242,30.493142,35.173272,39.846636,48.66348424186428,347.0,39.931937172774866,104.0,2666.3894877322655,123416,9,13.0,25.41794871794872,43.46153846153847,995.2089743589746,0.0,31.999999999999993,0.2076923076923076,8.0,False,False,False,False,False,False,False,False,True,False
31,2021_14,2021,94.689375,29.322625,34.08225,37.67925,53.080484549840875,340.0,57.35258187044451,104.0,2777.990504055025,157620,9,14.0,25.41794871794872,43.46153846153847,995.2089743589746,0.0,31.999999999999993,0.2076923076923076,10.0,False,False,False,False,False,False,False,False,True,False
63,2021_14,2021,97.846333,30.838,33.752375,34.214125,70.72128118263012,343.0,61.03249153064367,104.0,3636.8113643363104,128874,9,15.0,25.41794871794872,43.46153846153847,995.2089743589746,0.0,31.999999999999993,0.2076923076923076,9.0,False,False,False,False,False,True,False,False,False,False
6,2021_14,2021,98.50275,31.4575,33.5522,34.2698,45.088235294117645,345.0,86.6180576942819,104.0,2415.326147212812,157866,9,16.0,25.41794871794872,43.46153846153847,995.2089743589746,0.0,31.999999999999993,0.2076923076923076,11.0,False,False,False,False,False,True,False,False,False,False
22,2021_14,2021,94.177,30.603833,34.488333,35.230222,39.81644595010779,333.0,69.58007391438251,104.0,2190.8418540190946,127334,9,17.0,25.41794871794872,43.46153846153847,995.2089743589746,0.0,31.999999999999993,0.2076923076923076,20.0,False,False,False,False,False,False,True,False,False,False
47,2021_14,2021,89.9668,28.66,33.5035,37.277375,35.48070013345652,339.0,69.05620572836465,104.0,2004.0282311877631,128156,9,18.0,25.41794871794872,43.46153846153847,995.2089743589746,0.0,31.999999999999993,0.2076923076923076,15.0,False,True,False,False,False,False,False,False,False,False
88,2021_14,2021,102.4306,30.9132,34.302142,40.564714,31.00061595318756,341.0,68.01426958217841,104.0,1620.227132737912,119564,9,19.0,25.41794871794872,43.46153846153847,995.2089743589746,0.0,31.999999999999993,0.2076923076923076,14.0,False,False,False,False,False,False,False,True,False,False
9,2021_14,2021,92.694333,29.495333,34.358444,36.588555,39.8746021968997,342.0,67.00487629606816,104.0,2806.2241043014064,128464,9,20.0,25.41794871794872,43.46153846153847,995.2089743589746,0.0,31.999999999999993,0.2076923076923076,16.0,False,True,False,False,False,False,False,False,False,False
4,2021_15,2021,117.384375,45.24965,40.995173,39.69559,101.12194750469617,298.0,46.95755698837387,104.0,6178.151038229172,142613,9,1.0,14.039240506329111,77.8493670886076,1015.7886075949368,0.1772151898734177,16.437974683544308,0.4379746835443037,7.0,False,False,True,False,False,False,False,False,False,False
55,2021_15,2021,117.7902,45.377636,39.98372,36.771666,110.01045844544856,300.0,63.007919987815406,104.0,6628.742397319389,176977,9,2.0,14.039240506329111,77.8493670886076,1015.7886075949368,0.1772151898734177,16.437974683544308,0.4379746835443037,3.0,True,False,False,False,False,False,False,False,False,False
63,2021_15,2021,120.3525,43.407565,40.282384,38.12772,114.16134436716251,304.0,63.546885312484136,104.0,6747.504899223232,173908,9,3.0,14.039240506329111,77.8493670886076,1015.7886075949368,0.1772151898734177,16.437974683544308,0.4379746835443037,10.0,False,False,False,False,False,True,False,False,False,False
44,2021_15,2021,114.228894,39.7616,39.81775,37.577739,105.52337919480124,309.0,68.42184088947556,104.0,5861.16073513733,174543,9,4.0,14.039240506329111,77.8493670886076,1015.7886075949368,0.1772151898734177,16.437974683544308,0.4379746835443037,1.0,False,False,False,True,False,False,False,False,False,False
3,2021_15,2021,120.973823,46.2225,41.348652,39.779272,101.12758288064173,296.0,43.837944864700205,104.0,6347.550083769102,142704,9,5.0,14.039240506329111,77.8493670886076,1015.7886075949368,0.1772151898734177,16.437974683544308,0.4379746835443037,4.0,False,False,True,False,False,False,False,False,False,False
14,2021_15,2021,120.565789,45.473727,40.96512,39.567083,109.92613088287555,300.0,45.86048636848251,104.0,6553.97446311621,169130,9,6.0,14.039240506329111,77.8493670886076,1015.7886075949368,0.1772151898734177,16.437974683544308,0.4379746835443037,6.0,False,False,False,False,False,False,False,False,True,False
77,2021_15,2021,118.309611,41.81735,40.404347,39.540173,105.73249733461948,304.0,66.19490277707266,104.0,6125.343250241153,173362,9,7.0,14.039240506329111,77.8493670886076,1015.7886075949368,0.1772151898734177,16.437974683544308,0.4379746835443037,5.0,False,False,False,True,False,False,False,False,False,False
18,2021_15,2021,119.58247,42.956,41.11113,38.401285,101.05736914250902,307.0,43.41219475046962,104.0,5630.942326242575,141912,9,8.0,14.039240506329111,77.8493670886076,1015.7886075949368,0.1772151898734177,16.437974683544308,0.4379746835443037,11.0,False,False,False,False,False,False,False,False,False,True
11,2021_15,2021,116.257833,42.64738,41.304416,39.159521,105.63522363811748,311.0,51.995227699649696,104.0,6300.250951921613,177279,9,9.0,14.039240506329111,77.8493670886076,1015.7886075949368,0.1772151898734177,16.437974683544308,0.4379746835443037,9.0,False,False,False,False,True,False,False,False,False,False
31,2021_15,2021,115.072315,41.535095,39.70056,38.131375,109.75097730618876,302.0,38.89176016652282,104.0,6254.062090673707,149453,9,10.0,14.039240506329111,77.8493670886076,1015.7886075949368,0.1772151898734177,16.437974683544308,0.4379746835443037,14.0,False,False,False,False,False,False,False,False,True,False
5,2021_15,2021,117.370687,41.3155,39.713611,37.8265,79.30319337970249,303.0,57.00624460577753,104.0,4371.385388637864,142238,9,11.0,14.039240506329111,77.8493670886076,1015.7886075949368,0.1772151898734177,16.437974683544308,0.4379746835443037,12.0,False,False,False,False,False,False,False,False,False,True
10,2021_15,2021,118.4596,42.032375,41.056444,38.629166,79.1994720008123,306.0,56.76620805198761,104.0,4796.012083058334,148209,9,12.0,14.039240506329111,77.8493670886076,1015.7886075949368,0.1772151898734177,16.437974683544308,0.4379746835443037,13.0,False,False,False,False,False,False,True,False,False,False
22,2021_15,2021,118.396352,42.868388,40.87465,36.321631,88.02127227496572,307.0,53.08138295171854,104.0,5138.895009392293,147843,9,13.0,14.039240506329111,77.8493670886076,1015.7886075949368,0.1772151898734177,16.437974683544308,0.4379746835443037,17.0,False,False,False,False,False,False,True,False,False,False
6,2021_15,2021,120.521714,45.435555,44.264416,46.903583,52.836472559272984,308.0,68.25105345991776,104.0,3561.596436005483,169601,9,14.0,14.039240506329111,77.8493670886076,1015.7886075949368,0.1772151898734177,16.437974683544308,0.4379746835443037,19.0,False,False,False,False,False,True,False,False,False,False
16,2021_15,2021,115.826777,40.607555,40.0944,37.8481,44.07412296288775,302.0,86.13250748845002,104.0,2982.2265319591816,176977,9,15.0,14.039240506329111,77.8493670886076,1015.7886075949368,0.1772151898734177,16.437974683544308,0.4379746835443037,15.0,True,False,False,False,False,False,False,False,False,False
7,2021_15,2021,117.628375,45.234111,40.7922,37.4361,44.064578362187135,299.0,69.73757424988577,104.0,2644.0268061126058,147330,9,16.0,14.039240506329111,77.8493670886076,1015.7886075949368,0.1772151898734177,16.437974683544308,0.4379746835443037,8.0,False,False,False,False,False,False,False,True,False,False
47,2021_15,2021,117.629375,43.879666,40.5228,40.7234,44.107681372797884,312.0,84.54962684672793,104.0,2729.95176930497,173868,9,17.0,14.039240506329111,77.8493670886076,1015.7886075949368,0.1772151898734177,16.437974683544308,0.4379746835443037,20.0,False,True,False,False,False,False,False,False,False,False
99,2021_15,2021,125.012833,45.986875,42.368111,48.752333,39.67847895618622,303.0,66.69152662842058,104.0,2465.548103772148,147060,80,18.0,14.039240506329111,77.8493670886076,1015.7886075949368,0.1772151898734177,16.437974683544308,0.4379746835443037,16.0,False,False,False,False,False,False,False,True,False,False
9,2021_15,2021,120.397,46.670777,40.7554,40.4883,44.22876580189877,313.0,83.1951058536833,104.0,2675.595572929888,176514,9,19.0,14.039240506329111,77.8493670886076,1015.7886075949368,0.1772151898734177,16.437974683544308,0.4379746835443037,18.0,False,True,False,False,False,False,False,False,False,False
33,2021_15,2021,119.522,38.599,41.6895,59.214,8.7513326902574,307.0,82.35817637203635,104.0,852.9573031426105,176434,9,20.0,14.039240506329111,77.8493670886076,1015.7886075949368,0.1772151898734177,16.437974683544308,0.4379746835443037,2.0,False,False,False,False,True,False,False,False,False,False
44,2021_16,2021,92.946565,34.646217,32.973035,26.003535,116.79276071010948,329.0,71.27118103539917,104.0,6092.202455618157,156202,9,1.0,18.416000000000004,81.47866666666667,1004.596,0.2133333333333333,22.661333333333335,0.396,5.0,False,False,False,True,False,False,False,False,False,False
77,2021_16,2021,95.074681,35.40359,33.406222,28.011888,112.78197087275431,328.0,69.43573934304241,104.0,6124.960348676517,155614,9,2.0,18.416000000000004,81.47866666666667,1004.596,0.2133333333333333,22.661333333333335,0.396,1.0,False,False,False,True,False,False,False,False,False,False
33,2021_16,2021,94.700052,35.229105,33.82916,28.33292,104.203252896779,322.0,50.05320506006166,104.0,5748.760284894228,154018,9,3.0,18.416000000000004,81.47866666666667,1004.596,0.2133333333333333,22.661333333333335,0.396,2.0,False,False,False,False,True,False,False,False,False,False
16,2021_16,2021,94.596625,35.5766,33.887266,28.553206,125.02391835866908,336.0,64.7336557882428,104.0,6825.630647390241,155896,9,4.0,18.416000000000004,81.47866666666667,1004.596,0.2133333333333333,22.661333333333335,0.396,4.0,True,False,False,False,False,False,False,False,False,False
10,2021_16,2021,95.39347,36.185388,34.641458,27.53375,99.99978739236738,325.0,54.298129052833,104.0,5698.647868608483,134898,9,5.0,18.416000000000004,81.47866666666667,1004.596,0.2133333333333333,22.661333333333335,0.396,6.0,False,False,False,False,False,False,True,False,False,False
14,2021_16,2021,93.817,35.377888,33.690791,28.509608,99.95237589029446,327.0,51.51807164877219,104.0,5350.74726267673,155320,9,6.0,18.416000000000004,81.47866666666667,1004.596,0.2133333333333333,22.661333333333335,0.396,16.0,False,False,False,False,False,False,False,False,True,False
11,2021_16,2021,97.260352,37.880944,34.042958,29.708083,99.96996917189328,324.0,44.53082810672903,104.0,5754.841926225152,151870,9,7.0,18.416000000000004,81.47866666666667,1004.596,0.2133333333333333,22.661333333333335,0.396,3.0,False,False,False,False,True,False,False,False,False,False
4,2021_16,2021,95.183555,35.370578,34.79316,28.74088,104.33464441373444,321.0,65.6768363984267,104.0,6178.843361326672,155862,9,8.0,18.416000000000004,81.47866666666667,1004.596,0.2133333333333333,22.661333333333335,0.396,7.0,False,False,True,False,False,False,False,False,False,False
18,2021_16,2021,98.607625,36.697352,34.891173,30.47909,95.8225789305836,326.0,51.98405442755395,104.0,5229.760284894228,131534,9,9.0,18.416000000000004,81.47866666666667,1004.596,0.2133333333333333,22.661333333333335,0.396,9.0,False,False,False,False,False,False,False,False,False,True
22,2021_16,2021,100.982823,39.699277,36.632958,28.494083,99.91415966833208,324.0,52.81577548633996,104.0,5796.439672584246,135550,9,10.0,18.416000000000004,81.47866666666667,1004.596,0.2133333333333333,22.661333333333335,0.396,14.0,False,False,False,False,False,False,True,False,False,False
5,2021_16,2021,97.130866,35.839666,34.224368,30.390947,79.34027851599872,328.0,61.29956415435314,104.0,4231.339002870203,128558,9,11.0,18.416000000000004,81.47866666666667,1004.596,0.2133333333333333,22.661333333333335,0.396,18.0,False,False,False,False,False,False,False,False,False,True
31,2021_16,2021,100.428,37.651714,35.026444,30.154944,75.06782183480387,327.0,53.29499309025194,104.0,4028.49452535346,137646,9,12.0,18.416000000000004,81.47866666666667,1004.596,0.2133333333333333,22.661333333333335,0.396,10.0,False,False,False,False,False,False,False,False,True,False
63,2021_16,2021,96.544,35.733625,33.93055,28.42685,83.41713617518869,324.0,75.95221643457,104.0,4688.569150632507,154496,9,13.0,18.416000000000004,81.47866666666667,1004.596,0.2133333333333333,22.661333333333335,0.396,15.0,False,False,False,False,False,True,False,False,False,False
47,2021_16,2021,96.942357,35.810571,34.983526,29.464684,79.55873285850961,326.0,72.20373126395238,104.0,4610.571223556925,154098,9,14.0,18.416000000000004,81.47866666666667,1004.596,0.2133333333333333,22.661333333333335,0.396,19.0,False,True,False,False,False,False,False,False,False,False
55,2021_16,2021,100.930727,40.332909,33.897,30.290923,54.40166896991602,320.0,83.14202189858617,104.0,3205.10189220793,152634,9,15.0,18.416000000000004,81.47866666666667,1004.596,0.2133333333333333,22.661333333333335,0.396,8.0,True,False,False,False,False,False,False,False,False,False
3,2021_16,2021,99.339875,37.85825,34.4054,30.0753,41.706282555543744,320.0,73.070638885936,104.0,2471.1816200701605,132422,9,16.0,18.416000000000004,81.47866666666667,1004.596,0.2133333333333333,22.661333333333335,0.396,13.0,False,False,True,False,False,False,False,False,False,False
6,2021_16,2021,96.779125,35.407125,35.3244,27.6196,41.699425959391945,330.0,83.89970234931434,104.0,2805.8536727968535,131025,9,17.0,18.416000000000004,81.47866666666667,1004.596,0.2133333333333333,22.661333333333335,0.396,17.0,False,False,False,False,False,True,False,False,False,False
99,2021_16,2021,97.062444,35.639222,34.702272,28.54509,45.976028489422774,332.0,85.82146274051239,104.0,2570.08520250877,152046,9,18.0,18.416000000000004,81.47866666666667,1004.596,0.2133333333333333,22.661333333333335,0.396,11.0,False,False,False,False,False,False,False,True,False,False
7,2021_16,2021,100.023777,36.805555,35.231272,29.280545,45.96608908259807,336.0,73.70367811204422,104.0,2613.565695758478,133684,9,19.0,18.416000000000004,81.47866666666667,1004.596,0.2133333333333333,22.661333333333335,0.396,12.0,False,False,False,False,False,False,False,True,False,False
9,2021_16,2021,99.754285,39.701285,34.7813,28.32,41.824811310726055,331.0,84.4316466461146,104.0,2580.2504517912193,152344,9,20.0,18.416000000000004,81.47866666666667,1004.596,0.2133333333333333,22.661333333333335,0.396,20.0,False,True,False,False,False,False,False,False,False,False
33,2021_17,2021,107.1289,31.077727,46.6528,37.929866,62.18141028909397,319.0,57.19721613215725,104.0,3844.012083821955,159078,9,1.0,29.61898734177214,55.27088607594936,991.7721518987344,0.0126582278481012,36.684810126582285,1.0974683544303798,1.0,False,False,False,False,True,False,False,False,False,False
44,2021_17,2021,106.1802,29.587,46.099333,39.549666,62.423545607505226,324.0,73.55361239993881,104.0,3846.791668791108,159856,9,2.0,29.61898734177214,55.27088607594936,991.7721518987344,0.0126582278481012,36.684810126582285,1.0974683544303798,2.0,False,False,False,True,False,False,False,False,False,False
11,2021_17,2021,105.532636,31.74323,46.557722,39.496444,74.49100086677204,319.0,42.66766940294703,104.0,4633.025901187988,151818,9,3.0,29.61898734177214,55.27088607594936,991.7721518987344,0.0126582278481012,36.684810126582285,1.0974683544303798,3.0,False,False,False,False,True,False,False,False,False,False
77,2021_17,2021,109.0629,29.4471,47.081466,39.345666,62.36200479273951,324.0,69.46652730331922,104.0,4041.663386529343,159410,9,4.0,29.61898734177214,55.27088607594936,991.7721518987344,0.0126582278481012,36.684810126582285,1.0974683544303798,6.0,False,False,False,True,False,False,False,False,False,False
16,2021_17,2021,107.0671,30.430583,49.061058,43.046937,70.27940651608627,324.0,61.67001478611125,104.0,4593.297455769132,151386,9,5.0,29.61898734177214,55.27088607594936,991.7721518987344,0.0126582278481012,36.684810126582285,1.0974683544303798,4.0,True,False,False,False,False,False,False,False,False,False
55,2021_17,2021,109.511333,30.876,49.410066,42.696357,61.9849079692041,324.0,65.16147453219803,104.0,3983.499005761485,156996,9,6.0,29.61898734177214,55.27088607594936,991.7721518987344,0.0126582278481012,36.684810126582285,1.0974683544303798,7.0,True,False,False,False,False,False,False,False,False,False
3,2021_17,2021,106.156,29.5352,48.149933,40.514857,61.95293937694387,324.0,70.40340590424718,104.0,4242.485698261357,159942,9,7.0,29.61898734177214,55.27088607594936,991.7721518987344,0.0126582278481012,36.684810126582285,1.0974683544303798,5.0,False,False,True,False,False,False,False,False,False,False
4,2021_17,2021,109.420666,29.910333,46.888571,41.041642,57.8477540406873,323.0,69.62927650028043,104.0,4100.766379442207,160372,9,8.0,29.61898734177214,55.27088607594936,991.7721518987344,0.0126582278481012,36.684810126582285,1.0974683544303798,8.0,False,False,True,False,False,False,False,False,False,False
10,2021_17,2021,109.714454,30.259363,49.593352,42.483941,70.177637281395,323.0,39.440830061693774,104.0,4508.162341304237,120018,9,9.0,29.61898734177214,55.27088607594936,991.7721518987344,0.0126582278481012,36.684810126582285,1.0974683544303798,20.0,False,False,False,False,False,False,True,False,False,False
22,2021_17,2021,109.25,30.427,49.549611,44.536944,74.20629174527099,322.0,39.60776015907816,104.0,4876.014888084434,124258,9,10.0,29.61898734177214,55.27088607594936,991.7721518987344,0.0126582278481012,36.684810126582285,1.0974683544303798,9.0,False,False,False,False,False,False,True,False,False,False
31,2021_17,2021,111.415,30.483625,48.525416,43.34725,49.67404272676286,335.0,39.43675113445164,104.0,3067.5173099474837,133676,9,11.0,29.61898734177214,55.27088607594936,991.7721518987344,0.0126582278481012,36.684810126582285,1.0974683544303798,19.0,False,False,False,False,False,False,False,False,True,False
5,2021_17,2021,106.814666,29.296666,49.210111,43.519333,37.12767042267883,320.0,60.10360475195024,104.0,2628.3193290164686,122360,9,12.0,29.61898734177214,55.27088607594936,991.7721518987344,0.0126582278481012,36.684810126582285,1.0974683544303798,10.0,False,False,False,False,False,False,False,False,False,True
99,2021_17,2021,115.435,32.0706,48.427125,44.5525,33.09371335338806,326.0,62.457502676796,104.0,2086.379391220109,122040,9,13.0,29.61898734177214,55.27088607594936,991.7721518987344,0.0126582278481012,36.684810126582285,1.0974683544303798,11.0,False,False,False,False,False,False,False,True,False,False
14,2021_17,2021,110.9905,28.7515,49.514916,41.622833,49.69611992046091,316.0,55.38576454392495,104.0,2996.8613164737676,158628,9,14.0,29.61898734177214,55.27088607594936,991.7721518987344,0.0126582278481012,36.684810126582285,1.0974683544303798,18.0,False,False,False,False,False,False,False,False,True,False
63,2021_17,2021,110.430142,30.232142,46.73209,41.321636,45.47290062713506,322.0,79.32356090348239,104.0,3213.4813644011624,159550,9,15.0,29.61898734177214,55.27088607594936,991.7721518987344,0.0126582278481012,36.684810126582285,1.0974683544303798,14.0,False,False,False,False,False,True,False,False,False,False
18,2021_17,2021,114.29075,34.6598,52.809142,50.228571,28.993932595727323,318.0,66.22734920715851,104.0,1881.5514709631368,130640,9,16.0,29.61898734177214,55.27088607594936,991.7721518987344,0.0126582278481012,36.684810126582285,1.0974683544303798,12.0,False,False,False,False,False,False,False,False,False,True
6,2021_17,2021,111.67025,32.265,46.760166,43.692666,24.81461275684495,321.0,61.43129556926528,104.0,1703.081884464386,107882,9,17.0,29.61898734177214,55.27088607594936,991.7721518987344,0.0126582278481012,36.684810126582285,1.0974683544303798,15.0,False,False,False,False,False,True,False,False,False,False
7,2021_17,2021,111.4272,28.3878,48.930714,40.922,29.00922857288533,326.0,65.48381175750778,104.0,1710.5822668638148,122354,9,18.0,29.61898734177214,55.27088607594936,991.7721518987344,0.0126582278481012,36.684810126582285,1.0974683544303798,13.0,False,False,False,False,False,False,False,True,False,False
47,2021_17,2021,103.977,27.731833,45.616444,43.548,37.32029776168868,320.0,80.25228164992608,104.0,2575.7361443940244,158692,9,19.0,29.61898734177214,55.27088607594936,991.7721518987344,0.0126582278481012,36.684810126582285,1.0974683544303798,16.0,False,True,False,False,False,False,False,False,False,False
9,2021_17,2021,114.8644,33.655666,50.312375,45.464,33.20129505939938,320.0,78.67026971906388,104.0,2565.6417682149595,158156,9,20.0,29.61898734177214,55.27088607594936,991.7721518987344,0.0126582278481012,36.684810126582285,1.0974683544303798,17.0,False,True,False,False,False,False,False,False,False,False
77,2021_18,2021,92.357562,31.393125,36.675142,26.894952,54.15100088710611,349.0,70.48594129671771,104.0,3613.6106375593017,216846,9,1.0,21.64134615384615,20.068269230769236,783.5153846153846,0.0,45.03173076923077,0.3807692307692307,15.0,False,False,False,True,False,False,False,False,False,False
44,2021_18,2021,93.4046,32.007466,36.07165,27.8048,51.69950244918425,351.0,69.46052377830061,104.0,3429.4638793535696,216086,9,2.0,21.64134615384615,20.068269230769236,783.5153846153846,0.0,45.03173076923077,0.3807692307692307,2.0,False,False,False,True,False,False,False,False,False,False
33,2021_18,2021,87.991,32.0293,36.527312,24.38075,41.638060708913486,344.0,47.23978863732789,104.0,2742.6801403941836,215627,9,3.0,21.64134615384615,20.068269230769236,783.5153846153846,0.0,45.03173076923077,0.3807692307692307,1.0,False,False,False,False,True,False,False,False,False,False
11,2021_18,2021,91.5987,30.553583,36.816294,26.654812,44.07956956068963,342.0,39.46372507424692,104.0,2774.760944189455,183984,9,4.0,21.64134615384615,20.068269230769236,783.5153846153846,0.0,45.03173076923077,0.3807692307692307,3.0,False,False,False,False,True,False,False,False,False,False
10,2021_18,2021,89.304076,31.261733,35.878809,26.37125,53.724071431326415,352.0,52.557681181779614,104.0,3530.3408030238747,178408,9,5.0,21.64134615384615,20.068269230769236,783.5153846153846,0.0,45.03173076923077,0.3807692307692307,4.0,False,False,False,False,False,False,True,False,False,False
55,2021_18,2021,89.344785,30.816333,37.320727,25.52619,56.33729316928299,346.0,66.50476337408878,104.0,3869.376981525051,215852,9,6.0,21.64134615384615,20.068269230769236,783.5153846153846,0.0,45.03173076923077,0.3807692307692307,6.0,True,False,False,False,False,False,False,False,False,False
3,2021_18,2021,89.825333,29.98509,36.5755,28.1346,41.47869016855016,353.0,58.59937516874301,104.0,3193.9144135457245,180648,9,7.0,21.64134615384615,20.068269230769236,783.5153846153846,0.0,45.03173076923077,0.3807692307692307,12.0,False,False,True,False,False,False,False,False,False,False
16,2021_18,2021,88.067923,31.176714,38.937,27.493,53.76287268098893,348.0,64.5752304547383,104.0,3813.1043313919854,213376,9,8.0,21.64134615384615,20.068269230769236,783.5153846153846,0.0,45.03173076923077,0.3807692307692307,5.0,True,False,False,False,False,False,False,False,False,False
22,2021_18,2021,92.9768,32.555083,38.817,26.685882,46.68754580167393,344.0,54.774752188837894,104.0,3164.4774173641376,177845,9,9.0,21.64134615384615,20.068269230769236,783.5153846153846,0.0,45.03173076923077,0.3807692307692307,20.0,False,False,False,False,False,False,True,False,False,False
4,2021_18,2021,92.32325,31.099615,37.152947,26.483722,46.58942415242797,347.0,76.43491341073013,104.0,3603.0915647780303,218085,9,10.0,21.64134615384615,20.068269230769236,783.5153846153846,0.0,45.03173076923077,0.3807692307692307,10.0,False,False,True,False,False,False,False,False,False,False
5,2021_18,2021,87.4026,30.0097,33.559466,28.173933,39.165657422763914,347.0,62.70667643769044,104.0,2659.9029968758437,179052,9,11.0,21.64134615384615,20.068269230769236,783.5153846153846,0.0,45.03173076923077,0.3807692307692307,7.0,False,False,False,False,False,False,False,False,False,True
7,2021_18,2021,89.08,30.267307,35.577944,26.781176,46.463416515601494,350.0,63.75288309484321,104.0,2804.9306128746093,186304,9,12.0,21.64134615384615,20.068269230769236,783.5153846153846,0.0,45.03173076923077,0.3807692307692307,8.0,False,False,False,False,False,False,False,True,False,False
63,2021_18,2021,89.876875,31.174,36.493923,28.220846,31.885177614070273,345.0,76.28217688124349,104.0,2369.825124387704,213762,18,13.0,21.64134615384615,20.068269230769236,783.5153846153846,0.0,45.03173076923077,0.3807692307692307,16.0,False,False,False,False,False,True,False,False,False,False
99,2021_18,2021,88.741444,31.4348,36.615,27.191928,36.67670767925329,353.0,66.00586261426312,104.0,2373.9900875535154,181824,9,14.0,21.64134615384615,20.068269230769236,783.5153846153846,0.0,45.03173076923077,0.3807692307692307,11.0,False,False,False,False,False,False,False,True,False,False
31,2021_18,2021,91.594875,31.421555,35.277846,26.10125,31.83866239827207,348.0,48.41524279708412,104.0,1875.4177112662476,190140,9,15.0,21.64134615384615,20.068269230769236,783.5153846153846,0.0,45.03173076923077,0.3807692307692307,13.0,False,False,False,False,False,False,False,False,True,False
14,2021_18,2021,92.76725,30.8718,35.639833,28.201833,17.13626721178694,343.0,73.69128707524973,104.0,1054.0343657191345,215071,9,16.0,21.64134615384615,20.068269230769236,783.5153846153846,0.0,45.03173076923077,0.3807692307692307,9.0,False,False,False,False,False,False,False,False,True,False
6,2021_18,2021,93.1808,31.7872,36.29875,30.835,19.617618698653914,345.0,85.22644347591314,104.0,1777.9092066185829,215087,9,17.0,21.64134615384615,20.068269230769236,783.5153846153846,0.0,45.03173076923077,0.3807692307692307,17.0,False,False,False,False,False,True,False,False,False,False
47,2021_18,2021,87.929333,29.416833,36.071,26.920111,22.076908242372816,347.0,86.89188876460832,104.0,1740.6167315925484,210474,9,18.0,21.64134615384615,20.068269230769236,783.5153846153846,0.0,45.03173076923077,0.3807692307692307,19.0,False,True,False,False,False,False,False,False,False,False
9,2021_18,2021,87.766333,30.214333,37.697333,27.419666,22.078373895938597,346.0,83.26223627878274,104.0,2272.048597986655,211672,9,19.0,21.64134615384615,20.068269230769236,783.5153846153846,0.0,45.03173076923077,0.3807692307692307,18.0,False,True,False,False,False,False,False,False,False,False
18,2021_18,2021,80.873,27.837,35.002,23.539,4.811393527982412,344.0,82.84437073321249,104.0,296.0511821653103,174505,9,20.0,21.64134615384615,20.068269230769236,783.5153846153846,0.0,45.03173076923077,0.3807692307692307,14.0,False,False,False,False,False,False,False,False,False,True
44,2021_19,2021,83.936941,21.647882,44.591739,19.606782,75.33393539064919,328.0,67.31995045928372,104.0,4534.529363195376,158722,9,1.0,15.702564102564104,80.18589743589743,930.3538461538456,0.0,24.988461538461532,0.464102564102564,1.0,False,False,False,True,False,False,False,False,False,False
33,2021_19,2021,80.975416,20.406916,44.136294,19.445882,55.6195685829291,324.0,42.64057178243369,104.0,3621.4055630095986,154178,9,2.0,15.702564102564104,80.18589743589743,930.3538461538456,0.0,24.988461538461532,0.464102564102564,2.0,False,False,False,False,True,False,False,False,False,False
77,2021_19,2021,83.918352,20.530705,45.979304,20.317956,75.15760140365363,325.0,50.89008153576221,104.0,4529.2516255547525,131574,9,3.0,15.702564102564104,80.18589743589743,930.3538461538456,0.0,24.988461538461532,0.464102564102564,3.0,False,False,False,True,False,False,False,False,False,False
11,2021_19,2021,81.715,21.4245,45.382863,19.170476,71.8704200639901,324.0,34.7525028382702,104.0,4470.680720404583,149196,9,4.0,15.702564102564104,80.18589743589743,930.3538461538456,0.0,24.988461538461532,0.464102564102564,4.0,False,False,False,False,True,False,False,False,False,False
10,2021_19,2021,79.72809,19.957166,45.151888,19.451176,58.66833522551347,323.0,57.40829806997626,104.0,3505.791980596553,127406,9,5.0,15.702564102564104,80.18589743589743,930.3538461538456,0.0,24.988461538461532,0.464102564102564,7.0,False,False,False,False,False,False,True,False,False,False
55,2021_19,2021,82.472538,20.577538,44.585,20.632,62.04835380328207,327.0,72.57265971720508,104.0,3745.9976777789248,157398,9,6.0,15.702564102564104,80.18589743589743,930.3538461538456,0.0,24.988461538461532,0.464102564102564,6.0,True,False,False,False,False,False,False,False,False,False
16,2021_19,2021,81.0892,21.2104,43.953454,18.971,71.79327071937249,326.0,69.97925482505934,104.0,4611.214831251935,158072,9,7.0,15.702564102564104,80.18589743589743,930.3538461538456,0.0,24.988461538461532,0.464102564102564,5.0,True,False,False,False,False,False,False,False,False,False
4,2021_19,2021,83.186266,20.635437,46.172818,18.568333,71.82743317163794,326.0,62.211838166993495,104.0,4815.773402827949,154034,36,8.0,15.702564102564104,80.18589743589743,930.3538461538456,0.0,24.988461538461532,0.464102564102564,10.0,False,False,True,False,False,False,False,False,False,False
3,2021_19,2021,80.438714,20.681466,43.615863,18.969761,71.776860357106,324.0,44.87227784085045,104.0,4545.804210960883,123032,9,9.0,15.702564102564104,80.18589743589743,930.3538461538456,0.0,24.988461538461532,0.464102564102564,19.0,False,False,True,False,False,False,False,False,False,False
14,2021_19,2021,83.551846,21.913538,43.576578,20.553105,61.91825781814429,328.0,45.904014862214886,104.0,3579.813087005883,129162,9,10.0,15.702564102564104,80.18589743589743,930.3538461538456,0.0,24.988461538461532,0.464102564102564,9.0,False,False,False,False,False,False,False,False,True,False
31,2021_19,2021,81.6919,20.8791,45.602,19.204071,45.73583445143978,327.0,76.51073382185984,104.0,2940.6190009288885,156926,9,11.0,15.702564102564104,80.18589743589743,930.3538461538456,0.0,24.988461538461532,0.464102564102564,8.0,False,False,False,False,False,False,False,False,True,False
5,2021_19,2021,83.893909,21.152818,46.085266,19.714933,49.06094540200227,323.0,56.94261533698008,104.0,3034.1950665703375,122684,9,12.0,15.702564102564104,80.18589743589743,930.3538461538456,0.0,24.988461538461532,0.464102564102564,11.0,False,False,False,False,False,False,False,False,False,True
22,2021_19,2021,82.214833,22.1945,44.953444,18.944555,29.43095262669006,330.0,59.1702962121994,104.0,1814.77304159356,112058,9,13.0,15.702564102564104,80.18589743589743,930.3538461538456,0.0,24.988461538461532,0.464102564102564,15.0,False,False,False,False,False,False,True,False,False,False
7,2021_19,2021,78.9935,19.9249,44.1526,19.6052,48.91495510372587,332.0,59.190215708535455,104.0,2846.6863453400765,123036,9,14.0,15.702564102564104,80.18589743589743,930.3538461538456,0.0,24.988461538461532,0.464102564102564,12.0,False,False,False,False,False,False,False,True,False,False
99,2021_19,2021,80.658333,20.045333,46.6045,19.592642,45.76772628754257,331.0,58.323046754050985,104.0,2739.1688512746414,122644,9,15.0,15.702564102564104,80.18589743589743,930.3538461538456,0.0,24.988461538461532,0.464102564102564,14.0,False,False,False,False,False,False,False,True,False,False
18,2021_19,2021,86.633571,21.163142,44.906333,20.496666,29.42217979151615,323.0,66.9182062132315,104.0,1718.3211889771906,122614,9,16.0,15.702564102564104,80.18589743589743,930.3538461538456,0.0,24.988461538461532,0.464102564102564,20.0,False,False,False,False,False,False,False,False,False,True
6,2021_19,2021,81.074333,20.263166,44.502444,19.758777,29.420167199917433,323.0,83.7558571576014,104.0,2412.3260914439056,156398,9,17.0,15.702564102564104,80.18589743589743,930.3538461538456,0.0,24.988461538461532,0.464102564102564,16.0,False,False,False,False,False,True,False,False,False,False
63,2021_19,2021,88.014142,21.625571,46.6272,20.7869,32.70440705955207,326.0,80.48374445247188,104.0,2365.084116007844,156362,9,18.0,15.702564102564104,80.18589743589743,930.3538461538456,0.0,24.988461538461532,0.464102564102564,13.0,False,False,False,False,False,True,False,False,False,False
47,2021_19,2021,81.503,20.063,46.329,19.420727,36.032356280317885,325.0,66.69491175559914,104.0,3011.2512127154505,127810,9,19.0,15.702564102564104,80.18589743589743,930.3538461538456,0.0,24.988461538461532,0.464102564102564,18.0,False,True,False,False,False,False,False,False,False,False
9,2021_19,2021,83.045428,21.126285,46.6859,20.0023,32.77918257818144,328.0,84.52415109918464,104.0,2265.467850139333,156304,9,20.0,15.702564102564104,80.18589743589743,930.3538461538456,0.0,24.988461538461532,0.464102564102564,17.0,False,True,False,False,False,False,False,False,False,False
44,2021_20,2021,102.310363,37.502222,33.589666,36.273538,74.27251306218625,325.0,72.36860977358877,104.0,4246.8592869583035,157604,9,1.0,25.93846153846153,66.62692307692308,1009.6025641025636,0.0,29.239743589743593,0.1974358974358974,1.0,False,False,False,True,False,False,False,False,False,False
33,2021_20,2021,108.429846,37.409611,34.2945,35.156153,74.36748283987296,323.0,42.67800430283783,104.0,4488.673957586313,155276,9,2.0,25.93846153846153,66.62692307692308,1009.6025641025636,0.0,29.239743589743593,0.1974358974358974,2.0,False,False,False,False,True,False,False,False,False,False
77,2021_20,2021,105.648615,37.2428,34.29035,38.773071,83.02463886896834,324.0,58.65080422087901,104.0,4986.396680667965,148672,9,3.0,25.93846153846153,66.62692307692308,1009.6025641025636,0.0,29.239743589743593,0.1974358974358974,20.0,False,False,False,True,False,False,False,False,False,False
10,2021_20,2021,106.546461,37.154263,33.204947,35.640571,78.17093535498412,329.0,46.211402520233584,104.0,4691.630724311034,125468,9,4.0,25.93846153846153,66.62692307692308,1009.6025641025636,0.0,29.239743589743593,0.1974358974358974,11.0,False,False,False,False,False,False,True,False,False,False
14,2021_20,2021,104.67909,37.263888,34.606055,37.5535,74.07560700747874,327.0,67.16007581190452,104.0,4585.633285524024,157682,9,5.0,25.93846153846153,66.62692307692308,1009.6025641025636,0.0,29.239743589743593,0.1974358974358974,3.0,False,False,False,False,False,False,False,False,True,False
4,2021_20,2021,102.09723,36.875095,34.853761,37.670466,86.52648294232148,329.0,66.92434176826144,104.0,5461.130673086774,158986,9,6.0,25.93846153846153,66.62692307692308,1009.6025641025636,0.0,29.239743589743593,0.1974358974358974,9.0,False,False,True,False,False,False,False,False,False,False
55,2021_20,2021,104.849666,37.557476,33.845476,34.6922,86.46450158795206,326.0,60.98488884335622,104.0,5188.615305808831,149904,9,7.0,25.93846153846153,66.62692307692308,1009.6025641025636,0.0,29.239743589743593,0.1974358974358974,7.0,True,False,False,False,False,False,False,False,False,False
22,2021_20,2021,103.61709,38.725111,32.567666,38.152666,74.08467370146501,321.0,44.03211761090052,104.0,4423.74720827784,117592,9,8.0,25.93846153846153,66.62692307692308,1009.6025641025636,0.0,29.239743589743593,0.1974358974358974,13.0,False,False,False,False,False,False,True,False,False,False
31,2021_20,2021,97.8639,36.223666,32.951444,38.237833,73.9999487757402,326.0,63.15684868353652,104.0,4387.180411843049,157968,9,9.0,25.93846153846153,66.62692307692308,1009.6025641025636,0.0,29.239743589743593,0.1974358974358974,5.0,False,False,False,False,False,False,False,False,True,False
5,2021_20,2021,106.075466,35.426047,33.716809,36.905125,86.46450158795206,325.0,46.09594303862309,104.0,4941.79858621043,126444,9,10.0,25.93846153846153,66.62692307692308,1009.6025641025636,0.0,29.239743589743593,0.1974358974358974,10.0,False,False,False,False,False,False,False,False,False,True
11,2021_20,2021,106.814875,37.274416,34.769833,40.245666,49.49364819178363,321.0,60.03846941911689,104.0,3085.369634258785,158410,9,11.0,25.93846153846153,66.62692307692308,1009.6025641025636,0.0,29.239743589743593,0.1974358974358974,4.0,False,False,False,False,True,False,False,False,False,False
18,2021_20,2021,109.28509,35.879066,32.993133,39.476181,61.81543899190657,326.0,57.180616740088105,104.0,3520.597274869378,126530,9,12.0,25.93846153846153,66.62692307692308,1009.6025641025636,0.0,29.239743589743593,0.1974358974358974,6.0,False,False,False,False,False,False,False,False,False,True
16,2021_20,2021,109.900363,37.466866,34.738266,36.958181,61.915223850015366,331.0,72.81677082266161,104.0,3909.757811699621,152202,9,13.0,25.93846153846153,66.62692307692308,1009.6025641025636,0.0,29.239743589743593,0.1974358974358974,8.0,True,False,False,False,False,False,False,False,False,False
3,2021_20,2021,109.732545,35.366732999999996,32.7032,40.198,61.83439196803606,327.0,74.47787111976231,104.0,4024.6874807909026,155222,41,14.0,25.93846153846153,66.62692307692308,1009.6025641025636,0.0,29.239743589743593,0.1974358974358974,12.0,False,False,True,False,False,False,False,False,False,False
63,2021_20,2021,100.063833,35.085625,32.937062,33.29025,65.96096711402521,326.0,75.84740293002766,104.0,3953.9692142198546,157226,9,15.0,25.93846153846153,66.62692307692308,1009.6025641025636,0.0,29.239743589743593,0.1974358974358974,17.0,False,False,False,False,False,True,False,False,False,False
7,2021_20,2021,99.534833,35.736888,32.310666,32.632166,37.11843048867944,333.0,68.6214527200082,104.0,2051.7508964245467,126152,9,16.0,25.93846153846153,66.62692307692308,1009.6025641025636,0.0,29.239743589743593,0.1974358974358974,14.0,False,False,False,False,False,False,False,True,False,False
6,2021_20,2021,103.387125,34.853,33.1972,35.163,41.147167298432535,329.0,81.04994365331422,104.0,2802.275023050917,134591,9,17.0,25.93846153846153,66.62692307692308,1009.6025641025636,0.0,29.239743589743593,0.1974358974358974,19.0,False,False,False,False,False,True,False,False,False,False
99,2021_20,2021,105.827,36.601125,35.49725,34.383666,32.9918553426903,331.0,70.01485503534474,104.0,1884.3135436942937,124386,9,18.0,25.93846153846153,66.62692307692308,1009.6025641025636,0.0,29.239743589743593,0.1974358974358974,15.0,False,False,False,False,False,False,False,True,False,False
47,2021_20,2021,105.462833,35.279222,33.168333,36.028,37.23865382645221,326.0,83.82527404978998,104.0,3409.6086978793155,156350,9,19.0,25.93846153846153,66.62692307692308,1009.6025641025636,0.0,29.239743589743593,0.1974358974358974,16.0,False,True,False,False,False,False,False,False,False,False
9,2021_20,2021,101.2994,38.456111,33.687555,39.513166,37.192347095584466,335.0,83.64542567359902,104.0,2315.7708738858723,157020,9,20.0,25.93846153846153,66.62692307692308,1009.6025641025636,0.0,29.239743589743593,0.1974358974358974,18.0,False,True,False,False,False,False,False,False,False,False
44,2021_21,2021,109.394611,41.547789,35.352304,35.188,107.54957072771872,327.0,69.44981602616517,104.0,5596.047935404742,162138,53,1.0,28.15384615384615,72.06025641025644,1013.7435897435894,0.0,30.857692307692307,0.6371794871794874,1.0,False,False,False,True,False,False,False,False,False,False
77,2021_21,2021,107.45035,39.35038,34.253666,34.564666,112.50597914963204,327.0,56.085547833197055,104.0,6291.399785363859,151814,9,2.0,28.15384615384615,72.06025641025644,1013.7435897435894,0.0,30.857692307692307,0.6371794871794874,3.0,False,False,False,True,False,False,False,False,False,False
33,2021_21,2021,108.971727,40.181071,37.018421,39.194736,88.52136140637776,325.0,43.86994071954211,104.0,5049.420022485691,156452,9,3.0,28.15384615384615,72.06025641025644,1013.7435897435894,0.0,30.857692307692307,0.6371794871794874,2.0,False,False,False,False,True,False,False,False,False,False
16,2021_21,2021,106.76947,39.689722,35.503958,36.473,112.19838511856092,327.0,63.22485690923958,104.0,6507.547168847097,158654,9,4.0,28.15384615384615,72.06025641025644,1013.7435897435894,0.0,30.857692307692307,0.6371794871794874,7.0,True,False,False,False,False,False,False,False,False,False
11,2021_21,2021,106.610736,38.680947,33.844651999999996,35.119434,107.31669051512674,325.0,52.078546606704826,104.0,5730.611713000818,160734,9,5.0,28.15384615384615,72.06025641025644,1013.7435897435894,0.0,30.857692307692307,0.6371794871794874,17.0,False,False,False,False,True,False,False,False,False,False
10,2021_21,2021,107.57935,41.630476,33.089653,35.477923,121.19623875715452,324.0,49.28674366312347,104.0,6527.549570727719,134604,9,6.0,28.15384615384615,72.06025641025644,1013.7435897435894,0.0,30.857692307692307,0.6371794871794874,6.0,False,False,False,False,False,False,True,False,False,False
4,2021_21,2021,108.0204,41.103588,34.848047,39.016333,98.0977105478332,324.0,48.20042927228128,104.0,5534.565310711366,134340,9,7.0,28.15384615384615,72.06025641025644,1013.7435897435894,0.0,30.857692307692307,0.6371794871794874,10.0,False,False,True,False,False,False,False,False,False,False
22,2021_21,2021,110.329666,42.005714,33.484769,36.463,121.37469337694196,323.0,48.696494276369584,104.0,6623.140739983647,134836,9,8.0,28.15384615384615,72.06025641025644,1013.7435897435894,0.0,30.857692307692307,0.6371794871794874,14.0,False,False,False,False,False,False,True,False,False,False
31,2021_21,2021,106.759555,38.324777,33.391727,36.485772,102.607880212592,324.0,67.4755723630417,104.0,5312.7978843009,162150,9,9.0,28.15384615384615,72.06025641025644,1013.7435897435894,0.0,30.857692307692307,0.6371794871794874,4.0,False,False,False,False,False,False,False,False,True,False
99,2021_21,2021,103.256357,41.017117,35.37419,37.205047,98.22368152085036,334.0,55.77309893704007,104.0,5226.739728127555,132814,9,10.0,28.15384615384615,72.06025641025644,1013.7435897435894,0.0,30.857692307692307,0.6371794871794874,9.0,False,False,False,False,False,False,False,True,False,False
3,2021_21,2021,108.552285,38.492214,34.398882,37.86547,79.30110384300899,328.0,63.966578086672115,104.0,4439.4236508585445,145604,32,11.0,28.15384615384615,72.06025641025644,1013.7435897435894,0.0,30.857692307692307,0.6371794871794874,5.0,False,False,True,False,False,False,False,False,False,False
7,2021_21,2021,102.953538,37.898642,33.104722,37.359055,84.29078086672118,330.0,60.74519623875715,104.0,4432.650909648406,133534,9,12.0,28.15384615384615,72.06025641025644,1013.7435897435894,0.0,30.857692307692307,0.6371794871794874,15.0,False,False,False,False,False,False,False,True,False,False
14,2021_21,2021,105.777214,36.3035,33.096823,37.858294,79.47899632052331,328.0,79.42830130825838,104.0,4049.875408830744,131204,9,13.0,28.15384615384615,72.06025641025644,1013.7435897435894,0.0,30.857692307692307,0.6371794871794874,13.0,False,False,False,False,False,False,False,False,True,False
63,2021_21,2021,108.522538,39.029384,35.437529,35.911058,79.47930294358136,326.0,75.85333197056418,104.0,4465.96315412919,126012,9,14.0,28.15384615384615,72.06025641025644,1013.7435897435894,0.0,30.857692307692307,0.6371794871794874,19.0,False,False,False,False,False,True,False,False,False,False
55,2021_21,2021,111.2628,39.674666,38.399062,40.813812,74.9278413736713,328.0,70.58723426001636,104.0,4428.819858953393,157138,9,15.0,28.15384615384615,72.06025641025644,1013.7435897435894,0.0,30.857692307692307,0.6371794871794874,8.0,True,False,False,False,False,False,False,False,False,False
6,2021_21,2021,112.639,38.564285,36.865111,38.649777,42.054016762060506,320.0,84.20272894521668,104.0,2882.915780866721,148715,9,16.0,28.15384615384615,72.06025641025644,1013.7435897435894,0.0,30.857692307692307,0.6371794871794874,12.0,False,False,False,False,False,True,False,False,False,False
5,2021_21,2021,110.316875,39.002,32.752,39.5579,46.71259198691742,322.0,71.10031684382666,104.0,2610.612888389207,137224,9,17.0,28.15384615384615,72.06025641025644,1013.7435897435894,0.0,30.857692307692307,0.6371794871794874,16.0,False,False,False,False,False,False,False,False,False,True
18,2021_21,2021,113.188857,40.672142,33.489777,41.794555,42.05023507767784,329.0,67.31791700735896,104.0,2605.370707277187,131454,9,18.0,28.15384615384615,72.06025641025644,1013.7435897435894,0.0,30.857692307692307,0.6371794871794874,11.0,False,False,False,False,False,False,False,False,False,True
47,2021_21,2021,99.211333,35.525166,33.826888,39.944777,42.1511140637776,325.0,81.95415985282094,104.0,2669.170380212592,143219,9,19.0,28.15384615384615,72.06025641025644,1013.7435897435894,0.0,30.857692307692307,0.6371794871794874,20.0,False,True,False,False,False,False,False,False,False,False
9,2021_21,2021,103.1776,38.5494,34.45325,42.554875,37.533319705641865,327.0,83.49805805396566,104.0,2422.9116925592803,120612,9,20.0,28.15384615384615,72.06025641025644,1013.7435897435894,0.0,30.857692307692307,0.6371794871794874,18.0,False,True,False,False,False,False,False,False,False,False
33,2021_22,2021,98.987076,20.776428,43.607631,41.948684,74.72548723372111,328.0,44.67900488492723,104.0,4567.417636098102,164979,9,1.0,25.12962962962963,57.35802469135801,1018.630864197531,0.0,29.17283950617284,0.3160493827160494,1.0,False,False,False,False,True,False,False,False,False,False
44,2021_22,2021,95.777333,20.420461,42.034722,37.460333,70.96610766983935,323.0,56.38595961122022,104.0,3908.1764113410886,130932,9,2.0,25.12962962962963,57.35802469135801,1018.630864197531,0.0,29.17283950617284,0.3160493827160494,2.0,False,False,False,True,False,False,False,False,False,False
4,2021_22,2021,97.195833,20.132142,44.819294,42.486705,74.79498413657652,323.0,48.4163770962381,104.0,4677.851085259606,132006,9,3.0,25.12962962962963,57.35802469135801,1018.630864197531,0.0,29.17283950617284,0.3160493827160494,7.0,False,False,True,False,False,False,False,False,False,False
11,2021_22,2021,100.337611,20.640611,42.262291,39.757291,94.48758624162764,329.0,39.88663947222642,104.0,5467.300196404291,153382,9,4.0,25.12962962962963,57.35802469135801,1018.630864197531,0.0,29.17283950617284,0.3160493827160494,15.0,False,False,False,False,True,False,False,False,False,False
55,2021_22,2021,100.030571,20.2784,46.852857,43.454476,86.62829228987259,324.0,58.786775444427654,104.0,5459.715314498665,161136,9,5.0,25.12962962962963,57.35802469135801,1018.630864197531,0.0,29.17283950617284,0.3160493827160494,3.0,True,False,False,False,False,False,False,False,False,False
77,2021_22,2021,96.433285,19.010428,41.88555,40.74865,78.80853099662588,322.0,52.626680767487535,104.0,4523.173490456766,131666,9,6.0,25.12962962962963,57.35802469135801,1018.630864197531,0.0,29.17283950617284,0.3160493827160494,6.0,False,False,False,True,False,False,False,False,False,False
16,2021_22,2021,96.7628,19.85325,44.813227,41.897,90.48144231253464,325.0,62.59500428060633,104.0,5549.980057410485,161109,9,7.0,25.12962962962963,57.35802469135801,1018.630864197531,0.0,29.17283950617284,0.3160493827160494,10.0,True,False,False,False,False,False,False,False,False,False
22,2021_22,2021,101.666437,20.954437,45.912562,43.789125,86.76859545752127,325.0,49.83799164022763,104.0,5203.624918164879,138172,9,8.0,25.12962962962963,57.35802469135801,1018.630864197531,0.0,29.17283950617284,0.3160493827160494,4.0,False,False,False,False,False,False,True,False,False,False
31,2021_22,2021,98.20723,18.882857,41.97325,43.715947,78.64168806969835,326.0,41.12323110238203,104.0,4370.116583572543,132476,9,9.0,25.12962962962963,57.35802469135801,1018.630864197531,0.0,29.17283950617284,0.3160493827160494,9.0,False,False,False,False,False,False,False,False,True,False
3,2021_22,2021,94.890666,18.935076,41.378444,43.176235,74.77131490154605,323.0,50.76149468701214,104.0,4593.343455708315,132404,9,10.0,25.12962962962963,57.35802469135801,1018.630864197531,0.0,29.17283950617284,0.3160493827160494,12.0,False,False,True,False,False,False,False,False,False,False
14,2021_22,2021,101.437875,21.379125,43.458416,42.39025,47.3210454751473,326.0,56.705695724429674,104.0,2773.297325880042,129630,9,11.0,25.12962962962963,57.35802469135801,1018.630864197531,0.0,29.17283950617284,0.3160493827160494,8.0,False,False,False,False,False,False,False,False,True,False
10,2021_22,2021,104.622,21.387,43.931,44.101187,63.03958301858287,325.0,58.72825703782041,104.0,3788.899783451679,135967,9,12.0,25.12962962962963,57.35802469135801,1018.630864197531,0.0,29.17283950617284,0.3160493827160494,5.0,False,False,False,False,False,False,True,False,False,False
18,2021_22,2021,104.640384,20.452769,44.217076,45.93823,66.99289922949086,323.0,57.97451780228635,104.0,3794.092259656544,137662,9,13.0,25.12962962962963,57.35802469135801,1018.630864197531,0.0,29.17283950617284,0.3160493827160494,13.0,False,False,False,False,False,False,False,False,False,True
99,2021_22,2021,103.922307,20.378153,45.432823,43.49447,67.05207231706703,328.0,58.50682379009921,104.0,3937.552802538148,134065,9,14.0,25.12962962962963,57.35802469135801,1018.630864197531,0.0,29.17283950617284,0.3160493827160494,17.0,False,False,False,False,False,False,False,True,False,False
5,2021_22,2021,102.945846,20.249785,44.50247,40.364294,70.93297074079669,323.0,56.05882056705444,104.0,4032.1993251750014,136915,9,15.0,25.12962962962963,57.35802469135801,1018.630864197531,0.0,29.17283950617284,0.3160493827160494,11.0,False,False,False,False,False,False,False,False,False,True
6,2021_22,2021,99.216,19.266666,42.417625,43.611142,31.500377700558996,324.0,65.68444377297678,104.0,2186.944906078461,112403,9,16.0,25.12962962962963,57.35802469135801,1018.630864197531,0.0,29.17283950617284,0.3160493827160494,16.0,False,False,False,False,False,True,False,False,False,False
63,2021_22,2021,98.37325,19.731,41.263285,42.241,27.54902553255779,327.0,66.41612529586544,104.0,1901.162260160145,99602,9,17.0,25.12962962962963,57.35802469135801,1018.630864197531,0.0,29.17283950617284,0.3160493827160494,18.0,False,False,False,False,False,True,False,False,False,False
7,2021_22,2021,100.3002,18.9734,43.329285,40.428857,31.537694515787884,325.0,71.92083396283427,104.0,1830.9745681623608,133835,9,18.0,25.12962962962963,57.35802469135801,1018.630864197531,0.0,29.17283950617284,0.3160493827160494,19.0,False,False,False,False,False,False,False,True,False,False
47,2021_22,2021,92.822,18.365166,41.706375,41.04775,35.55824142619731,326.0,69.64707659767336,104.0,2092.947625522486,135982,9,19.0,25.12962962962963,57.35802469135801,1018.630864197531,0.0,29.17283950617284,0.3160493827160494,14.0,False,True,False,False,False,False,False,False,False,False
16,2022_1,2022,101.5887,32.2401,44.5346,27.491133,61.35845924908425,318.0,72.0801282051282,104.0,3885.6480654761904,141784,9,1.0,19.43589743589745,55.6025641025641,1013.682051282051,0.0,25.403846153846157,0.4961538461538461,1.0,True,False,False,False,False,False,False,False,False,False
1,2022_1,2022,102.5849,32.7654,45.656,26.201357,57.203182234432234,323.0,55.081559065934066,104.0,3386.44826007326,135732,9,2.0,19.43589743589745,55.6025641025641,1013.682051282051,0.0,25.403846153846157,0.4961538461538461,19.0,False,False,False,False,True,False,False,False,False,False
55,2022_1,2022,104.2268,33.556,45.4848,28.1492,61.38690476190476,317.0,73.16414835164835,104.0,3908.898752289377,140624,9,3.0,19.43589743589745,55.6025641025641,1013.682051282051,0.0,25.403846153846157,0.4961538461538461,2.0,True,False,False,False,False,False,False,False,False,False
11,2022_1,2022,101.120363,32.45125,45.534222,27.397941,73.76116071428571,323.0,46.70186584249084,104.0,4474.176339285715,139596,9,4.0,19.43589743589745,55.6025641025641,1013.682051282051,0.0,25.403846153846157,0.4961538461538461,18.0,False,False,False,False,True,False,False,False,False,False
44,2022_1,2022,103.248272,33.059583,44.721882,27.567,69.37345467032966,318.0,74.36132097069597,104.0,3841.9536401098903,143178,9,5.0,19.43589743589745,55.6025641025641,1013.682051282051,0.0,25.403846153846157,0.4961538461538461,3.0,False,False,False,True,False,False,False,False,False,False
77,2022_1,2022,101.153555,32.3471,45.264466,27.1785,61.445455586080584,317.0,50.28703067765568,104.0,3540.241414835165,106632,9,6.0,19.43589743589745,55.6025641025641,1013.682051282051,0.0,25.403846153846157,0.4961538461538461,6.0,False,False,False,False,False,False,False,True,False,False
20,2022_1,2022,101.060857,31.295125,45.393727,26.232454,45.60485347985348,320.0,79.53199404761905,104.0,2879.0604395604396,141640,9,7.0,19.43589743589745,55.6025641025641,1013.682051282051,0.0,25.403846153846157,0.4961538461538461,5.0,False,True,False,False,False,False,False,False,False,False
14,2022_1,2022,102.8515,32.908555,46.490857,28.298769,57.27712912087912,322.0,55.121565934065934,104.0,3468.793727106227,112444,9,8.0,19.43589743589745,55.6025641025641,1013.682051282051,0.0,25.403846153846157,0.4961538461538461,9.0,False,False,False,False,False,False,False,False,True,False
63,2022_1,2022,104.373272,33.729666,45.665352,26.840625,69.78777472527473,316.0,68.4356684981685,104.0,4216.25331959707,140686,9,9.0,19.43589743589745,55.6025641025641,1013.682051282051,0.0,25.403846153846157,0.4961538461538461,4.0,False,False,False,True,False,False,False,False,False,False
10,2022_1,2022,101.02623,32.433857,45.175047,26.6391,85.66626602564102,319.0,39.09884386446886,104.0,5221.931948260073,119772,9,10.0,19.43589743589745,55.6025641025641,1013.682051282051,0.0,25.403846153846157,0.4961538461538461,20.0,False,False,False,False,False,False,True,False,False,False
31,2022_1,2022,105.39025,33.7,44.632416,29.821,49.30448717948718,321.0,82.11057692307692,104.0,3087.4227907509157,142558,9,11.0,19.43589743589745,55.6025641025641,1013.682051282051,0.0,25.403846153846157,0.4961538461538461,7.0,False,False,False,False,False,False,False,False,True,False
47,2022_1,2022,101.483857,31.033285,46.040727,28.206272,45.52867445054945,320.0,69.77718635531136,104.0,3427.0906593406594,138284,9,12.0,19.43589743589745,55.6025641025641,1013.682051282051,0.0,25.403846153846157,0.4961538461538461,11.0,False,True,False,False,False,False,False,False,False,False
4,2022_1,2022,105.095,32.8267,44.469071,28.272642,57.617330586080584,316.0,58.449862637362635,104.0,3740.4391025641025,119756,9,13.0,19.43589743589745,55.6025641025641,1013.682051282051,0.0,25.403846153846157,0.4961538461538461,15.0,False,False,True,False,False,False,False,False,False,False
23,2022_1,2022,103.14125,32.562125,45.088692,26.884846,53.33894230769231,317.0,79.76814331501832,104.0,3209.418440934066,142670,9,14.0,19.43589743589745,55.6025641025641,1013.682051282051,0.0,25.403846153846157,0.4961538461538461,13.0,False,False,False,False,False,True,False,False,False,False
24,2022_1,2022,103.95075,33.199375,47.16175,27.940083,49.34140338827839,317.0,55.080643315018314,104.0,2845.0647321428573,105610,9,15.0,19.43589743589745,55.6025641025641,1013.682051282051,0.0,25.403846153846157,0.4961538461538461,10.0,False,False,False,False,False,False,False,True,False,False
22,2022_1,2022,102.0632,31.8124,45.703125,26.981375,33.151614010989015,320.0,66.88249771062272,104.0,2026.428514194139,119054,9,16.0,19.43589743589745,55.6025641025641,1013.682051282051,0.0,25.403846153846157,0.4961538461538461,8.0,False,False,False,False,False,False,True,False,False,False
27,2022_1,2022,104.1395,33.19375,48.728,28.7395,24.60777243589743,310.0,62.04103708791209,104.0,1634.3126144688645,103028,9,17.0,19.43589743589745,55.6025641025641,1013.682051282051,0.0,25.403846153846157,0.4961538461538461,17.0,False,False,False,False,False,False,False,False,False,True
3,2022_1,2022,106.1425,33.682,45.437125,26.318875,33.09163232600733,312.0,84.59117445054945,104.0,2302.7525183150183,137144,9,18.0,19.43589743589745,55.6025641025641,1013.682051282051,0.0,25.403846153846157,0.4961538461538461,14.0,False,False,True,False,False,False,False,False,False,False
18,2022_1,2022,101.6745,31.59425,44.062166,27.753,24.763907967032967,312.0,63.94539835164835,104.0,1657.8090086996338,105026,9,19.0,19.43589743589745,55.6025641025641,1013.682051282051,0.0,25.403846153846157,0.4961538461538461,12.0,False,False,False,False,False,False,False,False,False,True
6,2022_1,2022,105.887,31.862,47.58025,29.6375,32.87734661172161,320.0,88.77386675824175,104.0,2355.0841346153848,141974,9,20.0,19.43589743589745,55.6025641025641,1013.682051282051,0.0,25.403846153846157,0.4961538461538461,16.0,False,False,False,False,False,True,False,False,False,False
11,2022_2,2022,105.654916,39.088583,32.523555,34.394833,48.456295509234664,335.0,65.77296165505172,104.0,2735.963436357386,254560,9,1.0,23.48041958041958,58.68531468531469,1014.3426573426572,0.0,25.364335664335663,2.9923076923076923,4.0,False,False,False,False,True,False,False,False,False,False
16,2022_2,2022,106.46023,38.480933,34.02025,34.400842,53.86668333385418,327.0,79.63595737366792,104.0,3398.581955686115,272643,9,2.0,23.48041958041958,58.68531468531469,1014.3426573426572,0.0,25.364335664335663,2.9923076923076923,2.0,True,False,False,False,False,False,False,False,False,False
55,2022_2,2022,104.965466,37.545466,34.833809,34.5948,59.01037532422888,327.0,72.2918216194256,104.0,3797.6091127847744,267604,9,3.0,23.48041958041958,58.68531468531469,1014.3426573426572,0.0,25.364335664335663,2.9923076923076923,3.0,True,False,False,False,False,False,False,False,False,False
1,2022_2,2022,105.871266,41.273764,34.370136,34.549333,56.161630050939095,333.0,69.15719241226289,104.0,3062.68592768524,264429,9,4.0,23.48041958041958,58.68531468531469,1014.3426573426572,0.0,25.364335664335663,2.9923076923076923,1.0,False,False,False,False,True,False,False,False,False,False
31,2022_2,2022,105.968785,37.294571,33.364,35.253736,48.60842526328947,327.0,86.84702646957717,104.0,2494.3570111565987,268021,9,5.0,23.48041958041958,58.68531468531469,1014.3426573426572,0.0,25.364335664335663,2.9923076923076923,6.0,False,False,False,False,False,False,False,False,True,False
63,2022_2,2022,107.036857,39.563866,33.21375,33.590315,53.92281008781524,327.0,81.23288227757118,104.0,3072.4503578236818,272827,9,6.0,23.48041958041958,58.68531468531469,1014.3426573426572,0.0,25.364335664335663,2.9923076923076923,5.0,False,False,False,True,False,False,False,False,False,False
14,2022_2,2022,105.5224,38.004133,33.13515,35.14265,51.14722335072971,328.0,64.9462795712366,104.0,3219.7830244695147,222794,9,7.0,23.48041958041958,58.68531468531469,1014.3426573426572,0.0,25.364335664335663,2.9923076923076923,16.0,False,False,False,False,False,False,False,False,True,False
77,2022_2,2022,105.300058,39.351117,33.235142,32.498047,56.376668020875655,329.0,67.33263539485608,104.0,2890.9502796962406,224957,9,8.0,23.48041958041958,58.68531468531469,1014.3426573426572,0.0,25.364335664335663,2.9923076923076923,15.0,False,False,False,False,False,False,False,True,False,False
10,2022_2,2022,107.135733,39.017266,33.12609,35.6371,56.25766430200944,329.0,64.3621363167599,104.0,3140.6393012281633,243425,9,9.0,23.48041958041958,58.68531468531469,1014.3426573426572,0.0,25.364335664335663,2.9923076923076923,8.0,False,False,False,False,False,False,True,False,False,False
20,2022_2,2022,103.7142,37.146375,32.426,33.758818,61.5295477983687,330.0,75.92849776555518,104.0,3561.3269164661397,274196,9,10.0,23.48041958041958,58.68531468531469,1014.3426573426572,0.0,25.364335664335663,2.9923076923076923,9.0,False,True,False,False,False,False,False,False,False,False
4,2022_2,2022,104.918222,39.3761,34.423266,35.435357,40.95506109565924,323.0,76.84549517172411,104.0,2642.0413450420324,250627,9,11.0,23.48041958041958,58.68531468531469,1014.3426573426572,0.0,25.364335664335663,2.9923076923076923,7.0,False,False,True,False,False,False,False,False,False,False
3,2022_2,2022,104.4128,39.76609,33.259266,35.8828,43.52117253664177,322.0,86.81811931622863,104.0,2466.1016906778336,274727,9,12.0,23.48041958041958,58.68531468531469,1014.3426573426572,0.0,25.364335664335663,2.9923076923076923,17.0,False,False,True,False,False,False,False,False,False,False
24,2022_2,2022,104.858,41.680666,34.564312,35.6796,43.53932935404232,328.0,76.16456764273883,104.0,2287.416263008219,249000,9,13.0,23.48041958041958,58.68531468531469,1014.3426573426572,0.0,25.364335664335663,2.9923076923076923,11.0,False,False,False,False,False,False,False,True,False,False
18,2022_2,2022,102.8385,38.0151,32.473666,34.8055,38.27194599831245,327.0,88.8124628894653,104.0,2126.46817088034,260904,9,15.0,23.48041958041958,58.68531468531469,1014.3426573426572,0.0,25.364335664335663,2.9923076923076923,13.0,False,False,False,False,False,False,False,False,False,True
44,2022_2,2022,107.5475,40.01,32.6084,33.8283,28.143316978655584,324.0,92.58723710115942,104.0,1524.0345323291351,278036,9,16.0,23.48041958041958,58.68531468531469,1014.3426573426572,0.0,25.364335664335663,2.9923076923076923,10.0,False,False,False,True,False,False,False,False,False,False
23,2022_2,2022,112.116166,41.220833,34.461875,37.19125,22.983905747054596,327.0,91.94074814837964,104.0,1404.156723647614,118362,9,17.0,23.48041958041958,58.68531468531469,1014.3426573426572,0.0,25.364335664335663,2.9923076923076923,14.0,False,False,False,False,False,True,False,False,False,False
27,2022_2,2022,106.791333,39.0135,33.029111,36.047777,25.578268070877215,326.0,92.8621831932248,104.0,1521.2144129504047,276672,9,18.0,23.48041958041958,58.68531468531469,1014.3426573426572,0.0,25.364335664335663,2.9923076923076923,12.0,False,False,False,False,False,False,False,False,False,True
6,2022_2,2022,115.852,42.476666,36.5795,34.444,8.589643426357073,325.0,100.37791805993938,104.0,516.6741773180412,284108,9,19.0,23.48041958041958,58.68531468531469,1014.3426573426572,0.0,25.364335664335663,2.9923076923076923,18.0,False,False,False,False,False,True,False,False,False,False
16,2022_3,2022,100.684625,36.6535,22.545,41.662294,59.76062061322497,316.0,75.72720929278003,104.0,3726.7508927471986,201405,9,1.0,23.237837837837834,57.65765765765766,1017.3486486486486,0.0,29.152252252252257,1.1846846846846846,1.0,True,False,False,False,False,False,False,False,False,False
1,2022_3,2022,93.303125,34.384809,20.698904,38.189117,59.091614333210195,321.0,66.81471904116898,104.0,3220.0825842466033,195110,9,2.0,23.237837837837834,57.65765765765766,1017.3486486486486,0.0,29.152252252252257,1.1846846846846846,18.0,False,False,False,False,True,False,False,False,False,False
11,2022_3,2022,94.311411,34.20495,20.932,39.411,59.39884250708041,323.0,67.63584123465911,104.0,3212.54213356319,200590,9,3.0,23.237837837837834,57.65765765765766,1017.3486486486486,0.0,29.152252252252257,1.1846846846846846,2.0,False,False,False,False,True,False,False,False,False,False
4,2022_3,2022,97.611666,35.30925,21.7511,40.874733,56.40499938431227,320.0,66.93420350531544,104.0,3530.49850182654,180418,9,4.0,23.237837837837834,57.65765765765766,1017.3486486486486,0.0,29.152252252252257,1.1846846846846846,5.0,False,False,True,False,False,False,False,False,False,False
44,2022_3,2022,92.750045,34.436074,20.511222,38.163181,78.8051964043837,316.0,78.48343800024628,104.0,4093.570167877519,206007,9,5.0,23.237837837837834,57.65765765765766,1017.3486486486486,0.0,29.152252252252257,1.1846846846846846,4.0,False,False,False,True,False,False,False,False,False,False
63,2022_3,2022,95.87615,34.11573,20.27648,40.9445,75.83803308295366,317.0,79.62570291015064,104.0,4093.948651643886,205018,9,6.0,23.237837837837834,57.65765765765766,1017.3486486486486,0.0,29.152252252252257,1.1846846846846846,3.0,False,False,False,True,False,False,False,False,False,False
3,2022_3,2022,97.1685,36.6521,20.857904,40.283066,61.61975126215983,315.0,73.44054508886425,104.0,3523.1368468579403,209376,9,7.0,23.237837837837834,57.65765765765766,1017.3486486486486,0.0,29.152252252252257,1.1846846846846846,6.0,False,False,True,False,False,False,False,False,False,False
31,2022_3,2022,92.65225,34.371681,20.741909,38.66375,64.55366744653779,321.0,74.33710955136888,104.0,3680.26224192423,209050,9,8.0,23.237837837837834,57.65765765765766,1017.3486486486486,0.0,29.152252252252257,1.1846846846846846,7.0,False,False,False,False,False,False,False,False,True,False
55,2022_3,2022,97.650375,35.75409,22.489181,42.157058,65.05697163731888,316.0,72.60665763658005,104.0,3860.118212042852,196188,9,9.0,23.237837837837834,57.65765765765766,1017.3486486486486,0.0,29.152252252252257,1.1846846846846846,20.0,True,False,False,False,False,False,False,False,False,False
14,2022_3,2022,96.3134,33.618928,20.836,40.457181,41.35906908016254,323.0,68.44526536140869,104.0,2283.4585642162297,173748,9,10.0,23.237837837837834,57.65765765765766,1017.3486486486486,0.0,29.152252252252257,1.1846846846846846,17.0,False,False,False,False,False,False,False,False,True,False
10,2022_3,2022,97.6835,36.298263,20.848111,41.677285,53.49238599515659,317.0,62.02491482986496,104.0,3134.508106555022,178140,9,11.0,23.237837837837834,57.65765765765766,1017.3486486486486,0.0,29.152252252252257,1.1846846846846846,9.0,False,False,False,False,False,False,True,False,False,False
77,2022_3,2022,94.8061,34.100461,20.047769,40.965,36.724664450190865,318.0,73.07355415999672,104.0,1922.8414809342032,113246,9,12.0,23.237837837837834,57.65765765765766,1017.3486486486486,0.0,29.152252252252257,1.1846846846846846,8.0,False,False,False,False,False,False,False,True,False,False
22,2022_3,2022,102.923666,37.208764,21.246411,44.276833,47.768542461929975,318.0,56.06255387267578,104.0,2893.8058941838035,177644,9,13.0,23.237837837837834,57.65765765765766,1017.3486486486486,0.0,29.152252252252257,1.1846846846846846,15.0,False,False,False,False,False,False,True,False,False,False
24,2022_3,2022,98.349333,36.863875,21.081666,42.570166,44.90735952058449,316.0,71.82933136313262,104.0,2445.446701966096,174225,9,14.0,23.237837837837834,57.65765765765766,1017.3486486486486,0.0,29.152252252252257,1.1846846846846846,11.0,False,False,False,False,False,False,False,True,False,False
47,2022_3,2022,92.962538,33.398888,20.250421,40.227428,53.80273365349095,319.0,80.70077576653121,104.0,3254.504412428683,200992,9,15.0,23.237837837837834,57.65765765765766,1017.3486486486486,0.0,29.152252252252257,1.1846846846846846,13.0,False,True,False,False,False,False,False,False,False,False
23,2022_3,2022,91.575857,34.4448,20.991454,39.105125,30.803103066124866,318.0,87.85211180889053,104.0,1711.2779624840948,199740,9,16.0,23.237837837837834,57.65765765765766,1017.3486486486486,0.0,29.152252252252257,1.1846846846846846,10.0,False,False,False,False,False,True,False,False,False,False
20,2022_3,2022,89.880857,33.2263,19.944818,37.715625,31.031687394820015,316.0,85.61921766613307,104.0,2289.4237573369455,201167,9,17.0,23.237837837837834,57.65765765765766,1017.3486486486486,0.0,29.152252252252257,1.1846846846846846,14.0,False,True,False,False,False,False,False,False,False,False
5,2022_3,2022,94.7595,33.926333,19.913333,43.009,8.755982432376966,313.0,71.29786972047778,104.0,884.3891556869023,150893,9,18.0,23.237837837837834,57.65765765765766,1017.3486486486486,0.0,29.152252252252257,1.1846846846846846,19.0,False,False,False,False,False,False,False,False,False,True
6,2022_3,2022,99.857666,36.63675,19.93025,46.138,20.958256372367934,319.0,95.81069654804416,104.0,1170.9933505725896,213922,9,19.0,23.237837837837834,57.65765765765766,1017.3486486486486,0.0,29.152252252252257,1.1846846846846846,16.0,False,False,False,False,False,True,False,False,False,False
18,2022_3,2022,106.833,39.521,20.806,42.088,4.523416656405205,312.0,84.05110208102451,104.0,428.3839018183311,185538,9,20.0,23.237837837837834,57.65765765765766,1017.3486486486486,0.0,29.152252252252257,1.1846846846846846,12.0,False,False,False,False,False,False,False,False,False,True
1,2022_4,2022,88.62709,28.523333,30.949166,32.813764,56.61213751169317,305.0,52.32152323043343,104.0,3429.781883380106,229418,9,1.0,12.439823008849556,86.4424778761062,997.7274336283184,0.2920353982300885,14.312389380530972,2.1858407079646014,1.0,False,False,False,False,True,False,False,False,False,False
16,2022_4,2022,88.72809,27.798461,31.415947,33.667882,59.283286560648584,304.0,71.49614125350796,104.0,3696.7186233239786,222398,9,2.0,12.439823008849556,86.4424778761062,997.7274336283184,0.2920353982300885,14.312389380530972,2.1858407079646014,6.0,True,False,False,False,False,False,False,False,False,False
4,2022_4,2022,95.994636,31.796071,32.28035,33.117764,55.96102276270658,294.0,66.67913938260057,104.0,3670.173448705956,212730,8,3.0,12.439823008849556,86.4424778761062,997.7274336283184,0.2920353982300885,14.312389380530972,2.1858407079646014,3.0,False,False,True,False,False,False,False,False,False,False
20,2022_4,2022,95.66309,31.291933,31.2571,35.49175,54.36116308076083,301.0,62.23655285313377,104.0,3596.472443093234,228616,99,4.0,12.439823008849556,86.4424778761062,997.7274336283184,0.2920353982300885,14.312389380530972,2.1858407079646014,9.0,False,True,False,False,False,False,False,False,False,False
14,2022_4,2022,92.398571,29.274176,31.795136,33.187047,69.73425319613345,301.0,67.0746414094169,104.0,4522.481836607421,228142,9,5.0,12.439823008849556,86.4424778761062,997.7274336283184,0.2920353982300885,14.312389380530972,2.1858407079646014,19.0,False,False,False,False,False,False,False,False,True,False
3,2022_4,2022,95.213454,31.25323,32.677176,32.271562,56.58157935765513,296.0,61.47189741191144,104.0,3738.104069223574,207927,8,6.0,12.439823008849556,86.4424778761062,997.7274336283184,0.2920353982300885,14.312389380530972,2.1858407079646014,18.0,False,False,True,False,False,False,False,False,False,False
11,2022_4,2022,89.906,27.940352,30.887272,33.4906,64.3406610539445,307.0,46.9852276270658,104.0,3909.6068755846586,229096,9,7.0,12.439823008849556,86.4424778761062,997.7274336283184,0.2920353982300885,14.312389380530972,2.1858407079646014,2.0,False,False,False,False,True,False,False,False,False,False
77,2022_4,2022,89.810076,28.576588,31.580238,33.827,59.02701122544434,302.0,68.16425007795448,104.0,3517.0515668849393,211436,9,8.0,12.439823008849556,86.4424778761062,997.7274336283184,0.2920353982300885,14.312389380530972,2.1858407079646014,5.0,False,False,False,False,False,False,False,True,False,False
5,2022_4,2022,91.648538,29.503466,31.478142,33.90745,64.5474352977861,302.0,71.7079045837231,104.0,3867.5921421889616,228384,9,9.0,12.439823008849556,86.4424778761062,997.7274336283184,0.2920353982300885,14.312389380530972,2.1858407079646014,8.0,False,False,False,False,False,False,False,False,False,True
55,2022_4,2022,90.0455,27.505111,30.14425,32.139083,33.54727938883692,304.0,85.66916120985344,104.0,2142.5913236669785,224201,9,10.0,12.439823008849556,86.4424778761062,997.7274336283184,0.2920353982300885,14.312389380530972,2.1858407079646014,20.0,True,False,False,False,False,False,False,False,False,False
63,2022_4,2022,92.102181,30.752363,30.2805,32.672928,41.27689429373246,301.0,84.33122856251948,104.0,2507.8244465232306,228669,9,11.0,12.439823008849556,86.4424778761062,997.7274336283184,0.2920353982300885,14.312389380530972,2.1858407079646014,4.0,False,False,False,True,False,False,False,False,False,False
47,2022_4,2022,93.566636,31.076,30.3898,32.792928,41.53679451200499,299.0,80.80043654505769,104.0,2732.59331150608,227539,9,12.0,12.439823008849556,86.4424778761062,997.7274336283184,0.2920353982300885,14.312389380530972,2.1858407079646014,17.0,False,True,False,False,False,False,False,False,False,False
44,2022_4,2022,90.876636,30.288818,29.964285,32.201857,38.65793576551294,303.0,85.59791082008107,104.0,2314.8568366074214,228718,9,13.0,12.439823008849556,86.4424778761062,997.7274336283184,0.2920353982300885,14.312389380530972,2.1858407079646014,13.0,False,False,False,True,False,False,False,False,False,False
24,2022_4,2022,88.926909,28.711615,31.181928,30.861142,41.51371998752728,301.0,75.66366541939507,104.0,2311.2993451824136,211529,9,14.0,12.439823008849556,86.4424778761062,997.7274336283184,0.2920353982300885,14.312389380530972,2.1858407079646014,15.0,False,False,False,False,False,False,False,True,False,False
18,2022_4,2022,91.652375,29.542111,30.981384,35.511916,36.19812129716246,302.0,74.90146554412223,104.0,2149.208294356096,208129,9,15.0,12.439823008849556,86.4424778761062,997.7274336283184,0.2920353982300885,14.312389380530972,2.1858407079646014,10.0,False,False,False,False,False,False,False,False,False,True
22,2022_4,2022,93.087875,35.089777,31.599818,33.7595,28.454513564078574,300.0,75.719714686623,104.0,1704.5964686623013,213924,9,16.0,12.439823008849556,86.4424778761062,997.7274336283184,0.2920353982300885,14.312389380530972,2.1858407079646014,7.0,False,False,False,False,False,False,True,False,False,False
10,2022_4,2022,92.121375,32.436222,31.308818,34.4525,28.50580760835672,299.0,83.10644683504833,104.0,1682.1195821640165,211905,9,17.0,12.439823008849556,86.4424778761062,997.7274336283184,0.2920353982300885,14.312389380530972,2.1858407079646014,12.0,False,False,False,False,False,False,True,False,False,False
6,2022_4,2022,97.844666,37.9989,32.465083,33.85625,33.57121141253508,305.0,75.24949329591519,104.0,2200.988423760524,212524,9,18.0,12.439823008849556,86.4424778761062,997.7274336283184,0.2920353982300885,14.312389380530972,2.1858407079646014,16.0,False,False,False,False,False,True,False,False,False,False
31,2022_4,2022,101.443833,31.372571,31.3065,36.911,23.23553944496414,299.0,81.59171343935142,104.0,1318.34619582164,207094,9,19.0,12.439823008849556,86.4424778761062,997.7274336283184,0.2920353982300885,14.312389380530972,2.1858407079646014,14.0,False,False,False,False,False,False,False,False,True,False
23,2022_4,2022,123.171,43.2505,34.738333,40.181,7.723144683504833,303.0,83.84919706891175,104.0,721.745478640474,209521,9,20.0,12.439823008849556,86.4424778761062,997.7274336283184,0.2920353982300885,14.312389380530972,2.1858407079646014,11.0,False,False,False,False,False,True,False,False,False,False
16,2022_5,2022,110.5018,39.584619,39.443083,31.939125,95.88734717088428,336.0,60.36127381290873,104.0,5539.207847597384,140584,9,1.0,33.21,39.3875,1008.54,0.0,51.20875000000001,1.7012500000000004,2.0,True,False,False,False,False,False,False,False,False,False
55,2022_5,2022,113.28655,42.225523,40.28124,32.88372,100.18430480523172,336.0,53.48763150412283,104.0,5813.637645720784,138976,9,2.0,33.21,39.3875,1008.54,0.0,51.20875000000001,1.7012500000000004,3.0,True,False,False,False,False,False,False,False,False,False
1,2022_5,2022,103.989916,34.39975,39.579705,31.422411,67.95575774808076,343.0,41.219505260164915,104.0,3881.734489621837,129662,9,3.0,33.21,39.3875,1008.54,0.0,51.20875000000001,1.7012500000000004,1.0,False,False,False,False,True,False,False,False,False,False
11,2022_5,2022,102.111692,35.8088,39.478238,34.8284,84.26420244526585,345.0,40.389650270116576,104.0,4735.1669036110325,132712,9,4.0,33.21,39.3875,1008.54,0.0,51.20875000000001,1.7012500000000004,4.0,False,False,False,False,True,False,False,False,False,False
77,2022_5,2022,102.842928,34.092466,39.5925,31.745473,79.80773386408872,339.0,40.724367358544214,104.0,4538.031959056014,105624,9,5.0,33.21,39.3875,1008.54,0.0,51.20875000000001,1.7012500000000004,7.0,False,False,False,False,False,False,False,True,False,False
44,2022_5,2022,103.876928,35.286125,39.561238,34.3186,84.11168609610463,341.0,70.09542223485926,104.0,4462.585897071368,144450,9,6.0,33.21,39.3875,1008.54,0.0,51.20875000000001,1.7012500000000004,6.0,False,False,False,True,False,False,False,False,False,False
10,2022_5,2022,103.370666,35.807812,39.408,30.534523,88.32601649132783,340.0,36.07187944270685,104.0,5093.666135911288,122290,9,7.0,33.21,39.3875,1008.54,0.0,51.20875000000001,1.7012500000000004,18.0,False,False,False,False,False,False,True,False,False,False
4,2022_5,2022,103.751785,35.377187,39.531772,33.157047,88.14546488484504,335.0,44.749388683537106,104.0,5162.419448393517,118920,9,8.0,33.21,39.3875,1008.54,0.0,51.20875000000001,1.7012500000000004,19.0,False,False,True,False,False,False,False,False,False,False
22,2022_5,2022,101.868846,34.6678,38.717428,34.58105,83.87694057435314,338.0,33.7002558999147,104.0,4914.262325845892,123696,9,9.0,33.21,39.3875,1008.54,0.0,51.20875000000001,1.7012500000000004,12.0,False,False,False,False,False,False,True,False,False,False
18,2022_5,2022,104.483692,35.612333,40.814571,35.3407,84.28996303667898,338.0,45.37270400909866,104.0,4796.823315325561,118782,9,10.0,33.21,39.3875,1008.54,0.0,51.20875000000001,1.7012500000000004,10.0,False,False,False,False,False,False,False,False,False,True
14,2022_5,2022,103.399,34.9176,39.202642,36.360357,56.08632357122548,340.0,79.35655388114871,104.0,3359.020073926642,143642,9,11.0,33.21,39.3875,1008.54,0.0,51.20875000000001,1.7012500000000004,11.0,False,False,False,False,False,False,False,False,True,False
63,2022_5,2022,105.352181,34.85025,39.808066,35.2168,59.70821723059426,338.0,58.14455501848166,104.0,3218.947796417401,113058,9,12.0,33.21,39.3875,1008.54,0.0,51.20875000000001,1.7012500000000004,5.0,False,False,False,True,False,False,False,False,False,False
5,2022_5,2022,106.318,40.161,39.8316,34.009466,59.901961899346034,337.0,68.14358828547057,104.0,3439.088996303668,133958,9,13.0,33.21,39.3875,1008.54,0.0,51.20875000000001,1.7012500000000004,17.0,False,False,False,False,False,False,False,False,False,True
3,2022_5,2022,102.9073,34.91109,38.670933,31.84,60.141256752914416,336.0,56.548820017059995,104.0,3474.7733864088714,116120,9,14.0,33.21,39.3875,1008.54,0.0,51.20875000000001,1.7012500000000004,13.0,False,False,True,False,False,False,False,False,False,False
47,2022_5,2022,105.856466,34.97175,39.247315,34.829052,76.39653113448962,339.0,66.78561273812909,104.0,4554.807222064259,141684,9,15.0,33.21,39.3875,1008.54,0.0,51.20875000000001,1.7012500000000004,15.0,False,True,False,False,False,False,False,False,False,False
20,2022_5,2022,106.1107,35.2638,40.165454,30.314636,0.0,0.0,97.10412283195906,104.0,0.0,131544,1,16.0,33.21,39.3875,1008.54,0.0,51.20875000000001,1.7012500000000004,16.0,False,True,False,False,False,False,False,False,False,False
24,2022_5,2022,108.365833,34.068142,41.021666,38.651444,35.98345180551606,338.0,69.03030992323002,104.0,1978.8349161216947,117020,9,17.0,33.21,39.3875,1008.54,0.0,51.20875000000001,1.7012500000000004,20.0,False,False,False,False,False,False,False,True,False,False
23,2022_5,2022,102.048285,35.725875,38.3174,34.7992,39.88672163775946,339.0,86.5851578049474,104.0,2262.7156098947967,130556,9,18.0,33.21,39.3875,1008.54,0.0,51.20875000000001,1.7012500000000004,9.0,False,False,False,False,False,True,False,False,False,False
6,2022_5,2022,107.508428,36.245,40.1173,33.184888,40.02843332385556,336.0,83.1703156098948,104.0,2492.288655103782,123079,9,19.0,33.21,39.3875,1008.54,0.0,51.20875000000001,1.7012500000000004,14.0,False,False,False,False,False,True,False,False,False,False
16,2022_6,2022,92.437714,24.771428,35.434454,35.146363,39.249474342217425,323.0,75.96453941012673,104.0,2693.0548388929933,137292,9,1.0,34.67051282051281,18.76923076923077,1003.3717948717944,0.0,47.19871794871794,3.0243589743589743,20.0,True,False,False,False,False,False,False,False,False,False
1,2022_6,2022,95.3523,25.9341,36.106666,35.6388,53.56981303631301,323.0,48.59822697050634,104.0,3427.567312610104,142194,9,2.0,34.67051282051281,18.76923076923077,1003.3717948717944,0.0,47.19871794871794,3.0243589743589743,1.0,False,False,False,False,True,False,False,False,False,False
55,2022_6,2022,91.280555,26.4408,35.742866,37.525533,53.5685628232085,323.0,60.4416661931011,104.0,3738.990680229585,127978,9,3.0,34.67051282051281,18.76923076923077,1003.3717948717944,0.0,47.19871794871794,3.0243589743589743,4.0,True,False,False,False,False,False,False,False,False,False
63,2022_6,2022,92.694,25.759111,36.281714,36.507615,50.5072455532193,325.0,70.3866568165028,104.0,3228.877138148548,141702,9,4.0,34.67051282051281,18.76923076923077,1003.3717948717944,0.0,47.19871794871794,3.0243589743589743,3.0,False,False,False,True,False,False,False,False,False,False
11,2022_6,2022,98.72709,28.960333,35.575411,37.577687,60.51247371711087,324.0,53.45604364380292,104.0,3657.361368415071,142900,9,5.0,34.67051282051281,18.76923076923077,1003.3717948717944,0.0,47.19871794871794,3.0243589743589743,2.0,False,False,False,False,True,False,False,False,False,False
44,2022_6,2022,91.257555,25.2004,34.416866,34.588285,53.65698698641814,339.0,76.96436892652157,104.0,3123.55969767574,142844,9,6.0,34.67051282051281,18.76923076923077,1003.3717948717944,0.0,47.19871794871794,3.0243589743589743,5.0,False,False,False,True,False,False,False,False,False,False
77,2022_6,2022,91.668909,25.672,37.773777,35.080235,64.13564812183895,323.0,42.64067738819117,104.0,4039.7439336250495,119450,9,7.0,34.67051282051281,18.76923076923077,1003.3717948717944,0.0,47.19871794871794,3.0243589743589743,6.0,False,False,False,False,False,False,False,True,False,False
20,2022_6,2022,87.55109,24.043833,37.123666,34.679176,64.12161163834745,325.0,71.10211967949083,104.0,4191.808262772063,143438,9,8.0,34.67051282051281,18.76923076923077,1003.3717948717944,0.0,47.19871794871794,3.0243589743589743,17.0,False,True,False,False,False,False,False,False,False,False
3,2022_6,2022,92.1111,24.7174,36.018933,35.9554,53.55907256918793,322.0,48.96306188554867,104.0,3549.323180087515,112032,9,9.0,34.67051282051281,18.76923076923077,1003.3717948717944,0.0,47.19871794871794,3.0243589743589743,12.0,False,False,True,False,False,False,False,False,False,False
47,2022_6,2022,88.969181,24.08075,37.974166,34.222823,64.34562709552765,326.0,57.84906518156504,104.0,4375.896914246747,131050,9,10.0,34.67051282051281,18.76923076923077,1003.3717948717944,0.0,47.19871794871794,3.0243589743589743,14.0,False,True,False,False,False,False,False,False,False,False
4,2022_6,2022,92.71775,26.33375,36.345166,35.055666,42.90066488606013,321.0,49.5157697334773,104.0,2706.0673410240383,106730,9,11.0,34.67051282051281,18.76923076923077,1003.3717948717944,0.0,47.19871794871794,3.0243589743589743,8.0,False,False,True,False,False,False,False,False,False,False
31,2022_6,2022,97.774,24.345666,36.150888,37.779111,32.20645564584873,323.0,86.01295675399216,104.0,2072.4470648405977,103090,9,12.0,34.67051282051281,18.76923076923077,1003.3717948717944,0.0,47.19871794871794,3.0243589743589743,7.0,False,False,False,False,False,False,False,False,True,False
22,2022_6,2022,90.3702,24.6948,34.663066,34.637333,53.803602886855714,325.0,47.73540944479173,104.0,3291.6984713303405,120566,9,13.0,34.67051282051281,18.76923076923077,1003.3717948717944,0.0,47.19871794871794,3.0243589743589743,10.0,False,False,False,False,False,False,True,False,False,False
10,2022_6,2022,95.1942,25.0146,35.7342,37.356266,53.70489287946809,325.0,47.92044098425868,104.0,3327.09052679434,118324,9,14.0,34.67051282051281,18.76923076923077,1003.3717948717944,0.0,47.19871794871794,3.0243589743589743,13.0,False,False,False,False,False,False,True,False,False,False
24,2022_6,2022,94.573,25.23,37.305066,36.945333,53.6064670114224,323.0,55.958856623288064,104.0,3264.8494629766437,116580,9,15.0,34.67051282051281,18.76923076923077,1003.3717948717944,0.0,47.19871794871794,3.0243589743589743,19.0,False,False,False,False,False,False,False,True,False,False
5,2022_6,2022,93.73325,24.47375,36.826333,36.016,21.446269250440416,320.0,71.89748252543048,104.0,1441.483718815707,118068,9,16.0,34.67051282051281,18.76923076923077,1003.3717948717944,0.0,47.19871794871794,3.0243589743589743,11.0,False,False,False,False,False,False,False,False,False,True
14,2022_6,2022,99.607333,27.773,36.6288,34.8994,18.11752003182361,328.0,84.82985736205035,104.0,1480.120077285901,134848,9,17.0,34.67051282051281,18.76923076923077,1003.3717948717944,0.0,47.19871794871794,3.0243589743589743,9.0,False,False,False,False,False,False,False,False,True,False
18,2022_6,2022,101.839,24.58925,36.064666,43.303166,21.565948741262716,319.0,85.15394669545945,104.0,1820.0331874751375,141884,9,18.0,34.67051282051281,18.76923076923077,1003.3717948717944,0.0,47.19871794871794,3.0243589743589743,15.0,False,False,False,False,False,False,False,False,False,True
23,2022_6,2022,99.3185,25.37725,35.869833,37.0765,21.472182758424733,334.0,91.69324316644882,104.0,1281.8380974029665,141540,9,19.0,34.67051282051281,18.76923076923077,1003.3717948717944,0.0,47.19871794871794,3.0243589743589743,18.0,False,False,False,False,False,True,False,False,False,False
6,2022_6,2022,103.334428,27.661142,35.707111,39.384555,32.240097743933624,326.0,65.89856225492981,104.0,1937.430186963687,112536,9,20.0,34.67051282051281,18.76923076923077,1003.3717948717944,0.0,47.19871794871794,3.0243589743589743,16.0,False,False,False,False,False,True,False,False,False,False
16,2022_7,2022,92.426631,25.505958,42.3845,23.321842,57.59836110352363,290.0,61.310844031685335,104.0,4397.974105435674,151265,9,1.0,26.712345679012348,46.148148148148145,1003.7012345679012,0.0,48.44444444444445,0.8061728395061726,4.0,True,False,False,False,False,False,False,False,False,False
55,2022_7,2022,93.556095,25.45372,41.773956,25.866809,59.056487298552305,291.0,56.65249931712647,104.0,4275.15859054903,145593,9,2.0,26.712345679012348,46.148148148148145,1003.7012345679012,0.0,48.44444444444445,0.8061728395061726,2.0,True,False,False,False,False,False,False,False,False,False
11,2022_7,2022,84.375578,22.885,38.492125,27.4468,58.83512701447692,291.0,46.69423654739143,104.0,4127.710024583447,140202,9,3.0,26.712345679012348,46.148148148148145,1003.7012345679012,0.0,48.44444444444445,0.8061728395061726,1.0,False,False,False,False,True,False,False,False,False,False
1,2022_7,2022,86.93775,24.11676,39.015458,23.49065,58.79328052444687,289.0,35.09314394974051,104.0,4061.3390876809617,124507,8,4.0,26.712345679012348,46.148148148148145,1003.7012345679012,0.0,48.44444444444445,0.8061728395061726,3.0,False,False,False,False,True,False,False,False,False,False
4,2022_7,2022,88.30265,24.469923,39.92372,23.6536,63.60677410543568,289.0,36.465938268232726,104.0,4905.07489756897,123391,8,5.0,26.712345679012348,46.148148148148145,1003.7012345679012,0.0,48.44444444444445,0.8061728395061726,6.0,False,False,True,False,False,False,False,False,False,False
63,2022_7,2022,87.0565,23.514307,39.109423,24.253409,65.13717563507238,287.0,56.57399617590822,104.0,4599.707074569789,148808,9,6.0,26.712345679012348,46.148148148148145,1003.7012345679012,0.0,48.44444444444445,0.8061728395061726,5.0,False,False,False,True,False,False,False,False,False,False
14,2022_7,2022,87.369066,23.397545,40.31895,23.459066,50.97437858508604,287.0,64.81688063370663,104.0,3986.731002458345,148632,8,7.0,26.712345679012348,46.148148148148145,1003.7012345679012,0.0,48.44444444444445,0.8061728395061726,7.0,False,False,False,False,False,False,False,False,True,False
44,2022_7,2022,88.267272,24.371928,39.778,26.339478,69.48396612947282,287.0,51.12127833925157,104.0,4987.511554220158,149079,8,8.0,26.712345679012348,46.148148148148145,1003.7012345679012,0.0,48.44444444444445,0.8061728395061726,8.0,False,False,False,True,False,False,False,False,False,False
5,2022_7,2022,86.312666,23.58773,38.141807,24.802047,65.88456705818082,289.0,42.899481016115814,104.0,4654.212510243103,131263,9,9.0,26.712345679012348,46.148148148148145,1003.7012345679012,0.0,48.44444444444445,0.8061728395061726,10.0,False,False,False,False,False,False,False,False,False,True
31,2022_7,2022,88.431866,23.879181,40.06765,24.5662,51.32149685878176,289.0,38.5209505599563,104.0,3760.920295001366,119753,8,10.0,26.712345679012348,46.148148148148145,1003.7012345679012,0.0,48.44444444444445,0.8061728395061726,12.0,False,False,False,False,False,False,False,False,True,False
22,2022_7,2022,88.174866,25.16235,39.537842,24.376266,47.98956569243376,288.0,41.60092870800328,104.0,3566.8458891013383,125760,8,11.0,26.712345679012348,46.148148148148145,1003.7012345679012,0.0,48.44444444444445,0.8061728395061726,17.0,False,False,False,False,False,False,True,False,False,False
77,2022_7,2022,90.93575,25.259625,41.316937,23.538416,40.65949194209232,288.0,50.15154329418192,104.0,3107.793936083038,121362,8,12.0,26.712345679012348,46.148148148148145,1003.7012345679012,0.0,48.44444444444445,0.8061728395061726,9.0,False,False,False,False,False,False,False,True,False,False
20,2022_7,2022,85.685071,23.845333,39.330894,23.900333,48.10390603660202,292.0,68.54771920240371,104.0,3535.495766184102,148090,9,13.0,26.712345679012348,46.148148148148145,1003.7012345679012,0.0,48.44444444444445,0.8061728395061726,20.0,False,True,False,False,False,False,False,False,False,False
3,2022_7,2022,88.199875,23.335428,39.89965,24.983,50.469106801420374,289.0,58.229554766457255,104.0,4313.122917235728,143678,34,14.0,26.712345679012348,46.148148148148145,1003.7012345679012,0.0,48.44444444444445,0.8061728395061726,13.0,False,False,True,False,False,False,False,False,False,False
47,2022_7,2022,87.336333,24.792823,39.707375,23.68225,40.76317945916416,291.0,68.76449057634527,104.0,3260.072548484021,147710,9,15.0,26.712345679012348,46.148148148148145,1003.7012345679012,0.0,48.44444444444445,0.8061728395061726,19.0,False,True,False,False,False,False,False,False,False,False
23,2022_7,2022,89.2235,24.210307,40.117,24.979416,33.31029773285987,291.0,80.06451789128653,104.0,2656.6118546845123,98706,8,16.0,26.712345679012348,46.148148148148145,1003.7012345679012,0.0,48.44444444444445,0.8061728395061726,18.0,False,False,False,False,False,True,False,False,False,False
10,2022_7,2022,90.468285,24.4945,40.7578,25.377142,25.906200491668944,289.0,61.20753892379131,104.0,2014.9444960393337,121345,8,17.0,26.712345679012348,46.148148148148145,1003.7012345679012,0.0,48.44444444444445,0.8061728395061726,11.0,False,False,False,False,False,False,True,False,False,False
18,2022_7,2022,86.225,24.675272,39.505909,24.340125,29.028462168806335,288.0,62.07380497131931,104.0,2238.9519803332423,128963,9,18.0,26.712345679012348,46.148148148148145,1003.7012345679012,0.0,48.44444444444445,0.8061728395061726,14.0,False,False,False,False,False,False,False,False,False,True
6,2022_7,2022,87.2431,24.167692,40.041166,29.153454,30.661403987981423,293.0,80.00497131931166,104.0,2323.7111718109804,147992,9,19.0,26.712345679012348,46.148148148148145,1003.7012345679012,0.0,48.44444444444445,0.8061728395061726,15.0,False,False,False,False,False,True,False,False,False,False
24,2022_7,2022,93.2235,27.143333,40.807333,23.659666,23.71548757170172,286.0,65.07030865883638,104.0,1772.067358645179,121171,8,20.0,26.712345679012348,46.148148148148145,1003.7012345679012,0.0,48.44444444444445,0.8061728395061726,16.0,False,False,False,False,False,False,False,True,False,False
16,2022_8,2022,118.826615,43.0776,49.272578,27.233176,63.70831092541265,338.0,76.06908534315146,104.0,3724.2994663467503,199038,9,1.0,24.82477876106195,68.23893805309734,1015.6194690265488,0.0,35.17522123893806,0.8424778761061946,19.0,True,False,False,False,False,False,False,False,False,False
11,2022_8,2022,117.391384,41.730714,48.309166,27.769529,60.02895792826707,343.0,65.22632689364167,104.0,3549.0891490505937,194248,9,2.0,24.82477876106195,68.23893805309734,1015.6194690265488,0.0,35.17522123893806,0.8424778761061946,2.0,False,False,False,False,True,False,False,False,False,False
1,2022_8,2022,119.957461,44.7688,48.867277,28.589823,63.3866297108344,343.0,55.10615149133331,104.0,3906.646796012079,197582,9,3.0,24.82477876106195,68.23893805309734,1015.6194690265488,0.0,35.17522123893806,0.8424778761061946,1.0,False,False,False,False,True,False,False,False,False,False
55,2022_8,2022,122.086307,45.042333,49.12821,28.090235,63.64658916973483,335.0,72.05609564390022,104.0,4310.985603772804,196544,9,4.0,24.82477876106195,68.23893805309734,1015.6194690265488,0.0,35.17522123893806,0.8424778761061946,20.0,True,False,False,False,False,False,False,False,False,False
63,2022_8,2022,114.296071,39.825933,47.761272,28.638,77.14843006660324,334.0,66.36247052496587,104.0,4468.35874736276,199137,9,5.0,24.82477876106195,68.23893805309734,1015.6194690265488,0.0,35.17522123893806,0.8424778761061946,3.0,False,False,False,True,False,False,False,False,False,False
10,2022_8,2022,115.320133,42.216294,47.771681,28.653333,76.93596161006082,337.0,33.97542712944194,104.0,4767.95259173458,148596,9,6.0,24.82477876106195,68.23893805309734,1015.6194690265488,0.0,35.17522123893806,0.8424778761061946,5.0,False,False,False,False,False,False,True,False,False,False
44,2022_8,2022,114.002692,40.871133,48.307761,28.3134,74.20084391676664,334.0,65.16915566954867,104.0,4279.844537293675,198615,9,7.0,24.82477876106195,68.23893805309734,1015.6194690265488,0.0,35.17522123893806,0.8424778761061946,4.0,False,False,False,True,False,False,False,False,False,False
22,2022_8,2022,115.6975,42.828928,48.880095,28.8857,73.34521987341249,339.0,56.85868531005667,104.0,4598.055351011459,195990,9,8.0,24.82477876106195,68.23893805309734,1015.6194690265488,0.0,35.17522123893806,0.8424778761061946,13.0,False,False,False,False,False,False,True,False,False,False
5,2022_8,2022,122.347,42.814916,50.250764,28.682235,60.270011996856,341.0,70.15165680718157,104.0,3816.3090224630782,197630,44,9.0,24.82477876106195,68.23893805309734,1015.6194690265488,0.0,35.17522123893806,0.8424778761061946,6.0,False,False,False,False,False,False,False,False,False,True
14,2022_8,2022,115.145272,40.113307,50.122368,29.170833,66.95031646878749,345.0,56.651181069788606,104.0,4358.880569230133,185091,71,10.0,24.82477876106195,68.23893805309734,1015.6194690265488,0.0,35.17522123893806,0.8424778761061946,7.0,False,False,False,False,False,False,False,False,True,False
4,2022_8,2022,116.023555,40.868818,49.9954,29.227,53.42985976089025,334.0,59.647044222893314,104.0,3608.175278202954,184647,38,11.0,24.82477876106195,68.23893805309734,1015.6194690265488,0.0,35.17522123893806,0.8424778761061946,9.0,False,False,True,False,False,False,False,False,False,False
3,2022_8,2022,119.923545,40.923666,50.277812,29.843562,56.77983700823233,345.0,68.49315351838828,104.0,3997.017829810118,196683,9,12.0,24.82477876106195,68.23893805309734,1015.6194690265488,0.0,35.17522123893806,0.8424778761061946,8.0,False,False,True,False,False,False,False,False,False,False
31,2022_8,2022,116.65475,39.850111,47.748153,28.869333,43.493939519298394,343.0,78.2610350390932,104.0,3007.5429611550076,196689,9,13.0,24.82477876106195,68.23893805309734,1015.6194690265488,0.0,35.17522123893806,0.8424778761061946,10.0,False,False,False,False,False,False,False,False,True,False
24,2022_8,2022,121.272,42.258444,49.39725,29.807333,43.565051917428534,336.0,48.29144086377363,104.0,2548.4154221652257,140185,9,14.0,24.82477876106195,68.23893805309734,1015.6194690265488,0.0,35.17522123893806,0.8424778761061946,18.0,False,False,False,False,False,False,False,True,False,False
77,2022_8,2022,121.235333,43.196444,49.490416,29.357333,43.634592313738466,336.0,50.46030695403963,104.0,2589.9141190584537,140351,9,15.0,24.82477876106195,68.23893805309734,1015.6194690265488,0.0,35.17522123893806,0.8424778761061946,11.0,False,False,False,False,False,False,False,True,False,False
20,2022_8,2022,115.2672,38.9966,49.300625,28.761875,29.858230256898192,340.0,80.81524841765606,104.0,2019.227236999959,165372,9,16.0,24.82477876106195,68.23893805309734,1015.6194690265488,0.0,35.17522123893806,0.8424778761061946,17.0,False,True,False,False,False,False,False,False,False,False
23,2022_8,2022,120.2885,41.832,48.921125,29.967375,30.226988789144915,336.0,79.18955032474248,104.0,2043.5422578910352,194753,9,17.0,24.82477876106195,68.23893805309734,1015.6194690265488,0.0,35.17522123893806,0.8424778761061946,12.0,False,False,False,False,False,True,False,False,False,False
6,2022_8,2022,118.593,40.5108,51.04,29.071,26.624332933438133,337.0,79.55801927770653,104.0,1831.5588880155549,194269,9,18.0,24.82477876106195,68.23893805309734,1015.6194690265488,0.0,35.17522123893806,0.8424778761061946,15.0,False,False,False,False,False,True,False,False,False,False
18,2022_8,2022,122.40825,40.0966,54.1505,27.861666,20.25288545070947,332.0,50.59913953584578,104.0,1483.689488272039,194259,40,19.0,24.82477876106195,68.23893805309734,1015.6194690265488,0.0,35.17522123893806,0.8424778761061946,16.0,False,False,False,False,False,False,False,False,False,True
47,2022_8,2022,116.0056,39.082,48.55225,28.711625,29.92139990898937,345.0,78.33111322549952,104.0,2410.9700492284783,194639,9,20.0,24.82477876106195,68.23893805309734,1015.6194690265488,0.0,35.17522123893806,0.8424778761061946,14.0,False,True,False,False,False,False,False,False,False,False
1,2022_9,2022,95.35023,28.019666,29.514666,38.679148,86.04143414489604,307.0,47.13516716874907,104.0,5380.618598449306,181747,9,1.0,13.494444444444444,76.3,1006.9466666666664,0.5111111111111111,18.123333333333335,1.9355555555555557,1.0,False,False,False,False,True,False,False,False,False,False
14,2022_9,2022,97.66025,27.785793,31.07031,39.215791,83.05328658205343,304.0,49.33290532865821,104.0,5154.6693663884635,150489,9,2.0,13.494444444444444,76.3,1006.9466666666664,0.5111111111111111,18.123333333333335,1.9355555555555557,9.0,False,False,False,False,False,False,False,False,True,False
55,2022_9,2022,97.035,28.919758,29.957,39.47116,83.93609560965973,307.0,57.07876932194183,104.0,5146.9813324114775,169650,75,3.0,13.494444444444444,76.3,1006.9466666666664,0.5111111111111111,18.123333333333335,1.9355555555555557,2.0,True,False,False,False,False,False,False,False,False,False
44,2022_9,2022,97.637076,30.193322,30.564935,39.435925,88.92750259272063,307.0,54.35680774359228,104.0,5378.863203121142,175094,9,4.0,13.494444444444444,76.3,1006.9466666666664,0.5111111111111111,18.123333333333335,1.9355555555555557,3.0,False,False,False,True,False,False,False,False,False,False
20,2022_9,2022,96.54984,29.664133,31.191225,38.099629,88.84838757469505,306.0,56.26544520717072,104.0,5701.481949725912,181923,9,5.0,13.494444444444444,76.3,1006.9466666666664,0.5111111111111111,18.123333333333335,1.9355555555555557,17.0,False,True,False,False,False,False,False,False,False,False
47,2022_9,2022,98.511148,28.395387,31.142612,39.521518,88.8830065682256,306.0,59.69499728381648,104.0,5606.887154921231,179083,9,6.0,13.494444444444444,76.3,1006.9466666666664,0.5111111111111111,18.123333333333335,1.9355555555555557,19.0,False,True,False,False,False,False,False,False,False,False
31,2022_9,2022,95.72244,27.897566,30.028066,38.24776,85.6051163020396,305.0,60.24223418440417,104.0,5228.348264111808,172629,9,7.0,13.494444444444444,76.3,1006.9466666666664,0.5111111111111111,18.123333333333335,1.9355555555555557,6.0,False,False,False,False,False,False,False,False,True,False
63,2022_9,2022,98.39516,28.877827,31.165033,39.553884,86.03866857622599,298.0,60.33418934268359,104.0,5344.520815842758,182065,9,8.0,13.494444444444444,76.3,1006.9466666666664,0.5111111111111111,18.123333333333335,1.9355555555555557,4.0,False,False,False,True,False,False,False,False,False,False
3,2022_9,2022,98.58723,28.3666,30.584433,40.292153,85.6314879747148,300.0,50.110919057731245,104.0,5467.285298039409,160353,9,9.0,13.494444444444444,76.3,1006.9466666666664,0.5111111111111111,18.123333333333335,1.9355555555555557,11.0,False,False,True,False,False,False,False,False,False,False
24,2022_9,2022,97.989538,29.080033,30.67758,38.960888,88.83090522988789,301.0,46.432070719541706,104.0,5387.9799990122965,158814,9,10.0,13.494444444444444,76.3,1006.9466666666664,0.5111111111111111,18.123333333333335,1.9355555555555557,8.0,False,False,False,False,False,False,False,True,False,False
77,2022_9,2022,96.383187,28.310894,31.344333,38.83421,59.96938120401008,299.0,56.0991653908835,104.0,3704.385599288854,158823,9,11.0,13.494444444444444,76.3,1006.9466666666664,0.5111111111111111,18.123333333333335,1.9355555555555557,7.0,False,False,False,False,False,False,False,True,False,False
23,2022_9,2022,102.463941,29.5135,34.728809,40.933833,59.8755494098474,311.0,68.61810459775792,104.0,3811.5228406341057,182320,66,12.0,13.494444444444444,76.3,1006.9466666666664,0.5111111111111111,18.123333333333335,1.9355555555555557,13.0,False,False,False,False,False,True,False,False,False,False
11,2022_9,2022,100.404583,29.019357,31.222692,39.835083,37.73895007160847,304.0,69.32159612820386,104.0,2572.292656427478,178430,112,13.0,13.494444444444444,76.3,1006.9466666666664,0.5111111111111111,18.123333333333335,1.9355555555555557,20.0,False,False,False,False,True,False,False,False,False,False
4,2022_9,2022,100.509727,29.530933,32.173,38.754272,42.615536569707146,297.0,65.63795742999655,104.0,3056.427774211072,157905,9,14.0,13.494444444444444,76.3,1006.9466666666664,0.5111111111111111,18.123333333333335,1.9355555555555557,15.0,False,False,True,False,False,False,False,False,False,False
16,2022_9,2022,101.203777,29.1244,31.4162,40.638333,28.482986814163663,302.0,80.87105536075856,104.0,1979.285890661267,168592,9,15.0,13.494444444444444,76.3,1006.9466666666664,0.5111111111111111,18.123333333333335,1.9355555555555557,5.0,True,False,False,False,False,False,False,False,False,False
10,2022_9,2022,103.1856,30.804454,32.548454,41.1433,31.544817028001383,298.0,71.99565410637562,104.0,2073.2693466344017,154382,9,16.0,13.494444444444444,76.3,1006.9466666666664,0.5111111111111111,18.123333333333335,1.9355555555555557,14.0,False,False,False,False,False,False,True,False,False,False
5,2022_9,2022,103.469,30.516,32.449916,41.349,34.200602498888834,298.0,67.23887599387623,104.0,2528.833720183713,152856,9,17.0,13.494444444444444,76.3,1006.9466666666664,0.5111111111111111,18.123333333333335,1.9355555555555557,12.0,False,False,False,False,False,False,False,False,False,True
18,2022_9,2022,106.3659,29.997636,32.815454,43.7522,31.5420020741765,297.0,85.37083312756185,104.0,2344.473949330831,182241,9,18.0,13.494444444444444,76.3,1006.9466666666664,0.5111111111111111,18.123333333333335,1.9355555555555557,10.0,False,False,False,False,False,False,False,False,False,True
6,2022_9,2022,103.2686,30.973727,33.224636,39.8228,31.284902958170775,308.0,87.09531334880735,104.0,1958.7672477653216,182255,9,19.0,13.494444444444444,76.3,1006.9466666666664,0.5111111111111111,18.123333333333335,1.9355555555555557,16.0,False,False,False,False,False,True,False,False,False,False
22,2022_9,2022,112.246,31.3575,32.10225,47.398,11.401402538396958,297.0,79.22722109733814,104.0,779.3619437996938,156544,9,20.0,13.494444444444444,76.3,1006.9466666666664,0.5111111111111111,18.123333333333335,1.9355555555555557,18.0,False,False,False,False,False,False,True,False,False,False
55,2022_10,2022,108.512318,34.14626,43.99088,32.7714,110.19450198757067,300.0,58.79827557247634,104.0,6159.479368456414,151611,9,1.0,14.903797468354432,86.34177215189874,999.7151898734172,0.6455696202531646,20.853164556962028,2.817721518987341,1.0,True,False,False,False,False,False,False,False,False,False
1,2022_10,2022,109.4784,33.91525,44.837739,33.311521,101.0225071384581,301.0,62.04786966015341,104.0,5506.167291864957,157641,9,2.0,14.903797468354432,86.34177215189874,999.7151898734172,0.6455696202531646,20.853164556962028,2.817721518987341,7.0,False,False,False,False,True,False,False,False,False,False
16,2022_10,2022,108.785909,34.360045,44.1076,32.0208,110.00442304462236,298.0,61.46055651979172,104.0,6176.618554392251,153387,9,3.0,14.903797468354432,86.34177215189874,999.7151898734172,0.6455696202531646,20.853164556962028,2.817721518987341,4.0,True,False,False,False,False,False,False,False,False,False
11,2022_10,2022,109.738727,35.472521,44.892153,32.707384,113.62712054196294,300.0,40.53608420581155,104.0,6340.907899893623,147551,9,4.0,14.903797468354432,86.34177215189874,999.7151898734172,0.6455696202531646,20.853164556962028,2.817721518987341,2.0,False,False,False,False,True,False,False,False,False,False
44,2022_10,2022,107.93665,33.52825,44.156,32.677521,100.83326801410897,301.0,52.82789317507418,104.0,5190.213929791165,131466,9,5.0,14.903797468354432,86.34177215189874,999.7151898734172,0.6455696202531646,20.853164556962028,2.817721518987341,3.0,False,False,False,True,False,False,False,False,False,False
4,2022_10,2022,108.636,33.847391,44.840615,32.490653,114.12390123733272,295.0,48.97004646996249,104.0,6340.4386092604,130095,8,6.0,14.903797468354432,86.34177215189874,999.7151898734172,0.6455696202531646,20.853164556962028,2.817721518987341,6.0,False,False,True,False,False,False,False,False,False,False
14,2022_10,2022,113.9043,35.9829,46.651913,31.667304,100.67174290353285,297.0,43.80796148032025,104.0,5574.8484407368005,118485,9,7.0,14.903797468354432,86.34177215189874,999.7151898734172,0.6455696202531646,20.853164556962028,2.817721518987341,5.0,False,False,False,False,False,False,False,False,True,False
63,2022_10,2022,107.30195,33.2004,44.169956,32.56526,100.80975309333184,299.0,52.35401153350876,104.0,5401.3213705839535,129816,9,8.0,14.903797468354432,86.34177215189874,999.7151898734172,0.6455696202531646,20.853164556962028,2.817721518987341,18.0,False,False,False,True,False,False,False,False,False,False
24,2022_10,2022,111.12648,34.35136,45.5705,32.975178,123.48860646100442,298.0,44.33240020155647,104.0,6625.796036056212,134498,9,9.0,14.903797468354432,86.34177215189874,999.7151898734172,0.6455696202531646,20.853164556962028,2.817721518987341,19.0,False,False,False,False,False,False,False,True,False,False
6,2022_10,2022,115.10865,39.908285,46.246625,31.708125,105.08482167851744,303.0,60.62600078383069,104.0,5827.7509098034825,157751,9,10.0,14.903797468354432,86.34177215189874,999.7151898734172,0.6455696202531646,20.853164556962028,2.817721518987341,12.0,False,False,False,False,False,True,False,False,False,False
10,2022_10,2022,112.407411,35.834941,45.674421,33.481157,83.14842394042887,294.0,57.66177705615587,104.0,4578.498236380941,134845,9,11.0,14.903797468354432,86.34177215189874,999.7151898734172,0.6455696202531646,20.853164556962028,2.817721518987341,16.0,False,False,False,False,False,False,True,False,False,False
77,2022_10,2022,110.5795,34.153777,45.8818,32.72835,87.96472761883433,298.0,56.84524942612396,104.0,4759.007502379486,134403,8,12.0,14.903797468354432,86.34177215189874,999.7151898734172,0.6455696202531646,20.853164556962028,2.817721518987341,17.0,False,False,False,False,False,False,False,True,False,False
22,2022_10,2022,114.144529,37.252411,45.844105,33.102578,83.4447679301271,297.0,55.61620290017356,104.0,4751.509489950171,134825,9,13.0,14.903797468354432,86.34177215189874,999.7151898734172,0.6455696202531646,20.853164556962028,2.817721518987341,14.0,False,False,False,False,False,False,True,False,False,False
3,2022_10,2022,111.748437,36.064312,45.611333,32.287388,78.8546553944348,297.0,57.74715861373943,104.0,4402.8573428139525,131751,8,14.0,14.903797468354432,86.34177215189874,999.7151898734172,0.6455696202531646,20.853164556962028,2.817721518987341,13.0,False,False,True,False,False,False,False,False,False,False
31,2022_10,2022,108.872333,33.8398,44.465882,31.745882,74.41750181960697,297.0,65.37237556687755,104.0,3839.9512905212473,136182,9,15.0,14.903797468354432,86.34177215189874,999.7151898734172,0.6455696202531646,20.853164556962028,2.817721518987341,15.0,False,False,False,False,False,False,False,False,True,False
23,2022_10,2022,113.2633,37.2553,45.755363,31.103363,48.602261911427135,304.0,82.12748446335591,104.0,2702.080286658082,107673,9,16.0,14.903797468354432,86.34177215189874,999.7151898734172,0.6455696202531646,20.853164556962028,2.817721518987341,20.0,False,False,False,False,False,True,False,False,False,False
20,2022_10,2022,110.4858,37.0784,44.29909,31.604272,48.59895862493701,298.0,73.84049045406192,104.0,2807.900005598791,145691,9,17.0,14.903797468354432,86.34177215189874,999.7151898734172,0.6455696202531646,20.853164556962028,2.817721518987341,10.0,False,True,False,False,False,False,False,False,False,False
5,2022_10,2022,114.528857,35.973428,47.079222,32.921666,39.74973405744359,298.0,64.00363921392979,104.0,2514.2186327753207,134539,9,18.0,14.903797468354432,86.34177215189874,999.7151898734172,0.6455696202531646,20.853164556962028,2.817721518987341,9.0,False,False,False,False,False,False,False,False,False,True
47,2022_10,2022,112.1049,37.6563,45.235636,30.585272,48.71910867252674,295.0,72.54123509321987,104.0,3439.680644980684,142771,9,19.0,14.903797468354432,86.34177215189874,999.7151898734172,0.6455696202531646,20.853164556962028,2.817721518987341,8.0,False,True,False,False,False,False,False,False,False,False
18,2022_10,2022,112.5955,38.606444,47.8709,34.9129,44.176193942108505,295.0,64.07597558927272,104.0,2903.320642741168,133818,9,20.0,14.903797468354432,86.34177215189874,999.7151898734172,0.6455696202531646,20.853164556962028,2.817721518987341,11.0,False,False,False,False,False,False,False,False,False,True
1,2022_11,2022,80.934538,19.349692,35.6395,27.632388,49.084862493513846,323.0,45.896032831737344,104.0,2777.412425114392,173474,9,1.0,19.0010101010101,34.43434343434343,946.323232323232,0.0,35.94949494949495,1.508080808080808,2.0,False,False,False,False,True,False,False,False,False,False
16,2022_11,2022,80.530555,18.978944,35.776541,27.027666,68.09840086796547,321.0,75.42638803717156,104.0,3991.794471437332,176856,9,2.0,19.0010101010101,34.43434343434343,946.323232323232,0.0,35.94949494949495,1.508080808080808,1.0,True,False,False,False,False,False,False,False,False,False
55,2022_11,2022,83.687444,19.745777,37.088208,27.372166,67.92872305297419,320.0,72.33270437284777,104.0,4000.9477333836503,176367,9,3.0,19.0010101010101,34.43434343434343,946.323232323232,0.0,35.94949494949495,1.508080808080808,18.0,True,False,False,False,False,False,False,False,False,False
63,2022_11,2022,76.753187,18.343352,33.90926,25.112217,65.72555309212699,320.0,62.64399264116232,104.0,3520.6180951931697,153351,9,4.0,19.0010101010101,34.43434343434343,946.323232323232,0.0,35.94949494949495,1.508080808080808,4.0,False,False,False,True,False,False,False,False,False,False
31,2022_11,2022,79.809526,19.08005,35.548153,25.7052,73.50978819755649,320.0,55.830510873154395,104.0,4098.8703240718905,152153,9,5.0,19.0010101010101,34.43434343434343,946.323232323232,0.0,35.94949494949495,1.508080808080808,5.0,False,False,False,False,False,False,False,False,True,False
20,2022_11,2022,77.500142,18.770733,33.533571,26.7168,59.84055851691117,322.0,59.906552195858296,104.0,3516.239162224633,149353,9,6.0,19.0010101010101,34.43434343434343,946.323232323232,0.0,35.94949494949495,1.508080808080808,8.0,False,True,False,False,False,False,False,False,False,False
47,2022_11,2022,77.991071,18.733133,34.244142,27.1117,60.00707580546252,323.0,72.50738242369923,104.0,3795.7953205339873,175122,9,7.0,19.0010101010101,34.43434343434343,946.323232323232,0.0,35.94949494949495,1.508080808080808,6.0,False,True,False,False,False,False,False,False,False,False
14,2022_11,2022,75.978923,18.169071,34.542476,26.40985,59.88494740317939,321.0,61.65295532808151,104.0,3414.9627340912307,151464,9,8.0,19.0010101010101,34.43434343434343,946.323232323232,0.0,35.94949494949495,1.508080808080808,10.0,False,False,False,False,False,False,False,False,True,False
44,2022_11,2022,76.653428,18.2114,33.80715,25.50425,54.114863908674934,322.0,82.7219208453229,104.0,2902.3794046889,181038,9,9.0,19.0010101010101,34.43434343434343,946.323232323232,0.0,35.94949494949495,1.508080808080808,3.0,False,False,False,True,False,False,False,False,False,False
10,2022_11,2022,79.380642,18.703428,35.96695,27.12355,54.693570451436386,320.0,63.29817444219067,104.0,3201.0629746686163,161315,9,10.0,19.0010101010101,34.43434343434343,946.323232323232,0.0,35.94949494949495,1.508080808080808,15.0,False,False,False,False,False,False,True,False,False,False
23,2022_11,2022,75.8214,18.6347,33.798866,25.869066,40.72555309212699,324.0,74.27336195103543,104.0,2394.01448181518,150540,9,11.0,19.0010101010101,34.43434343434343,946.323232323232,0.0,35.94949494949495,1.508080808080808,12.0,False,False,False,False,False,True,False,False,False,False
77,2022_11,2022,76.5849,18.6368,33.868928,27.126928,38.50228784376622,319.0,67.90254257276287,104.0,2071.705410632577,142542,9,12.0,19.0010101010101,34.43434343434343,946.323232323232,0.0,35.94949494949495,1.508080808080808,11.0,False,False,False,False,False,False,False,True,False,False
11,2022_11,2022,80.994705,19.743611,36.050125,27.500608,65.28128685315345,325.0,46.190244822869005,104.0,3764.179489598566,176345,9,13.0,19.0010101010101,34.43434343434343,946.323232323232,0.0,35.94949494949495,1.508080808080808,20.0,False,False,False,False,True,False,False,False,False,False
22,2022_11,2022,78.928538,19.265846,36.456421,26.244263,52.05670078777301,320.0,64.35695079956602,104.0,3051.666588046606,158338,9,14.0,19.0010101010101,34.43434343434343,946.323232323232,0.0,35.94949494949495,1.508080808080808,16.0,False,False,False,False,False,False,True,False,False,False
4,2022_11,2022,88.331733,20.468333,39.159421,28.393473,51.675645077598,321.0,67.43605830463702,104.0,3283.8062172744,154863,9,15.0,19.0010101010101,34.43434343434343,946.323232323232,0.0,35.94949494949495,1.508080808080808,7.0,False,False,True,False,False,False,False,False,False,False
3,2022_11,2022,81.715285,18.359,34.9319,29.5598,27.128543799235818,321.0,77.87886221048163,104.0,2482.238124439832,152218,9,16.0,19.0010101010101,34.43434343434343,946.323232323232,0.0,35.94949494949495,1.508080808080808,9.0,False,False,True,False,False,False,False,False,False,False
18,2022_11,2022,87.6448,19.3521,37.779166,30.533416,32.53375159205623,317.0,75.34270484456815,104.0,2382.8404641728384,157661,9,17.0,19.0010101010101,34.43434343434343,946.323232323232,0.0,35.94949494949495,1.508080808080808,13.0,False,False,False,False,False,False,False,False,False,True
24,2022_11,2022,81.748285,19.352571,35.139555,28.048333,24.650596726260673,319.0,76.84758715033728,104.0,1293.4439360347187,151516,9,18.0,19.0010101010101,34.43434343434343,946.323232323232,0.0,35.94949494949495,1.508080808080808,14.0,False,False,False,False,False,False,False,True,False,False
6,2022_11,2022,82.581833,18.578,34.374777,29.125777,24.489315533751594,323.0,91.35841313269492,104.0,1454.470352375112,171496,9,19.0,19.0010101010101,34.43434343434343,946.323232323232,0.0,35.94949494949495,1.508080808080808,19.0,False,False,False,False,False,True,False,False,False,False
5,2022_11,2022,86.6944,20.7841,36.00675,29.55175,32.57696117741403,320.0,74.15863955846974,104.0,2199.6466814472383,156192,9,20.0,19.0010101010101,34.43434343434343,946.323232323232,0.0,35.94949494949495,1.508080808080808,17.0,False,False,False,False,False,False,False,False,False,True
16,2022_12,2022,91.5222,35.472176,39.035411,57.328166,81.26472772277228,334.0,63.05173267326733,104.0,5150.679146039604,131686,9,1.0,30.514285714285727,45.22077922077922,967.8142857142856,0.0,54.812987012987016,1.884415584415584,19.0,True,False,False,False,False,False,False,False,False,False
1,2022_12,2022,101.8058,35.399214,38.719428,55.290222,67.05606435643564,339.0,36.44956683168317,104.0,3954.1808168316834,118470,9,2.0,30.514285714285727,45.22077922077922,967.8142857142856,0.0,54.812987012987016,1.884415584415584,1.0,False,False,False,False,True,False,False,False,False,False
11,2022_12,2022,100.342142,34.890473,38.233631,55.433533,95.7210396039604,340.0,30.15940594059406,104.0,5551.101608910891,121690,9,3.0,30.514285714285727,45.22077922077922,967.8142857142856,0.0,54.812987012987016,1.884415584415584,4.0,False,False,False,False,True,False,False,False,False,False
44,2022_12,2022,112.9269,31.966684,35.161684,51.737307,91.03799504950496,330.0,60.50940594059406,104.0,5011.270297029703,130472,9,4.0,30.514285714285727,45.22077922077922,967.8142857142856,0.0,54.812987012987016,1.884415584415584,2.0,False,False,False,True,False,False,False,False,False,False
4,2022_12,2022,119.467666,31.783857,34.867,50.839222,66.60346534653465,330.0,55.8042698019802,104.0,4001.507178217822,111166,9,5.0,30.514285714285727,45.22077922077922,967.8142857142856,0.0,54.812987012987016,1.884415584415584,7.0,False,False,True,False,False,False,False,False,False,False
63,2022_12,2022,111.02109,32.5484,35.3131,52.453857,94.99993811881188,333.0,42.18576732673267,104.0,5284.111200495049,111548,9,6.0,30.514285714285727,45.22077922077922,967.8142857142856,0.0,54.812987012987016,1.884415584415584,3.0,False,False,False,True,False,False,False,False,False,False
14,2022_12,2022,108.393857,33.345882,35.373529,55.148727,81.05241336633664,332.0,55.03316831683168,104.0,4865.3405321782175,123098,9,7.0,30.514285714285727,45.22077922077922,967.8142857142856,0.0,54.812987012987016,1.884415584415584,6.0,False,False,False,False,False,False,False,False,True,False
22,2022_12,2022,100.181,34.50265,36.03385,55.160571,95.3184405940594,336.0,32.271225247524754,104.0,5682.819306930693,120512,9,8.0,30.514285714285727,45.22077922077922,967.8142857142856,0.0,54.812987012987016,1.884415584415584,20.0,False,False,False,False,False,False,True,False,False,False
55,2022_12,2022,91.689,39.1251,40.6498,56.692333,47.86089108910891,332.0,62.60216584158416,104.0,3147.113304455446,114884,9,9.0,30.514285714285727,45.22077922077922,967.8142857142856,0.0,54.812987012987016,1.884415584415584,5.0,True,False,False,False,False,False,False,False,False,False
20,2022_12,2022,105.68775,31.114666,33.637888,56.410666,42.97295792079208,334.0,83.14504950495049,104.0,3096.367141089109,130544,9,10.0,30.514285714285727,45.22077922077922,967.8142857142856,0.0,54.812987012987016,1.884415584415584,18.0,False,True,False,False,False,False,False,False,False,False
3,2022_12,2022,113.463428,32.22025,34.206416,52.855,56.77363861386139,331.0,56.44894801980198,104.0,3449.4949876237624,110060,9,11.0,30.514285714285727,45.22077922077922,967.8142857142856,0.0,54.812987012987016,1.884415584415584,9.0,False,False,True,False,False,False,False,False,False,False
31,2022_12,2022,110.3165,32.899416,34.8155,54.35325,56.901299504950494,332.0,54.91943069306931,104.0,3328.8092202970297,106798,9,12.0,30.514285714285727,45.22077922077922,967.8142857142856,0.0,54.812987012987016,1.884415584415584,8.0,False,False,False,False,False,False,False,False,True,False
77,2022_12,2022,104.5558,32.494615,37.094076,56.668444,61.79430693069307,330.0,55.8259900990099,104.0,3612.683663366337,114930,9,13.0,30.514285714285727,45.22077922077922,967.8142857142856,0.0,54.812987012987016,1.884415584415584,14.0,False,False,False,False,False,False,False,True,False,False
5,2022_12,2022,107.977,32.4778,36.449466,57.740818,72.00198019801981,329.0,57.66355198019802,104.0,4036.566707920792,116794,9,14.0,30.514285714285727,45.22077922077922,967.8142857142856,0.0,54.812987012987016,1.884415584415584,11.0,False,False,False,False,False,False,False,False,False,True
23,2022_12,2022,117.115285,31.312454,34.934181,51.196,51.910148514851485,333.0,51.22116336633663,104.0,3031.6996287128713,106454,9,15.0,30.514285714285727,45.22077922077922,967.8142857142856,0.0,54.812987012987016,1.884415584415584,13.0,False,False,False,False,False,True,False,False,False,False
10,2022_12,2022,93.5675,35.404,37.622714,59.5914,33.412623762376235,333.0,72.43490099009901,104.0,2089.7322400990097,116720,9,16.0,30.514285714285727,45.22077922077922,967.8142857142856,0.0,54.812987012987016,1.884415584415584,12.0,False,False,False,False,False,False,True,False,False,False
18,2022_12,2022,106.289,31.753,37.190222,58.520285,42.85154702970297,329.0,63.48131188118812,104.0,2886.530693069307,116366,9,17.0,30.514285714285727,45.22077922077922,967.8142857142856,0.0,54.812987012987016,1.884415584415584,10.0,False,False,False,False,False,False,False,False,False,True
24,2022_12,2022,114.541,33.498875,36.349,50.894,38.29424504950495,331.0,67.99554455445545,104.0,2155.078650990099,118866,9,18.0,30.514285714285727,45.22077922077922,967.8142857142856,0.0,54.812987012987016,1.884415584415584,16.0,False,False,False,False,False,False,False,True,False,False
47,2022_12,2022,93.557666,33.658111,37.490222,59.768,42.90136138613861,336.0,72.45024752475247,104.0,2525.2988242574256,117074,9,19.0,30.514285714285727,45.22077922077922,967.8142857142856,0.0,54.812987012987016,1.884415584415584,15.0,False,True,False,False,False,False,False,False,False,False
6,2022_12,2022,118.6785,32.421,35.332166,50.51625,28.660272277227723,334.0,87.02258663366337,104.0,1787.4055693069306,97552,9,20.0,30.514285714285727,45.22077922077922,967.8142857142856,0.0,54.812987012987016,1.884415584415584,17.0,False,False,False,False,False,True,False,False,False,False
63,2022_13,2022,96.543411,33.690235,34.471521,29.334304,75.62979477505287,314.0,66.33430515063168,104.0,4585.896873034928,142728,9,1.0,22.202564102564104,71.08974358974359,984.3371794871792,0.0,29.80512820512821,2.7230769230769227,3.0,False,False,False,True,False,False,False,False,False,False
55,2022_13,2022,98.364294,35.930411,34.709636,28.035272,72.56982793117247,311.0,57.655119190533355,104.0,4736.651746412851,133404,9,2.0,22.202564102564104,71.08974358974359,984.3371794871792,0.0,29.80512820512821,2.7230769230769227,4.0,True,False,False,False,False,False,False,False,False,False
16,2022_13,2022,95.506117,35.575294,34.003181,26.844318,72.58063225290115,312.0,60.98942434116504,104.0,4862.342479849082,135184,9,3.0,22.202564102564104,71.08974358974359,984.3371794871792,0.0,29.80512820512821,2.7230769230769227,6.0,True,False,False,False,False,False,False,False,False,False
4,2022_13,2022,91.511583,32.884076,33.616421,26.882833,62.53061224489796,312.0,55.09409478076945,104.0,4187.355113473961,123282,9,4.0,22.202564102564104,71.08974358974359,984.3371794871792,0.0,29.80512820512821,2.7230769230769227,7.0,False,False,True,False,False,False,False,False,False,False
31,2022_13,2022,91.490923,32.141428,32.8331,28.585263,65.80689418624593,311.0,63.83650603098382,104.0,4218.763105242097,141270,9,5.0,22.202564102564104,71.08974358974359,984.3371794871792,0.0,29.80512820512821,2.7230769230769227,9.0,False,False,False,False,False,False,False,False,True,False
14,2022_13,2022,90.454,31.590583,33.324235,27.396437,56.299376893614586,311.0,77.59109358028925,104.0,3744.8975590236096,145776,9,6.0,22.202564102564104,71.08974358974359,984.3371794871792,0.0,29.80512820512821,2.7230769230769227,8.0,False,False,False,False,False,False,False,False,True,False
44,2022_13,2022,93.123571,32.4416,34.01,27.19515,69.11673240724862,312.0,71.93717486994798,104.0,4132.167667066827,145832,9,7.0,22.202564102564104,71.08974358974359,984.3371794871792,0.0,29.80512820512821,2.7230769230769227,2.0,False,False,False,True,False,False,False,False,False,False
77,2022_13,2022,91.047923,32.753071,33.3918,27.146105,66.2002515291831,310.0,40.63899845652547,104.0,4033.111644657863,116066,9,8.0,22.202564102564104,71.08974358974359,984.3371794871792,0.0,29.80512820512821,2.7230769230769227,20.0,False,False,False,False,False,False,False,True,False,False
3,2022_13,2022,90.0555,30.824846,33.347947,27.383526,63.14114217115418,312.0,46.95741153604299,104.0,4067.027725375865,112150,9,9.0,22.202564102564104,71.08974358974359,984.3371794871792,0.0,29.80512820512821,2.7230769230769227,15.0,False,False,True,False,False,False,False,False,False,False
1,2022_13,2022,93.353,34.110866,36.142571,28.038,69.0964957411536,313.0,46.01692105413594,104.0,4425.417252615332,143117,9,10.0,22.202564102564104,71.08974358974359,984.3371794871792,0.0,29.80512820512821,2.7230769230769227,1.0,False,False,False,False,True,False,False,False,False,False
11,2022_13,2022,96.541083,33.76575,36.760125,29.169062,52.44171954496084,314.0,64.58474818498829,104.0,3240.7792831418283,141544,9,11.0,22.202564102564104,71.08974358974359,984.3371794871792,0.0,29.80512820512821,2.7230769230769227,5.0,False,False,False,False,True,False,False,False,False,False
24,2022_13,2022,93.700166,32.697083,34.316875,28.997937,53.16492311210198,310.0,47.89418624592694,104.0,3248.5181501171896,115930,9,12.0,22.202564102564104,71.08974358974359,984.3371794871792,0.0,29.80512820512821,2.7230769230769227,13.0,False,False,False,False,False,False,False,True,False,False
20,2022_13,2022,92.343785,31.299214,33.962166,27.07,59.52872577602469,313.0,78.91242211170183,104.0,3605.4452066540903,125524,9,13.0,22.202564102564104,71.08974358974359,984.3371794871792,0.0,29.80512820512821,2.7230769230769227,16.0,False,True,False,False,False,False,False,False,False,False
18,2022_13,2022,98.218083,32.972666,35.50525,29.5685,52.82993197278912,310.0,66.63699765620534,104.0,3451.651746412851,129502,9,14.0,22.202564102564104,71.08974358974359,984.3371794871792,0.0,29.80512820512821,2.7230769230769227,11.0,False,False,False,False,False,False,False,False,False,True
47,2022_13,2022,97.038583,32.501916,35.922,30.540062,52.87206311095867,314.0,77.12147716229349,104.0,3421.151946492883,142050,9,15.0,22.202564102564104,71.08974358974359,984.3371794871792,0.0,29.80512820512821,2.7230769230769227,14.0,False,True,False,False,False,False,False,False,False,False
22,2022_13,2022,90.314333,30.829833,32.228888,30.286555,29.64825930372149,315.0,64.03847253186989,104.0,1881.2950894643573,117026,9,16.0,22.202564102564104,71.08974358974359,984.3371794871792,0.0,29.80512820512821,2.7230769230769227,19.0,False,False,False,False,False,False,True,False,False,False
23,2022_13,2022,94.513625,32.387,35.2634,27.8528,33.038815526210485,321.0,85.63168124392614,104.0,2302.212427828274,83488,9,17.0,22.202564102564104,71.08974358974359,984.3371794871792,0.0,29.80512820512821,2.7230769230769227,17.0,False,False,False,False,False,True,False,False,False,False
5,2022_13,2022,97.5065,34.168875,35.0422,29.1242,34.39621562910879,312.0,74.12868004344595,104.0,2653.4182244326303,140210,9,18.0,22.202564102564104,71.08974358974359,984.3371794871792,0.0,29.80512820512821,2.7230769230769227,10.0,False,False,False,False,False,False,False,False,False,True
10,2022_13,2022,92.174333,32.103166,33.549777,29.821888,29.83010346995941,313.0,65.91951066140741,104.0,1949.5059166523752,117158,9,19.0,22.202564102564104,71.08974358974359,984.3371794871792,0.0,29.80512820512821,2.7230769230769227,12.0,False,False,False,False,False,False,True,False,False,False
6,2022_13,2022,96.824375,33.340875,34.2655,29.6805,33.08843537414966,321.0,85.91179328874406,104.0,2129.366375121477,127240,9,20.0,22.202564102564104,71.08974358974359,984.3371794871792,0.0,29.80512820512821,2.7230769230769227,18.0,False,False,False,False,False,True,False,False,False,False
1,2022_14,2022,116.4735,33.158,52.198777,34.593555,35.68960121791348,340.0,79.40148856091682,104.0,1912.6640165771555,193130,9,1.0,15.206666666666669,84.80952380952381,969.037142857143,0.0,20.7,1.333333333333333,1.0,False,False,False,False,True,False,False,False,False,False
55,2022_14,2022,121.6225,34.159222,56.324357,36.69723,55.77663128515245,344.0,48.23275679790248,104.0,3140.8339324227177,132628,9,2.0,15.206666666666669,84.80952380952381,969.037142857143,0.0,20.7,1.333333333333333,3.0,True,False,False,False,False,False,False,False,False,False
11,2022_14,2022,114.096666,35.1495,53.1295,38.856363,47.6580115870935,343.0,64.1694083816129,104.0,2663.1181545227723,185828,9,3.0,15.206666666666669,84.80952380952381,969.037142857143,0.0,20.7,1.333333333333333,2.0,False,False,False,False,True,False,False,False,False,False
16,2022_14,2022,117.385714,35.436222,57.420928,39.353615,55.52010825897577,334.0,79.06681608660718,104.0,3216.270478284772,192699,9,4.0,15.206666666666669,84.80952380952381,969.037142857143,0.0,20.7,1.333333333333333,6.0,True,False,False,False,False,False,False,False,False,False
31,2022_14,2022,124.29025,33.786333,56.083,38.039571,59.3147122256523,335.0,77.33556053622024,104.0,3508.456632976699,195992,9,5.0,15.206666666666669,84.80952380952381,969.037142857143,0.0,20.7,1.333333333333333,7.0,False,False,False,False,False,False,False,False,True,False
14,2022_14,2022,118.707625,33.4754,54.684437,39.8362,63.4709688332558,336.0,76.90768384995982,104.0,3840.258341438661,192235,9,6.0,15.206666666666669,84.80952380952381,969.037142857143,0.0,20.7,1.333333333333333,5.0,False,False,False,False,False,False,False,False,True,False
44,2022_14,2022,114.662923,34.157642,50.6301,34.70521,79.77117604770162,333.0,72.14686852454857,104.0,4169.551613312471,184760,9,7.0,15.206666666666669,84.80952380952381,969.037142857143,0.0,20.7,1.333333333333333,20.0,False,False,False,True,False,False,False,False,False,False
63,2022_14,2022,117.533416,35.179214,51.95985,38.330263,80.06453249883707,334.0,68.64519812238339,104.0,4359.71552416797,184862,9,8.0,15.206666666666669,84.80952380952381,969.037142857143,0.0,20.7,1.333333333333333,4.0,False,False,False,True,False,False,False,False,False,False
23,2022_14,2022,117.596454,33.536833,53.777277,34.649058,71.41489406690066,338.0,75.21749059077261,104.0,3897.654586205438,191036,9,9.0,15.206666666666669,84.80952380952381,969.037142857143,0.0,20.7,1.333333333333333,10.0,False,False,False,False,False,True,False,False,False,False
4,2022_14,2022,122.08925,34.680555,55.954428,40.774928,55.38825220958261,334.0,78.21161246669767,104.0,3605.221169704402,196041,9,10.0,15.206666666666669,84.80952380952381,969.037142857143,0.0,20.7,1.333333333333333,12.0,False,False,True,False,False,False,False,False,False,False
3,2022_14,2022,122.443666,35.230666,53.291666,40.682555,35.921935129191866,336.0,87.68714847549371,104.0,2508.176978052184,190574,9,11.0,15.206666666666669,84.80952380952381,969.037142857143,0.0,20.7,1.333333333333333,15.0,False,False,True,False,False,False,False,False,False,False
10,2022_14,2022,118.712571,33.606,54.157583,40.908833,47.531441620501546,336.0,37.68072059880746,104.0,2535.901932591872,113480,9,12.0,15.206666666666669,84.80952380952381,969.037142857143,0.0,20.7,1.333333333333333,9.0,False,False,False,False,False,False,True,False,False,False
24,2022_14,2022,120.33675,33.74075,55.504666,36.21475,47.6426185139764,337.0,45.11823910009726,104.0,2449.1741870004653,112604,9,13.0,15.206666666666669,84.80952380952381,969.037142857143,0.0,20.7,1.333333333333333,14.0,False,False,False,False,False,False,False,True,False,False
18,2022_14,2022,120.380625,33.76525,54.33175,36.653416,47.39806317926164,329.0,85.58920793335307,104.0,2943.6602951748637,196830,9,14.0,15.206666666666669,84.80952380952381,969.037142857143,0.0,20.7,1.333333333333333,11.0,False,False,False,False,False,False,False,False,False,True
47,2022_14,2022,118.292375,34.300333,54.411615,36.764,51.546369518332135,336.0,80.62743688417136,104.0,3286.2162642195626,190502,9,15.0,15.206666666666669,84.80952380952381,969.037142857143,0.0,20.7,1.333333333333333,17.0,False,True,False,False,False,False,False,False,False,False
5,2022_14,2022,121.676,33.49775,55.358166,37.644666,23.824713494312174,328.0,88.61716073920581,104.0,1703.7304943544636,195686,9,16.0,15.206666666666669,84.80952380952381,969.037142857143,0.0,20.7,1.333333333333333,8.0,False,False,False,False,False,False,False,False,False,True
6,2022_14,2022,115.010666,34.31025,55.687714,43.280714,27.744026726434644,333.0,88.63039709054003,104.0,1692.9542436672727,175581,9,17.0,15.206666666666669,84.80952380952381,969.037142857143,0.0,20.7,1.333333333333333,18.0,False,False,False,False,False,True,False,False,False,False
20,2022_14,2022,118.3285,35.27925,52.792,35.962666,23.823783143739163,332.0,92.6298473379287,104.0,2162.0641519008755,190094,9,18.0,15.206666666666669,84.80952380952381,969.037142857143,0.0,20.7,1.333333333333333,16.0,False,True,False,False,False,False,False,False,False,False
22,2022_14,2022,121.51975,35.94675,54.706166,37.706166,23.793462172791475,335.0,49.69171565103396,104.0,1313.7287182306425,114578,9,19.0,15.206666666666669,84.80952380952381,969.037142857143,0.0,20.7,1.333333333333333,13.0,False,False,False,False,False,False,True,False,False,False
77,2022_14,2022,118.649333,32.558666,55.3322,38.4194,19.873726054044912,336.0,51.481752442170254,104.0,1040.6654121030151,111372,9,20.0,15.206666666666669,84.80952380952381,969.037142857143,0.0,20.7,1.333333333333333,19.0,False,False,False,False,False,False,False,True,False,False
1,2022_15,2022,83.263,28.03625,28.848833,25.828333,35.8477605626355,327.0,46.873671408175134,104.0,2060.470202527629,126690,9,1.0,26.923809523809517,30.27380952380953,1010.0369047619045,0.0,39.05952380952381,1.4595238095238094,1.0,False,False,False,False,True,False,False,False,False,False
16,2022_15,2022,86.913307,30.416307,29.431444,26.306777,54.15832055417482,323.0,73.93781397070488,104.0,3305.0508698641,148248,9,2.0,26.923809523809517,30.27380952380953,1010.0369047619045,0.0,39.05952380952381,1.4595238095238094,3.0,True,False,False,False,False,False,False,False,False,False
55,2022_15,2022,88.56525,29.6925,30.484,27.931777,54.25059489186188,326.0,55.83649727671725,104.0,3452.888689122733,132696,9,3.0,26.923809523809517,30.27380952380953,1010.0369047619045,0.0,39.05952380952381,1.4595238095238094,8.0,True,False,False,False,False,False,False,False,False,False
44,2022_15,2022,81.92609,27.348363,28.369529,26.797117,54.38004336100682,320.0,70.21495425942572,104.0,3250.5531172333563,148664,9,4.0,26.923809523809517,30.27380952380953,1010.0369047619045,0.0,39.05952380952381,1.4595238095238094,4.0,False,False,False,True,False,False,False,False,False,False
11,2022_15,2022,92.56,30.5135,29.8125,29.100055,56.676960499180375,330.0,39.84717889059278,104.0,3398.009782666173,154118,9,5.0,26.923809523809517,30.27380952380953,1010.0369047619045,0.0,39.05952380952381,1.4595238095238094,5.0,False,False,False,False,True,False,False,False,False,False
63,2022_15,2022,83.888818,28.142363,29.762235,26.967117,54.10739781079795,326.0,73.85394743799905,104.0,3249.946591930622,153918,9,6.0,26.923809523809517,30.27380952380953,1010.0369047619045,0.0,39.05952380952381,1.4595238095238094,2.0,False,False,False,True,False,False,False,False,False,False
4,2022_15,2022,82.467454,27.239454,28.937117,27.34247,54.01908941885675,323.0,51.783565120829145,104.0,3291.546613082333,118188,9,7.0,26.923809523809517,30.27380952380953,1010.0369047619045,0.0,39.05952380952381,1.4595238095238094,7.0,False,False,True,False,False,False,False,False,False,False
47,2022_15,2022,84.958642,28.371,30.9395,26.18575,63.19723970176088,325.0,70.14108190999947,104.0,4084.236793400666,154338,9,8.0,26.923809523809517,30.27380952380953,1010.0369047619045,0.0,39.05952380952381,1.4595238095238094,13.0,False,True,False,False,False,False,False,False,False,False
22,2022_15,2022,83.11723,27.532307,28.0083,27.7088,63.16683411770927,324.0,38.839299878377666,104.0,3762.6636878007503,130008,9,9.0,26.923809523809517,30.27380952380953,1010.0369047619045,0.0,39.05952380952381,1.4595238095238094,20.0,False,False,False,False,False,False,True,False,False,False
18,2022_15,2022,90.1272,29.6984,31.653357,28.889142,42.321929036010786,321.0,76.24213420760404,104.0,2752.313732748136,143896,9,10.0,26.923809523809517,30.27380952380953,1010.0369047619045,0.0,39.05952380952381,1.4595238095238094,10.0,False,False,False,False,False,False,False,False,False,True
10,2022_15,2022,83.4198,28.4273,28.953666,27.288466,45.3325577706097,325.0,52.78139707048808,104.0,2770.8711860821745,127762,9,11.0,26.923809523809517,30.27380952380953,1010.0369047619045,0.0,39.05952380952381,1.4595238095238094,11.0,False,False,False,False,False,False,True,False,False,False
31,2022_15,2022,84.31625,27.72425,30.504916,28.074333,36.24684046322246,323.0,80.52228861509174,104.0,2529.1538786949395,152739,9,12.0,26.923809523809517,30.27380952380953,1010.0369047619045,0.0,39.05952380952381,1.4595238095238094,9.0,False,False,False,False,False,False,False,False,True,False
14,2022_15,2022,84.346857,28.104,30.657818,27.919,33.31727565966897,327.0,56.08190999947121,104.0,2111.6678652636033,113643,9,13.0,26.923809523809517,30.27380952380953,1010.0369047619045,0.0,39.05952380952381,1.4595238095238094,6.0,False,False,False,False,False,False,False,False,True,False
24,2022_15,2022,84.4289,27.9748,29.388133,27.506666,45.345618951932735,322.0,58.38882132092433,104.0,2625.562952778806,125242,9,14.0,26.923809523809517,30.27380952380953,1010.0369047619045,0.0,39.05952380952381,1.4595238095238094,16.0,False,False,False,False,False,False,False,True,False,False
23,2022_15,2022,88.643636,29.698909,31.054866,27.185733,47.86256676008672,323.0,78.51377505155729,104.0,2960.4829993125695,154500,9,15.0,26.923809523809517,30.27380952380953,1010.0369047619045,0.0,39.05952380952381,1.4595238095238094,12.0,False,False,False,False,False,True,False,False,False,False
77,2022_15,2022,84.577,29.056166,29.870777,27.055222,27.13299138067791,319.0,69.24874411718048,104.0,1610.822219872032,124428,9,16.0,26.923809523809517,30.27380952380953,1010.0369047619045,0.0,39.05952380952381,1.4595238095238094,19.0,False,False,False,False,False,False,False,True,False,False
3,2022_15,2022,89.258833,29.724666,30.894375,28.927,23.80445243509069,320.0,68.6803447728835,104.0,1496.046004970652,118664,9,17.0,26.923809523809517,30.27380952380953,1010.0369047619045,0.0,39.05952380952381,1.4595238095238094,17.0,False,False,True,False,False,False,False,False,False,False
20,2022_15,2022,91.330428,31.223285,32.534888,26.655222,27.13288562212469,323.0,91.24900851356354,104.0,1879.06726243985,87983,9,18.0,26.923809523809517,30.27380952380953,1010.0369047619045,0.0,39.05952380952381,1.4595238095238094,15.0,False,True,False,False,False,False,False,False,False,False
5,2022_15,2022,97.552833,37.996166,29.639,29.914375,24.01269102638676,319.0,67.77626778065677,104.0,1625.2468404632225,119912,9,19.0,26.923809523809517,30.27380952380953,1010.0369047619045,0.0,39.05952380952381,1.4595238095238094,14.0,False,False,False,False,False,False,False,False,False,True
6,2022_15,2022,96.400333,27.513333,33.317,30.6264,14.977261911057056,324.0,74.2649780551002,104.0,1359.835439691185,124170,9,20.0,26.923809523809517,30.27380952380953,1010.0369047619045,0.0,39.05952380952381,1.4595238095238094,18.0,False,False,False,False,False,True,False,False,False,False
16,2022_16,2022,98.176111,31.814555,33.553538,34.066769,57.52839520209198,346.0,75.13683133420498,104.0,3174.563015178216,133536,9,1.0,27.60769230769231,34.705128205128204,990.775641025641,0.0,40.264102564102565,1.0397435897435896,2.0,True,False,False,False,False,False,False,False,False,False
1,2022_16,2022,92.3894,32.095636,33.424933,33.887866,66.36029787959752,343.0,68.6789267238929,104.0,3414.913080552555,142024,9,2.0,27.60769230769231,34.705128205128204,990.775641025641,0.0,40.264102564102565,1.0397435897435896,1.0,False,False,False,False,True,False,False,False,False,False
55,2022_16,2022,99.21625,32.634125,32.681833,35.939,53.009152407481096,347.0,62.63811039736229,104.0,3071.0216019555455,122058,9,3.0,27.60769230769231,34.705128205128204,990.775641025641,0.0,40.264102564102565,1.0397435897435896,4.0,True,False,False,False,False,False,False,False,False,False
11,2022_16,2022,96.824,31.618727,31.619533,32.813285,66.6532317662441,344.0,66.68546415780797,104.0,3329.4418736854072,142002,9,4.0,27.60769230769231,34.705128205128204,990.775641025641,0.0,40.264102564102565,1.0397435897435896,6.0,False,False,False,False,True,False,False,False,False,False
44,2022_16,2022,92.4016,29.95,30.724823,33.098437,75.88761298391223,341.0,74.75851287590245,104.0,3884.518390085839,140170,9,5.0,27.60769230769231,34.705128205128204,990.775641025641,0.0,40.264102564102565,1.0397435897435896,5.0,False,False,False,True,False,False,False,False,False,False
63,2022_16,2022,95.4421,29.932363,31.934411,33.466687,75.83406287306009,341.0,74.10096071854926,104.0,3860.981013018021,139554,9,6.0,27.60769230769231,34.705128205128204,990.775641025641,0.0,40.264102564102565,1.0397435897435896,3.0,False,False,False,True,False,False,False,False,False,False
4,2022_16,2022,93.431833,30.625692,31.716,32.07,84.21510999943153,342.0,50.077823887215054,104.0,4294.116764254448,109668,9,7.0,27.60769230769231,34.705128205128204,990.775641025641,0.0,40.264102564102565,1.0397435897435896,7.0,False,False,True,False,False,False,False,False,False,False
3,2022_16,2022,92.115692,29.751571,31.8621,33.291947,88.48013188562334,341.0,48.86339605480075,104.0,4550.17901199477,109926,9,8.0,27.60769230769231,34.705128205128204,990.775641025641,0.0,40.264102564102565,1.0397435897435896,17.0,False,False,True,False,False,False,False,False,False,False
10,2022_16,2022,93.115,30.0925,31.5695,33.47247,80.15456767665283,345.0,38.05775680745836,104.0,4363.627764197601,105140,9,9.0,27.60769230769231,34.705128205128204,990.775641025641,0.0,40.264102564102565,1.0397435897435896,8.0,False,False,False,False,False,False,True,False,False,False
14,2022_16,2022,94.2783,30.25209,31.648764,34.319062,75.6890455346484,344.0,42.71360354726849,104.0,3975.6835881985103,103802,9,10.0,27.60769230769231,34.705128205128204,990.775641025641,0.0,40.264102564102565,1.0397435897435896,19.0,False,False,False,False,False,False,False,False,True,False
31,2022_16,2022,94.787,30.12675,32.498916,35.972818,53.565971235290775,343.0,80.95349894832584,104.0,2738.0021601955546,141992,9,11.0,27.60769230769231,34.705128205128204,990.775641025641,0.0,40.264102564102565,1.0397435897435896,11.0,False,False,False,False,False,False,False,False,True,False
77,2022_16,2022,95.526625,30.607,32.327416,34.077083,53.28639645273151,345.0,50.58899437212211,104.0,2745.192314251606,102846,9,12.0,27.60769230769231,34.705128205128204,990.775641025641,0.0,40.264102564102565,1.0397435897435896,13.0,False,False,False,False,False,False,False,True,False,False
45,2022_16,2022,97.979333,31.460666,32.344153,33.937153,57.56193508043886,346.0,82.45779091580923,104.0,2924.828434995168,142048,9,13.0,27.60769230769231,34.705128205128204,990.775641025641,0.0,40.264102564102565,1.0397435897435896,9.0,False,False,False,False,False,True,False,False,False,False
24,2022_16,2022,95.84875,30.66675,32.149083,34.371333,53.58774373259053,347.0,50.73025979193906,104.0,2722.1909499175713,102974,9,14.0,27.60769230769231,34.705128205128204,990.775641025641,0.0,40.264102564102565,1.0397435897435896,10.0,False,False,False,False,False,False,False,True,False,False
22,2022_16,2022,90.077,28.97075,31.321333,32.567333,26.875333977602185,344.0,53.99579330339378,104.0,1673.4832584844523,118608,9,15.0,27.60769230769231,34.705128205128204,990.775641025641,0.0,40.264102564102565,1.0397435897435896,14.0,False,False,False,False,False,False,True,False,False,False
6,2022_16,2022,106.6458,35.1932,34.612,34.616571,31.03848558922176,347.0,90.61468932977093,104.0,1733.744869535558,139735,9,16.0,27.60769230769231,34.705128205128204,990.775641025641,0.0,40.264102564102565,1.0397435897435896,15.0,False,False,False,False,False,True,False,False,False,False
5,2022_16,2022,103.657,32.7836,33.238142,35.153285,30.899721448467968,334.0,62.64095275993406,104.0,1997.4147575464729,90390,9,17.0,27.60769230769231,34.705128205128204,990.775641025641,0.0,40.264102564102565,1.0397435897435896,20.0,False,False,False,False,False,False,False,False,False,True
18,2022_16,2022,95.8475,30.246666,30.564888,34.372444,40.013472798590186,339.0,67.65078733443238,104.0,2223.734409641294,116056,9,18.0,27.60769230769231,34.705128205128204,990.775641025641,0.0,40.264102564102565,1.0397435897435896,18.0,False,False,False,False,False,False,False,False,False,True
20,2022_16,2022,93.64525,30.445625,31.8227,32.1504,44.3753624012279,340.0,84.80410437155363,104.0,2883.3228355409015,138692,9,19.0,27.60769230769231,34.705128205128204,990.775641025641,0.0,40.264102564102565,1.0397435897435896,16.0,False,True,False,False,False,False,False,False,False,False
47,2022_16,2022,99.379428,31.341571,32.399,34.667444,39.83025410721392,341.0,84.16138934682508,104.0,2483.804559149565,139740,9,20.0,27.60769230769231,34.705128205128204,990.775641025641,0.0,40.264102564102565,1.0397435897435896,12.0,False,True,False,False,False,False,False,False,False,False
16,2022_17,2022,121.431846,33.012,49.90285,47.32245,77.3513544602289,294.0,54.018289526657846,104.0,5379.589060792546,148779,9,1.0,26.847500000000004,81.4125,1009.14375,0.0,27.78375,0.7074999999999999,2.0,True,False,False,False,False,False,False,False,False,False
11,2022_17,2022,121.544333,33.626375,49.170842,48.035947,73.65629493299592,296.0,53.03611893943751,104.0,4857.098119284523,156497,9,2.0,26.847500000000004,81.4125,1009.14375,0.0,27.78375,0.7074999999999999,1.0,False,False,False,False,True,False,False,False,False,False
44,2022_17,2022,124.516789,34.34025,47.436086,45.00726,89.19922930925404,294.0,45.58888824984184,104.0,5762.406223040202,136098,9,3.0,26.847500000000004,81.4125,1009.14375,0.0,27.78375,0.7074999999999999,9.0,False,False,False,True,False,False,False,False,False,False
55,2022_17,2022,123.369176,32.814947,47.035045,47.608714,85.3381261862311,294.0,45.529188474147354,104.0,5770.57537240467,139653,9,4.0,26.847500000000004,81.4125,1009.14375,0.0,27.78375,0.7074999999999999,3.0,True,False,False,False,False,False,False,False,False,False
14,2022_17,2022,123.622647,34.177,49.28213,45.749,88.99919480071317,293.0,39.33732098694427,104.0,5967.159602001495,126157,9,5.0,26.847500000000004,81.4125,1009.14375,0.0,27.78375,0.7074999999999999,18.0,False,False,False,False,False,False,False,False,True,False
4,2022_17,2022,124.055444,33.792428,49.43625,45.141608,92.8853741300972,291.0,37.70161614999712,104.0,6593.268188876747,133765,8,6.0,26.847500000000004,81.4125,1009.14375,0.0,27.78375,0.7074999999999999,4.0,False,False,True,False,False,False,False,False,False,False
10,2022_17,2022,125.752764,38.150619,49.19875,46.457913,93.04647150169669,292.0,37.916834416518086,104.0,6543.270949560016,134637,50,7.0,26.847500000000004,81.4125,1009.14375,0.0,27.78375,0.7074999999999999,10.0,False,False,False,False,False,False,True,False,False,False
1,2022_17,2022,120.928538,32.713437,48.36785,49.152947,77.14487835739345,295.0,50.80243860355438,104.0,5316.571691493645,156521,9,8.0,26.847500000000004,81.4125,1009.14375,0.0,27.78375,0.7074999999999999,7.0,False,False,False,False,True,False,False,False,False,False
20,2022_17,2022,124.660866,36.292315,49.973217,46.33559,89.32092943003393,292.0,35.91591418876172,104.0,5930.598953240927,130833,8,9.0,26.847500000000004,81.4125,1009.14375,0.0,27.78375,0.7074999999999999,12.0,False,True,False,False,False,False,False,False,False,False
22,2022_17,2022,127.349666,39.437,50.275956,47.113045,89.20578593201817,296.0,35.70690745959625,104.0,6214.722436302985,136264,9,10.0,26.847500000000004,81.4125,1009.14375,0.0,27.78375,0.7074999999999999,15.0,False,False,False,False,False,False,True,False,False,False
63,2022_17,2022,127.419285,35.295133,47.867235,44.443437,66.2641053660781,293.0,60.19106228791626,104.0,4602.060965088859,152104,9,11.0,26.847500000000004,81.4125,1009.14375,0.0,27.78375,0.7074999999999999,14.0,False,False,False,True,False,False,False,False,False,False
18,2022_17,2022,121.788,39.900307,49.758666,50.932142,58.211594869730256,293.0,49.08753666532467,104.0,3834.33461781791,127657,82,12.0,26.847500000000004,81.4125,1009.14375,0.0,27.78375,0.7074999999999999,6.0,False,False,False,False,False,False,False,False,False,True
47,2022_17,2022,128.4897,35.219538,50.593125,49.742125,62.01558635762351,291.0,57.709783171334905,104.0,4525.410076493932,149535,75,13.0,26.847500000000004,81.4125,1009.14375,0.0,27.78375,0.7074999999999999,13.0,False,True,False,False,False,False,False,False,False,False
5,2022_17,2022,127.1783,37.293846,49.637333,48.547133,58.19250014378559,292.0,52.79588198079025,104.0,3770.155115891183,126108,9,14.0,26.847500000000004,81.4125,1009.14375,0.0,27.78375,0.7074999999999999,8.0,False,False,False,False,False,False,False,False,False,True
24,2022_17,2022,123.07125,35.9115,51.944071,48.279428,54.22160234658078,288.0,50.25892908494853,104.0,3598.5035371254385,121311,8,15.0,26.847500000000004,81.4125,1009.14375,0.0,27.78375,0.7074999999999999,20.0,False,False,False,False,False,False,False,True,False,False
77,2022_17,2022,123.4966,32.628,50.268714,46.736142,27.11255535745097,290.0,66.38638062920573,104.0,1749.996951745557,120897,9,16.0,26.847500000000004,81.4125,1009.14375,0.0,27.78375,0.7074999999999999,11.0,False,False,False,False,False,False,False,True,False,False
3,2022_17,2022,127.851,36.718625,49.939555,50.984222,35.074423419796396,290.0,67.87686202335078,104.0,3038.164548225686,133729,8,17.0,26.847500000000004,81.4125,1009.14375,0.0,27.78375,0.7074999999999999,5.0,False,False,True,False,False,False,False,False,False,False
31,2022_17,2022,124.216857,33.454375,49.144333,42.9025,34.9764766779778,291.0,85.65060102375338,104.0,2442.6503134525797,156487,9,18.0,26.847500000000004,81.4125,1009.14375,0.0,27.78375,0.7074999999999999,16.0,False,False,False,False,False,False,False,False,True,False
23,2022_17,2022,125.25325,36.452166,50.420714,47.281666,27.643814344050153,297.0,69.80502674411917,104.0,2008.190659688273,140622,9,19.0,26.847500000000004,81.4125,1009.14375,0.0,27.78375,0.7074999999999999,17.0,False,False,False,False,False,True,False,False,False,False
6,2022_17,2022,126.3466,36.632428,49.816,49.546375,31.411111750158163,297.0,73.05935469028584,104.0,2293.274803013746,139941,9,20.0,26.847500000000004,81.4125,1009.14375,0.0,27.78375,0.7074999999999999,19.0,False,False,False,False,False,True,False,False,False,False
1,2022_18,2022,103.38175,36.64175,50.440166,24.68325,54.74396191360892,331.0,50.40124245239201,104.0,3060.880747793776,114904,9,1.0,19.89610389610389,57.467532467532465,1014.7246753246752,0.0,26.4974025974026,2.644155844155844,1.0,False,False,False,False,True,False,False,False,False,False
16,2022_18,2022,104.904,37.871375,47.729666,23.3585,54.8111936832327,328.0,55.149326521133304,104.0,3355.894333488156,108992,9,2.0,19.89610389610389,57.467532467532465,1014.7246753246752,0.0,26.4974025974026,2.644155844155844,3.0,True,False,False,False,False,False,False,False,False,False
55,2022_18,2022,106.58625,38.294375,48.869916,22.75,54.84266140269391,329.0,68.36803297724106,104.0,3490.3725034835115,128192,9,3.0,19.89610389610389,57.467532467532465,1014.7246753246752,0.0,26.4974025974026,2.644155844155844,19.0,True,False,False,False,False,False,False,False,False,False
11,2022_18,2022,107.1648,37.305,49.647533,23.913333,68.19989549465862,331.0,56.32083139804923,104.0,3836.118323269856,138804,9,4.0,19.89610389610389,57.467532467532465,1014.7246753246752,0.0,26.4974025974026,2.644155844155844,2.0,False,False,False,False,True,False,False,False,False,False
31,2022_18,2022,106.210666,36.052166,47.957777,25.626222,81.12343241987924,326.0,43.605434277751975,104.0,4419.039886205295,104134,9,5.0,19.89610389610389,57.467532467532465,1014.7246753246752,0.0,26.4974025974026,2.644155844155844,4.0,False,False,False,False,False,False,False,False,True,False
44,2022_18,2022,104.545214,36.101857,46.1637,25.19945,90.3446353924756,322.0,71.04766604737576,104.0,4792.6265675801205,139594,9,6.0,19.89610389610389,57.467532467532465,1014.7246753246752,0.0,26.4974025974026,2.644155844155844,5.0,False,False,False,True,False,False,False,False,False,False
14,2022_18,2022,105.9282,37.2734,48.365,23.7678,68.03309335810496,328.0,73.1697050627032,104.0,3979.993032977241,138790,9,7.0,19.89610389610389,57.467532467532465,1014.7246753246752,0.0,26.4974025974026,2.644155844155844,7.0,False,False,False,False,False,False,False,False,True,False
63,2022_18,2022,106.049583,38.337846,49.905894,23.744157,85.91227357176034,322.0,68.1632025081282,104.0,4692.874477473293,139158,9,8.0,19.89610389610389,57.467532467532465,1014.7246753246752,0.0,26.4974025974026,2.644155844155844,8.0,False,False,False,True,False,False,False,False,False,False
5,2022_18,2022,102.6315,36.0627,45.782666,22.637466,68.04040873200186,319.0,81.30440083604273,104.0,3590.3045750116116,142776,9,9.0,19.89610389610389,57.467532467532465,1014.7246753246752,0.0,26.4974025974026,2.644155844155844,6.0,False,False,False,False,False,False,False,False,False,True
4,2022_18,2022,106.364666,37.188083,49.199888,23.853722,81.37000696702276,323.0,66.72544124477473,104.0,4902.025661867162,139450,34,10.0,19.89610389610389,57.467532467532465,1014.7246753246752,0.0,26.4974025974026,2.644155844155844,10.0,False,False,True,False,False,False,False,False,False,False
3,2022_18,2022,103.969571,36.118,47.040545,25.49109,49.70001161170459,325.0,81.06177426846261,104.0,3415.131328379006,138798,9,11.0,19.89610389610389,57.467532467532465,1014.7246753246752,0.0,26.4974025974026,2.644155844155844,11.0,False,False,True,False,False,False,False,False,False,False
77,2022_18,2022,106.09975,37.139625,48.596833,24.38025,54.15728053878309,326.0,53.204366000928935,104.0,2970.339642359498,106152,9,12.0,19.89610389610389,57.467532467532465,1014.7246753246752,0.0,26.4974025974026,2.644155844155844,15.0,False,False,False,False,False,False,False,True,False,False
22,2022_18,2022,104.3933,36.6762,46.501733,24.944133,67.7914537854157,328.0,51.02072689270785,104.0,3870.315780306549,120092,9,13.0,19.89610389610389,57.467532467532465,1014.7246753246752,0.0,26.4974025974026,2.644155844155844,13.0,False,False,False,False,False,False,True,False,False,False
24,2022_18,2022,105.91625,36.926125,48.379833,24.631833,54.262076172782166,324.0,48.58104969809568,104.0,2959.1491523455643,106232,9,14.0,19.89610389610389,57.467532467532465,1014.7246753246752,0.0,26.4974025974026,2.644155844155844,16.0,False,False,False,False,False,False,False,True,False,False
47,2022_18,2022,103.553,34.76575,48.84225,25.38225,54.12918021365537,325.0,83.59550627032048,104.0,3398.177775197399,138766,9,15.0,19.89610389610389,57.467532467532465,1014.7246753246752,0.0,26.4974025974026,2.644155844155844,17.0,False,True,False,False,False,False,False,False,False,False
23,2022_18,2022,103.18,37.64425,46.132,24.691166,26.89526242452392,332.0,89.35073153738969,104.0,1577.6660473757547,116403,9,16.0,19.89610389610389,57.467532467532465,1014.7246753246752,0.0,26.4974025974026,2.644155844155844,20.0,False,False,False,False,False,True,False,False,False,False
10,2022_18,2022,103.487,36.777333,47.464,22.416666,40.52148165350673,327.0,69.71255225267069,104.0,2242.434219693451,118192,9,17.0,19.89610389610389,57.467532467532465,1014.7246753246752,0.0,26.4974025974026,2.644155844155844,18.0,False,False,False,False,False,False,True,False,False,False
20,2022_18,2022,99.4575,34.7385,47.866833,23.2355,26.944379934974453,325.0,92.98240826753369,104.0,2157.7079075708316,138450,9,18.0,19.89610389610389,57.467532467532465,1014.7246753246752,0.0,26.4974025974026,2.644155844155844,14.0,False,True,False,False,False,False,False,False,False,False
18,2022_18,2022,98.91475,34.6595,44.353,24.2925,27.330294937296795,320.0,72.19728286112401,104.0,1511.5971319089642,105933,9,19.0,19.89610389610389,57.467532467532465,1014.7246753246752,0.0,26.4974025974026,2.644155844155844,12.0,False,False,False,False,False,False,False,False,False,True
6,2022_18,2022,104.8114,39.0674,46.01075,21.74075,35.86855550394798,331.0,86.31856711565258,104.0,2186.467719461217,73805,9,20.0,19.89610389610389,57.467532467532465,1014.7246753246752,0.0,26.4974025974026,2.644155844155844,9.0,False,False,False,False,False,True,False,False,False,False
55,2022_19,2022,110.2555,30.076222,48.369692,39.799307,53.946205571565805,323.0,58.9082895406001,104.0,3422.5968808272587,122472,9,1.0,30.040506329113935,36.81012658227848,991.09746835443,0.0,35.86835443037976,5.006329113924051,20.0,True,False,False,False,False,False,False,False,False,False
16,2022_19,2022,112.785555,31.171,46.572615,39.292923,54.167825055094085,321.0,66.72289088546081,104.0,3756.824377013053,133942,9,2.0,30.040506329113935,36.81012658227848,991.09746835443,0.0,35.86835443037976,5.006329113924051,3.0,True,False,False,False,False,False,False,False,False,False
1,2022_19,2022,112.981888,33.064888,45.295571,40.559714,58.04000678081031,327.0,42.71085494716618,104.0,3541.7284285472115,136296,9,3.0,30.040506329113935,36.81012658227848,991.09746835443,0.0,35.86835443037976,5.006329113924051,1.0,False,False,False,False,True,False,False,False,False,False
11,2022_19,2022,111.825375,31.2935,47.338666,41.265416,49.93942476125897,324.0,41.567045261908795,104.0,3062.3341809346216,119582,9,4.0,30.040506329113935,36.81012658227848,991.09746835443,0.0,35.86835443037976,5.006329113924051,4.0,False,False,False,False,True,False,False,False,False,False
44,2022_19,2022,104.946333,28.4025,43.536333,39.348277,75.31078713906312,320.0,65.79866644063965,104.0,4440.955755212748,144050,9,5.0,30.040506329113935,36.81012658227848,991.09746835443,0.0,35.86835443037976,5.006329113924051,2.0,False,False,False,True,False,False,False,False,False,False
63,2022_19,2022,109.927307,30.058769,44.284842,39.629052,78.72955868226254,320.0,56.88930327174097,104.0,4624.280386506188,129560,9,6.0,30.040506329113935,36.81012658227848,991.09746835443,0.0,35.86835443037976,5.006329113924051,5.0,False,False,False,True,False,False,False,False,False,False
18,2022_19,2022,107.9335,29.0141,42.937133,39.4588,61.966434988981185,317.0,52.964683279651915,104.0,3517.566028140363,110796,9,7.0,30.040506329113935,36.81012658227848,991.09746835443,0.0,35.86835443037976,5.006329113924051,18.0,False,False,False,False,False,False,False,False,False,True
4,2022_19,2022,109.991583,30.246083,44.862277,39.291777,74.25998756851443,320.0,66.7276374526756,104.0,4877.445725264169,145334,9,8.0,30.040506329113935,36.81012658227848,991.09746835443,0.0,35.86835443037976,5.006329113924051,6.0,False,False,True,False,False,False,False,False,False,False
14,2022_19,2022,111.539,30.119363,46.824176,41.105823,70.36011753404532,321.0,42.95745041532463,104.0,4224.046166016839,110098,9,9.0,30.040506329113935,36.81012658227848,991.09746835443,0.0,35.86835443037976,5.006329113924051,7.0,False,False,False,False,False,False,False,False,True,False
77,2022_19,2022,110.481666,29.984083,44.662666,37.851944,74.19709555291857,319.0,28.52760354862406,104.0,4272.219867774199,109008,9,10.0,30.040506329113935,36.81012658227848,991.09746835443,0.0,35.86835443037976,5.006329113924051,19.0,False,False,False,False,False,False,False,True,False,False
23,2022_19,2022,112.572,31.177909,44.263466,38.049266,62.49064813245183,326.0,70.53167203480815,104.0,3899.1126744645985,143770,9,11.0,30.040506329113935,36.81012658227848,991.09746835443,0.0,35.86835443037976,5.006329113924051,13.0,False,False,False,False,False,True,False,False,False,False
5,2022_19,2022,108.262125,29.5985,44.199833,38.540416,49.839520822738315,316.0,57.17760072328643,104.0,2766.274227270159,109472,9,12.0,30.040506329113935,36.81012658227848,991.09746835443,0.0,35.86835443037976,5.006329113924051,8.0,False,False,False,False,False,False,False,False,False,True
10,2022_19,2022,113.266571,31.788285,45.250454,39.553454,45.557156580211334,320.0,49.23184720574108,104.0,2923.7930722721367,112828,9,13.0,30.040506329113935,36.81012658227848,991.09746835443,0.0,35.86835443037976,5.006329113924051,14.0,False,False,False,False,False,False,True,False,False,False
24,2022_19,2022,112.1515,31.390454,46.710466,39.4952,61.680115273775215,324.0,51.473187545911735,104.0,3629.7582641125614,118194,9,14.0,30.040506329113935,36.81012658227848,991.09746835443,0.0,35.86835443037976,5.006329113924051,12.0,False,False,False,False,False,False,False,True,False,False
22,2022_19,2022,110.25,30.230375,43.77825,39.217166,49.679324179239416,321.0,44.6962762050065,104.0,3095.177826750297,115742,9,15.0,30.040506329113935,36.81012658227848,991.09746835443,0.0,35.86835443037976,5.006329113924051,10.0,False,False,False,False,False,False,True,False,False,False
20,2022_19,2022,105.7714,30.916166,46.011,43.435125,33.107023789342826,322.0,82.30863988246595,104.0,2101.5989715771034,139856,9,16.0,30.040506329113935,36.81012658227848,991.09746835443,0.0,35.86835443037976,5.006329113924051,9.0,False,True,False,False,False,False,False,False,False,False
3,2022_19,2022,112.66075,33.36725,45.281833,41.897833,24.900096061479346,315.0,83.75300898457365,104.0,2719.754873707408,140684,34,17.0,30.040506329113935,36.81012658227848,991.09746835443,0.0,35.86835443037976,5.006329113924051,16.0,False,False,True,False,False,False,False,False,False,False
31,2022_19,2022,111.42875,30.0015,46.4775,44.157333,25.050743063796123,320.0,89.58851782788044,104.0,1808.660281403628,142646,9,18.0,30.040506329113935,36.81012658227848,991.09746835443,0.0,35.86835443037976,5.006329113924051,11.0,False,False,False,False,False,False,False,False,True,False
47,2022_19,2022,116.7398,33.376,48.953375,44.019375,33.262643385884616,319.0,78.61818387297282,104.0,2356.8146578516134,138618,9,19.0,30.040506329113935,36.81012658227848,991.09746835443,0.0,35.86835443037976,5.006329113924051,15.0,False,True,False,False,False,False,False,False,False,False
6,2022_19,2022,108.0404,30.3274,43.45225,38.922375,32.792789738373735,325.0,85.95694185455162,104.0,2045.610272927615,132656,9,20.0,30.040506329113935,36.81012658227848,991.09746835443,0.0,35.86835443037976,5.006329113924051,17.0,False,False,False,False,False,True,False,False,False,False
1,2022_20,2022,89.686909,30.96609,34.65625,24.317187,52.36620610247553,350.0,58.38105929763961,104.0,3081.857512953368,140788,9,1.0,25.62948717948718,36.26923076923077,782.580769230769,0.0,48.52820512820512,1.2564102564102562,1.0,False,False,False,False,True,False,False,False,False,False
63,2022_20,2022,92.468333,31.043833,37.119666,25.567888,58.76609096142775,346.0,70.90472078295913,104.0,3604.404778353483,142192,9,2.0,25.62948717948718,36.26923076923077,782.580769230769,0.0,48.52820512820512,1.2564102564102562,4.0,False,False,False,True,False,False,False,False,False,False
44,2022_20,2022,89.189538,30.420923,34.714473,25.859736,62.499884858952214,349.0,69.23534830166955,104.0,3741.433045480714,142156,9,3.0,25.62948717948718,36.26923076923077,782.580769230769,0.0,48.52820512820512,1.2564102564102562,2.0,False,False,False,True,False,False,False,False,False,False
11,2022_20,2022,89.828,31.564,35.086388,24.083235,0.0,0.0,97.86896948762234,104.0,102.56868163500287,156330,1,4.0,25.62948717948718,36.26923076923077,782.580769230769,0.0,48.52820512820512,1.2564102564102562,3.0,False,False,False,False,True,False,False,False,False,False
55,2022_20,2022,88.6615,34.459416,36.495647,24.708812,55.9831894070236,348.0,52.12642487046632,104.0,3523.6747841105353,117996,9,5.0,25.62948717948718,36.26923076923077,782.580769230769,0.0,48.52820512820512,1.2564102564102562,5.0,True,False,False,False,False,False,False,False,False,False
77,2022_20,2022,88.455545,31.273166,34.8355,25.82047,59.064075993091535,348.0,26.800518134715027,104.0,3527.2241220495107,102334,9,6.0,25.62948717948718,36.26923076923077,782.580769230769,0.0,48.52820512820512,1.2564102564102562,10.0,False,False,False,False,False,False,False,True,False,False
16,2022_20,2022,93.181583,32.976923,37.898222,24.987176,58.8937248128958,346.0,66.10662061024755,104.0,3852.3603914795626,141544,9,7.0,25.62948717948718,36.26923076923077,782.580769230769,0.0,48.52820512820512,1.2564102564102562,6.0,True,False,False,False,False,False,False,False,False,False
4,2022_20,2022,90.305583,32.126384,35.825789,25.105333,62.27576280944157,347.0,43.36954519286125,104.0,4071.332412204951,109276,9,8.0,25.62948717948718,36.26923076923077,782.580769230769,0.0,48.52820512820512,1.2564102564102562,9.0,False,False,True,False,False,False,False,False,False,False
14,2022_20,2022,90.469,31.2966,35.494133,26.358666,49.10374208405297,347.0,77.22366148531951,104.0,3245.7233736327003,141772,9,9.0,25.62948717948718,36.26923076923077,782.580769230769,0.0,48.52820512820512,1.2564102564102562,19.0,False,False,False,False,False,False,False,False,True,False
31,2022_20,2022,88.002454,30.724083,35.516888,25.880941,58.77466896948762,346.0,45.021013241220494,104.0,3606.0896948762233,103198,9,10.0,25.62948717948718,36.26923076923077,782.580769230769,0.0,48.52820512820512,1.2564102564102562,8.0,False,False,False,False,False,False,False,False,True,False
3,2022_20,2022,94.654,32.1355,35.607857,28.141857,45.62061024755325,347.0,53.06649395509499,104.0,3269.396833621186,109900,9,11.0,25.62948717948718,36.26923076923077,782.580769230769,0.0,48.52820512820512,1.2564102564102562,7.0,False,False,True,False,False,False,False,False,False,False
24,2022_20,2022,89.41675,30.53025,36.423083,26.870583,39.464075993091534,350.0,47.522682786413355,104.0,2342.14807138745,102072,9,12.0,25.62948717948718,36.26923076923077,782.580769230769,0.0,48.52820512820512,1.2564102564102562,13.0,False,False,False,False,False,False,False,True,False,False
22,2022_20,2022,93.662333,32.320444,35.619923,26.413461,42.742890040299365,348.0,44.999769717904435,104.0,2735.1092688543467,115504,9,13.0,25.62948717948718,36.26923076923077,782.580769230769,0.0,48.52820512820512,1.2564102564102562,20.0,False,False,False,False,False,False,True,False,False,False
10,2022_20,2022,89.947454,30.501909,35.507,24.989533,48.88434081750144,349.0,50.81214738054116,104.0,3025.2472078295914,111822,9,14.0,25.62948717948718,36.26923076923077,782.580769230769,0.0,48.52820512820512,1.2564102564102562,11.0,False,False,False,False,False,False,True,False,False,False
20,2022_20,2022,92.966153,30.418615,36.084294,26.765764,56.78618307426598,352.0,76.81496833621186,104.0,3389.278295912493,141016,9,15.0,25.62948717948718,36.26923076923077,782.580769230769,0.0,48.52820512820512,1.2564102564102562,17.0,False,True,False,False,False,False,False,False,False,False
47,2022_20,2022,95.19,31.686777,36.981636,25.871,36.17691421991941,352.0,68.12216465169833,104.0,2773.7806563039726,117852,9,16.0,25.62948717948718,36.26923076923077,782.580769230769,0.0,48.52820512820512,1.2564102564102562,16.0,False,True,False,False,False,False,False,False,False,False
5,2022_20,2022,94.146,31.314125,35.1656,27.3784,32.75797351755901,345.0,61.886701208981,104.0,2123.9776050662063,110622,9,17.0,25.62948717948718,36.26923076923077,782.580769230769,0.0,48.52820512820512,1.2564102564102562,14.0,False,False,False,False,False,False,False,False,False,True
18,2022_20,2022,97.735125,32.012375,36.6774,27.832,33.67864133563616,344.0,60.14559585492228,104.0,2463.8720207253887,111600,9,18.0,25.62948717948718,36.26923076923077,782.580769230769,0.0,48.52820512820512,1.2564102564102562,15.0,False,False,False,False,False,False,False,False,False,True
23,2022_20,2022,93.164125,31.87625,36.231,24.7121,32.70621761658031,351.0,81.22343120322395,104.0,2455.7529073114565,121159,9,19.0,25.62948717948718,36.26923076923077,782.580769230769,0.0,48.52820512820512,1.2564102564102562,12.0,False,False,False,False,False,True,False,False,False,False
6,2022_20,2022,98.595,33.869125,37.6439,26.3795,32.710592976396086,349.0,82.99326424870466,104.0,2512.2178468624065,132797,9,20.0,25.62948717948718,36.26923076923077,782.580769230769,0.0,48.52820512820512,1.2564102564102562,18.0,False,False,False,False,False,True,False,False,False,False
20,2022_21,2022,84.2063,21.501476,43.146807,19.51032,81.65578993627774,334.0,53.06157987255549,104.0,4805.979070533948,134843,9,1.0,19.164197530864197,93.58024691358024,924.4481481481482,0.3333333333333333,26.713580246913576,1.1358024691358024,19.0,False,True,False,False,False,False,False,False,False,False
1,2022_21,2022,89.881277,24.438736,45.126772,19.657818,72.15491100856954,332.0,59.00269171610635,104.0,4292.69045264777,156426,9,2.0,19.164197530864197,93.58024691358024,924.4481481481482,0.3333333333333333,26.713580246913576,1.1358024691358024,6.0,False,False,False,False,True,False,False,False,False,False
63,2022_21,2022,86.3275,23.969095,42.310958,19.518086,72.8661283234454,324.0,55.805537244561634,104.0,4090.490936058009,128176,9,3.0,19.164197530864197,93.58024691358024,924.4481481481482,0.3333333333333333,26.713580246913576,1.1358024691358024,1.0,False,False,False,True,False,False,False,False,False,False
4,2022_21,2022,87.25275,22.754095,44.445375,19.661458,77.94204570424083,328.0,51.42369808833224,104.0,4551.45918479455,130974,9,4.0,19.164197530864197,93.58024691358024,924.4481481481482,0.3333333333333333,26.713580246913576,1.1358024691358024,18.0,False,False,True,False,False,False,False,False,False,False
55,2022_21,2022,84.741833,21.427421,43.271916,19.850608,75.47418149857174,324.0,53.09739617666447,104.0,4343.685948143265,132668,9,5.0,19.164197530864197,93.58024691358024,924.4481481481482,0.3333333333333333,26.713580246913576,1.1358024691358024,3.0,True,False,False,False,False,False,False,False,False,False
31,2022_21,2022,83.413937,20.950529,43.729428,19.864809,68.51598549769281,328.0,51.16567787299495,104.0,3939.6445836079984,124481,9,6.0,19.164197530864197,93.58024691358024,924.4481481481482,0.3333333333333333,26.713580246913576,1.1358024691358024,8.0,False,False,False,False,False,False,False,False,True,False
14,2022_21,2022,84.249733,20.761562,43.2639,20.661,65.49527576356844,331.0,52.89793451988574,104.0,3837.1303559657217,123483,9,7.0,19.164197530864197,93.58024691358024,924.4481481481482,0.3333333333333333,26.713580246913576,1.1358024691358024,5.0,False,False,False,False,False,False,False,False,True,False
44,2022_21,2022,86.700894,24.0612,43.722375,20.009541,78.0123599208965,328.0,49.43375082399473,104.0,4360.564985717425,128459,9,8.0,19.164197530864197,93.58024691358024,924.4481481481482,0.3333333333333333,26.713580246913576,1.1358024691358024,2.0,False,False,False,True,False,False,False,False,False,False
11,2022_21,2022,88.7121,23.181714,45.85344,19.8824,81.46368929905515,335.0,39.128213579433094,104.0,4833.619808833223,137824,9,9.0,19.164197530864197,93.58024691358024,924.4481481481482,0.3333333333333333,26.713580246913576,1.1358024691358024,7.0,False,False,False,False,True,False,False,False,False,False
16,2022_21,2022,85.896631,21.58695,45.658791,20.209,78.52944407822457,327.0,50.39238628872775,104.0,4801.499121072292,138328,9,10.0,19.164197530864197,93.58024691358024,924.4481481481482,0.3333333333333333,26.713580246913576,1.1358024691358024,4.0,True,False,False,False,False,False,False,False,False,False
23,2022_21,2022,86.644388,22.343722,44.737666,19.918571,65.73461876510657,332.0,74.18397055592177,104.0,4083.149362777411,152237,9,11.0,19.164197530864197,93.58024691358024,924.4481481481482,0.3333333333333333,26.713580246913576,1.1358024691358024,15.0,False,False,False,False,False,True,False,False,False,False
10,2022_21,2022,82.4996,20.7431,43.359791,19.152375,75.05355965721819,330.0,57.23994726433751,104.0,4334.643649747309,130143,9,12.0,19.164197530864197,93.58024691358024,924.4481481481482,0.3333333333333333,26.713580246913576,1.1358024691358024,14.0,False,False,False,False,False,False,True,False,False,False
5,2022_21,2022,86.51038,22.887857,43.606826,19.926826,72.31537024829707,324.0,57.47994946165678,104.0,4019.800373544276,124398,9,13.0,19.164197530864197,93.58024691358024,924.4481481481482,0.3333333333333333,26.713580246913576,1.1358024691358024,11.0,False,False,False,False,False,False,False,False,False,True
3,2022_21,2022,85.76535200000001,25.182111,44.384761,20.466142,66.24181498571743,326.0,58.190013183915624,104.0,3862.7970775653703,127080,9,14.0,19.164197530864197,93.58024691358024,924.4481481481482,0.3333333333333333,26.713580246913576,1.1358024691358024,20.0,False,False,True,False,False,False,False,False,False,False
18,2022_21,2022,88.229714,25.552863,45.473041,20.065375,75.44358382773017,326.0,58.15622940013184,104.0,4268.948308064162,130029,9,15.0,19.164197530864197,93.58024691358024,924.4481481481482,0.3333333333333333,26.713580246913576,1.1358024691358024,10.0,False,False,False,False,False,False,False,False,False,True
6,2022_21,2022,91.36575,23.492583,47.061153,21.097538,41.21544715447155,311.0,73.20418589321028,104.0,2521.0791584267195,137182,9,16.0,19.164197530864197,93.58024691358024,924.4481481481482,0.3333333333333333,26.713580246913576,1.1358024691358024,16.0,False,False,False,False,False,True,False,False,False,False
24,2022_21,2022,88.2569,21.9185,46.698083,20.336666,37.90254889035377,305.0,70.3264117776313,104.0,2137.7953197099537,137646,9,17.0,19.164197530864197,93.58024691358024,924.4481481481482,0.3333333333333333,26.713580246913576,1.1358024691358024,12.0,False,False,False,False,False,False,False,True,False,False
77,2022_21,2022,93.431916,26.854166,46.782923,20.529615,40.923533289386945,307.0,71.05339485827291,104.0,2366.997912546693,137431,9,18.0,19.164197530864197,93.58024691358024,924.4481481481482,0.3333333333333333,26.713580246913576,1.1358024691358024,9.0,False,False,False,False,False,False,False,True,False,False
22,2022_21,2022,99.586454,30.453272,48.045333,20.777416,37.93973851900681,305.0,70.17787299494617,104.0,2339.033728850802,140822,9,19.0,19.164197530864197,93.58024691358024,924.4481481481482,0.3333333333333333,26.713580246913576,1.1358024691358024,17.0,False,False,False,False,False,False,True,False,False,False
47,2022_21,2022,85.074111,20.972222,44.725916,20.81625,37.59843990331795,306.0,69.99835201054714,104.0,2250.1659525379036,139581,9,20.0,19.164197530864197,93.58024691358024,924.4481481481482,0.3333333333333333,26.713580246913576,1.1358024691358024,13.0,False,True,False,False,False,False,False,False,False,False
1,2022_22,2022,98.057,20.309727,46.067176,42.721117,71.83188090050835,330.0,45.4422052771726,104.0,4267.445049624788,136174,9,1.0,28.763013698630136,69.71232876712328,1014.7136986301372,0.0,33.94246575342466,1.6356164383561642,1.0,False,False,False,False,True,False,False,False,False,False
11,2022_22,2022,98.7395,20.284333,45.259444,42.784777,76.5141007020092,331.0,41.895545872670056,104.0,4501.535584604212,133850,9,2.0,28.763013698630136,69.71232876712328,1014.7136986301372,0.0,33.94246575342466,1.6356164383561642,3.0,False,False,False,False,True,False,False,False,False,False
16,2022_22,2022,95.496909,19.740083,46.825764,40.035823,72.31644880174292,328.0,68.030077463084,104.0,4526.200314693779,134594,9,3.0,28.763013698630136,69.71232876712328,1014.7136986301372,0.0,33.94246575342466,1.6356164383561642,2.0,True,False,False,False,False,False,False,False,False,False
55,2022_22,2022,101.506727,19.486818,46.303687,42.288562,68.21623093681917,328.0,54.32764463810216,104.0,4167.688211086904,119720,9,4.0,28.763013698630136,69.71232876712328,1014.7136986301372,0.0,33.94246575342466,1.6356164383561642,4.0,True,False,False,False,False,False,False,False,False,False
44,2022_22,2022,100.359,20.095933,42.712285,39.377095,89.29587267005567,323.0,67.68312757201646,104.0,4852.400750423626,137540,9,5.0,28.763013698630136,69.71232876712328,1014.7136986301372,0.0,33.94246575342466,1.6356164383561642,18.0,False,False,False,True,False,False,False,False,False,False
63,2022_22,2022,100.783357,20.482214,43.1214,40.8304,85.04756717501816,324.0,68.9988501573469,104.0,4651.6707818930045,137104,9,6.0,28.763013698630136,69.71232876712328,1014.7136986301372,0.0,33.94246575342466,1.6356164383561642,5.0,False,False,False,True,False,False,False,False,False,False
4,2022_22,2022,98.631272,19.055727,44.573,43.043588,72.23922778988138,324.0,47.32183490680223,104.0,4280.840656015493,108514,9,7.0,28.763013698630136,69.71232876712328,1014.7136986301372,0.0,33.94246575342466,1.6356164383561642,6.0,False,False,True,False,False,False,False,False,False,False
31,2022_22,2022,99.713545,19.409454,42.536058,44.857411,72.68070685064149,326.0,45.678588719438395,104.0,4166.610869038974,106768,9,8.0,28.763013698630136,69.71232876712328,1014.7136986301372,0.0,33.94246575342466,1.6356164383561642,7.0,False,False,False,False,False,False,False,False,True,False
5,2022_22,2022,103.442461,20.820384,42.673777,41.5075,76.85445412732994,320.0,58.79466230936819,104.0,4226.836782861293,117536,9,9.0,28.763013698630136,69.71232876712328,1014.7136986301372,0.0,33.94246575342466,1.6356164383561642,10.0,False,False,False,False,False,False,False,False,False,True
3,2022_22,2022,97.8959,19.824,42.746066,41.822533,63.85154926167998,322.0,52.158496732026144,104.0,3723.55077463084,108372,9,10.0,28.763013698630136,69.71232876712328,1014.7136986301372,0.0,33.94246575342466,1.6356164383561642,9.0,False,False,True,False,False,False,False,False,False,False
14,2022_22,2022,99.997,20.10425,43.907833,43.84225,51.395243282498186,328.0,50.96453643185669,104.0,2954.568445896877,103158,9,11.0,28.763013698630136,69.71232876712328,1014.7136986301372,0.0,33.94246575342466,1.6356164383561642,20.0,False,False,False,False,False,False,False,False,True,False
22,2022_22,2022,95.9249,18.8196,42.094866,42.842066,64.28364802711208,330.0,51.01204308884047,104.0,3787.021120793997,121608,9,12.0,28.763013698630136,69.71232876712328,1014.7136986301372,0.0,33.94246575342466,1.6356164383561642,11.0,False,False,False,False,False,False,True,False,False,False
47,2022_22,2022,102.371,20.598363,43.5204,43.1544,64.25248123940935,327.0,70.98462841926894,104.0,3966.954127329944,135370,9,13.0,28.763013698630136,69.71232876712328,1014.7136986301372,0.0,33.94246575342466,1.6356164383561642,16.0,False,True,False,False,False,False,False,False,False,False
18,2022_22,2022,103.202909,20.964,43.2604,41.343,64.02644638102154,318.0,62.07068506414912,104.0,3633.1954127329946,118018,9,14.0,28.763013698630136,69.71232876712328,1014.7136986301372,0.0,33.94246575342466,1.6356164383561642,8.0,False,False,False,False,False,False,False,False,False,True
24,2022_22,2022,101.331875,20.60725,44.67175,43.289916,51.41503267973856,324.0,56.563846526264825,104.0,2912.805071411281,107354,9,15.0,28.763013698630136,69.71232876712328,1014.7136986301372,0.0,33.94246575342466,1.6356164383561642,12.0,False,False,False,False,False,False,False,True,False,False
20,2022_22,2022,100.398833,21.799285,45.779444,47.877666,38.67556281771968,327.0,82.36135318324861,104.0,2596.932885499879,87943,9,16.0,28.763013698630136,69.71232876712328,1014.7136986301372,0.0,33.94246575342466,1.6356164383561642,17.0,False,True,False,False,False,False,False,False,False,False
10,2022_22,2022,95.6965,19.172,42.315,39.671888,38.84404502541757,327.0,71.79284676833696,104.0,2234.0495642701526,117334,9,17.0,28.763013698630136,69.71232876712328,1014.7136986301372,0.0,33.94246575342466,1.6356164383561642,14.0,False,False,False,False,False,False,True,False,False,False
77,2022_22,2022,103.12875,20.9475,45.894166,47.579166,25.900084725248124,324.0,66.6419147906076,104.0,1493.9606027596224,105638,9,18.0,28.763013698630136,69.71232876712328,1014.7136986301372,0.0,33.94246575342466,1.6356164383561642,15.0,False,False,False,False,False,False,False,True,False,False
23,2022_22,2022,104.960428,20.642857,43.614222,43.536,38.5117404986686,333.0,84.21816751391914,104.0,2419.7251876059067,109806,9,19.0,28.763013698630136,69.71232876712328,1014.7136986301372,0.0,33.94246575342466,1.6356164383561642,13.0,False,False,False,False,False,True,False,False,False,False
6,2022_22,2022,99.930166,20.709333,41.775111,41.986555,38.55047204066812,331.0,85.49195110142823,104.0,2279.716836117163,122759,9,20.0,28.763013698630136,69.71232876712328,1014.7136986301372,0.0,33.94246575342466,1.6356164383561642,19.0,False,False,False,False,False,True,False,False,False,False
1,2023_1,2023,107.982444,35.146333,48.145428,30.077857,55.699574511194406,324.0,32.15636713605511,104.0,3402.0597203930706,138506,9,1.0,23.879999999999995,21.652631578947368,1017.6410526315788,0.0,28.08526315789472,0.6073684210526317,1.0,False,False,False,False,True,False,False,False,False,False
11,2023_1,2023,108.785444,32.840333,49.170357,31.321071,55.79191571269375,327.0,33.267500759801436,104.0,3419.264157633472,133462,9,2.0,23.879999999999995,21.652631578947368,1017.6410526315788,0.0,28.08526315789472,0.6073684210526317,2.0,False,False,False,False,True,False,False,False,False,False
16,2023_1,2023,109.3064,34.3715,50.523062,28.796062,63.39686961807315,327.0,68.77737817850269,104.0,4070.260713200283,160049,9,3.0,23.879999999999995,21.652631578947368,1017.6410526315788,0.0,28.08526315789472,0.6073684210526317,19.0,True,False,False,False,False,False,False,False,False,False
55,2023_1,2023,101.4991,32.309181,47.302529,27.702187,66.92280417384256,330.0,62.35847431871138,104.0,3980.932833552832,147765,9,4.0,23.879999999999995,21.652631578947368,1017.6410526315788,0.0,28.08526315789472,0.6073684210526317,4.0,True,False,False,False,False,False,False,False,False,False
14,2023_1,2023,106.9578,33.0855,47.909333,30.080066,55.94959983790903,322.0,44.99088238273731,104.0,3248.2190760814506,114664,9,5.0,23.879999999999995,21.652631578947368,1017.6410526315788,0.0,28.08526315789472,0.6073684210526317,3.0,False,False,False,False,False,False,False,False,False,True
63,2023_1,2023,106.5589,33.9568,48.739666,29.935466,55.97578766082464,322.0,74.99746732853814,104.0,3250.4358221051566,160948,9,6.0,23.879999999999995,21.652631578947368,1017.6410526315788,0.0,28.08526315789472,0.6073684210526317,7.0,False,False,False,True,False,False,False,False,False,False
44,2023_1,2023,102.7708,32.1284,47.887933,29.213933,55.912166953702766,325.0,77.10692938911964,104.0,3256.2757066153376,160754,9,7.0,23.879999999999995,21.652631578947368,1017.6410526315788,0.0,28.08526315789472,0.6073684210526317,5.0,False,False,False,True,False,False,False,False,False,False
18,2023_1,2023,102.791272,32.593333,46.1655,29.050352,67.36845304427109,322.0,62.186657886738935,104.0,4372.966720696992,162229,9,8.0,23.879999999999995,21.652631578947368,1017.6410526315788,0.0,28.08526315789472,0.6073684210526317,6.0,False,False,False,False,False,False,False,False,False,True
31,2023_1,2023,104.808555,33.4462,48.955333,28.6005,55.65808935264918,322.0,43.21735386485665,104.0,3318.6338263600446,117102,9,9.0,23.879999999999995,21.652631578947368,1017.6410526315788,0.0,28.08526315789472,0.6073684210526317,18.0,False,False,False,False,False,False,False,False,True,False
27,2023_1,2023,103.1039,31.758636,48.116823,29.863562,63.58423665282139,322.0,66.40537939418499,104.0,4232.79551210617,161985,9,10.0,23.879999999999995,21.652631578947368,1017.6410526315788,0.0,28.08526315789472,0.6073684210526317,15.0,False,True,False,False,False,False,False,False,False,False
4,2023_1,2023,104.41425,32.4145,47.018916,30.196166,48.67566609259447,321.0,54.37665889980752,104.0,3262.3416067267754,128936,9,11.0,23.879999999999995,21.652631578947368,1017.6410526315788,0.0,28.08526315789472,0.6073684210526317,17.0,False,False,True,False,False,False,False,False,False,False
77,2023_1,2023,107.541625,33.94625,47.255333,32.299083,44.69992908519907,320.0,59.552831526694355,104.0,2644.171715125114,126110,9,12.0,23.879999999999995,21.652631578947368,1017.6410526315788,0.0,28.08526315789472,0.6073684210526317,8.0,False,False,False,False,False,False,False,True,False,False
24,2023_1,2023,107.1355,33.827625,46.905666,31.152416,45.01352446560632,321.0,55.99620099280721,104.0,2602.883041231891,126564,9,13.0,23.879999999999995,21.652631578947368,1017.6410526315788,0.0,28.08526315789472,0.6073684210526317,16.0,False,False,False,False,False,False,False,True,False,False
22,2023_1,2023,104.692555,33.488,47.402857,28.086214,55.97745922398946,322.0,53.020109411407155,104.0,3501.4730523756457,137634,9,14.0,23.879999999999995,21.652631578947368,1017.6410526315788,0.0,28.08526315789472,0.6073684210526317,11.0,False,False,False,False,False,False,True,False,False,False
23,2023_1,2023,109.1628,33.8444,48.237625,27.967625,29.637878634383547,324.0,86.53495086617365,104.0,1844.7462263195216,159510,9,15.0,23.879999999999995,21.652631578947368,1017.6410526315788,0.0,28.08526315789472,0.6073684210526317,10.0,False,False,False,False,False,True,False,False,False,False
2,2023_1,2023,104.16775,32.318,47.360166,32.4735,22.681795157532164,324.0,88.67865464491946,104.0,1479.499392158849,150016,9,16.0,23.879999999999995,21.652631578947368,1017.6410526315788,0.0,28.08526315789472,0.6073684210526317,12.0,False,False,False,False,False,True,False,False,False,False
20,2023_1,2023,102.9635,34.05425,45.516,29.028833,22.52223685543511,322.0,90.38380103332996,104.0,1835.4563873974269,160100,9,17.0,23.879999999999995,21.652631578947368,1017.6410526315788,0.0,28.08526315789472,0.6073684210526317,13.0,False,True,False,False,False,False,False,False,False,False
81,2023_1,2023,105.21625,33.27225,46.283,32.934333,26.185746125012663,319.0,64.7983993516361,104.0,1676.7461756660923,126653,9,18.0,23.879999999999995,21.652631578947368,1017.6410526315788,0.0,28.08526315789472,0.6073684210526317,20.0,False,False,True,False,False,False,False,False,False,False
21,2023_1,2023,101.3246,32.397333,47.40825,27.448625,33.62632965251748,319.0,67.27322459730524,104.0,2087.118579677844,138750,9,19.0,23.879999999999995,21.652631578947368,1017.6410526315788,0.0,28.08526315789472,0.6073684210526317,14.0,False,False,False,False,False,False,True,False,False,False
10,2023_1,2023,102.76775,32.2465,46.502666,31.649166,22.457704386586972,325.0,57.85685340897579,104.0,1432.3400871238982,113108,9,20.0,23.879999999999995,21.652631578947368,1017.6410526315788,0.0,28.08526315789472,0.6073684210526317,9.0,False,False,False,False,False,False,False,False,True,False
11,2023_2,2023,106.564363,40.207166,34.157944,37.387611,82.06792724853055,338.0,40.7404347343906,104.0,4361.689419984474,125714,9,1.0,27.02375,44.7375,1010.48,0.0,31.66625,1.5475,1.0,False,False,False,False,True,False,False,False,False,False
16,2023_2,2023,103.976333,40.0214,37.726052,37.309684,86.85810136409005,333.0,69.75274481534879,104.0,4896.505267827437,140724,9,2.0,27.02375,44.7375,1010.48,0.0,31.66625,1.5475,7.0,True,False,False,False,False,False,False,False,False,False
14,2023_2,2023,105.193769,38.071923,31.846611,34.493555,82.22324498170123,327.0,51.67888432959965,104.0,4076.322446489963,108608,9,3.0,27.02375,44.7375,1010.48,0.0,31.66625,1.5475,3.0,False,False,False,False,False,False,False,False,False,True
63,2023_2,2023,108.400066,39.237666,33.674666,36.143619,96.02362204724407,330.0,70.42430963735167,104.0,5097.464123322613,149370,9,4.0,27.02375,44.7375,1010.48,0.0,31.66625,1.5475,4.0,False,False,False,True,False,False,False,False,False,False
55,2023_2,2023,107.82175,40.238578,39.047125,37.553291,109.79782632804702,333.0,47.848674725518464,104.0,5984.442774758789,127516,9,5.0,27.02375,44.7375,1010.48,0.0,31.66625,1.5475,6.0,True,False,False,False,False,False,False,False,False,False
18,2023_2,2023,107.5742,39.739562,33.74885,35.8553,91.77032272374404,326.0,48.95758012642786,104.0,4687.050238438505,109116,9,6.0,27.02375,44.7375,1010.48,0.0,31.66625,1.5475,20.0,False,False,False,False,False,False,False,False,False,True
31,2023_2,2023,104.821263,37.376421,32.956791,34.271708,109.69302428745702,331.0,57.991460574470445,104.0,5602.2668293223915,128670,9,7.0,27.02375,44.7375,1010.48,0.0,31.66625,1.5475,8.0,False,False,False,False,False,False,False,False,True,False
44,2023_2,2023,105.407333,38.720266,32.405666,35.72,96.13651990684264,330.0,69.79893534434956,104.0,5122.863480093158,146470,9,8.0,27.02375,44.7375,1010.48,0.0,31.66625,1.5475,5.0,False,False,False,True,False,False,False,False,False,False
81,2023_2,2023,104.023941,39.526611,33.079608,35.606217,105.4708328712432,328.0,52.35782411001442,104.0,5432.104691138959,122676,9,9.0,27.02375,44.7375,1010.48,0.0,31.66625,1.5475,15.0,False,False,True,False,False,False,False,False,False,False
10,2023_2,2023,104.284222,37.633833,31.830695,34.531304,104.74647887323944,330.0,58.20117555728069,104.0,5487.08045913275,126314,9,10.0,27.02375,44.7375,1010.48,0.0,31.66625,1.5475,9.0,False,False,False,False,False,False,False,False,True,False
27,2023_2,2023,106.830928,38.5515,33.723388,35.129,82.48558278806698,336.0,67.07901741155595,104.0,4940.785793501164,147976,9,11.0,27.02375,44.7375,1010.48,0.0,31.66625,1.5475,12.0,False,True,False,False,False,False,False,False,False,False
24,2023_2,2023,106.963714,39.039357,32.962722,34.573055,82.46334701120107,337.0,60.96473328157924,104.0,4209.533159587446,121550,9,12.0,27.02375,44.7375,1010.48,0.0,31.66625,1.5475,13.0,False,False,False,False,False,False,False,True,False,False
20,2023_2,2023,104.889818,40.994692,35.192823,37.17247,78.02739270267273,335.0,70.66269269158256,104.0,4541.877841854275,146680,9,13.0,27.02375,44.7375,1010.48,0.0,31.66625,1.5475,10.0,False,True,False,False,False,False,False,False,False,False
77,2023_2,2023,107.466571,38.398071,33.190722,35.381722,82.73422424309638,331.0,59.94382832427637,104.0,4247.53504491516,121438,9,14.0,27.02375,44.7375,1010.48,0.0,31.66625,1.5475,18.0,False,False,False,False,False,False,False,True,False,False
1,2023_2,2023,109.382666,39.2205,40.984,36.248833,27.372407674392814,338.0,64.4290784074526,104.0,1471.27947210824,123060,9,15.0,27.02375,44.7375,1010.48,0.0,31.66625,1.5475,2.0,False,False,False,False,True,False,False,False,False,False
22,2023_2,2023,110.279125,41.31975,33.1996,35.7826,45.611067982699346,327.0,69.13064212043918,104.0,2555.973771764445,122100,9,16.0,27.02375,44.7375,1010.48,0.0,31.66625,1.5475,11.0,False,False,False,False,False,False,True,False,False,False
23,2023_2,2023,109.861857,39.390857,34.446444,34.574555,41.19124986137296,332.0,67.55284462681601,104.0,2359.749695020517,104554,9,17.0,27.02375,44.7375,1010.48,0.0,31.66625,1.5475,19.0,False,False,False,False,False,True,False,False,False,False
21,2023_2,2023,114.46775,44.807875,32.3346,36.4648,0.0,0.0,0.0,0.0,0.0,0,1,18.0,27.02375,44.7375,1010.48,0.0,31.66625,1.5475,14.0,False,False,False,False,False,False,True,False,False,False
4,2023_2,2023,94.2345,42.052333,34.77,39.154,18.26494399467672,322.0,77.66552068315404,104.0,1062.1181656870356,119298,9,19.0,27.02375,44.7375,1010.48,0.0,31.66625,1.5475,17.0,False,False,True,False,False,False,False,False,False,False
2,2023_2,2023,111.78,36.5755,33.069428,39.010285,33.1874237551292,333.0,85.76965731396251,104.0,1914.2254075634912,145536,9,20.0,27.02375,44.7375,1010.48,0.0,31.66625,1.5475,16.0,False,False,False,False,False,True,False,False,False,False
1,2023_3,2023,94.188555,36.075375,20.073375,36.782777,88.53133701076963,329.0,58.252219595482,104.0,4613.698765432099,158359,9,1.0,15.20421052631579,53.4,1018.9305263157892,0.0421052631578947,22.71263157894737,1.3221052631578945,1.0,False,False,False,False,True,False,False,False,False,False
63,2023_3,2023,90.608833,31.981892,20.201392,39.092166,107.24591541896508,325.0,52.89887050170738,104.0,5467.552140793276,130270,9,2.0,15.20421052631579,53.4,1018.9305263157892,0.0421052631578947,22.71263157894737,1.3221052631578945,18.0,False,False,False,True,False,False,False,False,False,False
44,2023_3,2023,91.503652,33.423259,20.623407,37.668173,103.72350932492776,325.0,67.56159705805096,104.0,5604.390911478855,155978,9,3.0,15.20421052631579,53.4,1018.9305263157892,0.0421052631578947,22.71263157894737,1.3221052631578945,2.0,False,False,False,True,False,False,False,False,False,False
14,2023_3,2023,91.6806,35.271307,19.93028,38.71138,96.0140267927502,322.0,54.03593380614657,104.0,4853.18476490675,129404,9,4.0,15.20421052631579,53.4,1018.9305263157892,0.0421052631578947,22.71263157894737,1.3221052631578945,3.0,False,False,False,False,False,False,False,False,False,True
55,2023_3,2023,99.464095,38.626,20.64937,41.787909,103.58050958760178,323.0,61.23094299973732,104.0,5736.467244549514,151682,9,5.0,15.20421052631579,53.4,1018.9305263157892,0.0421052631578947,22.71263157894737,1.3221052631578945,12.0,True,False,False,False,False,False,False,False,False,False
18,2023_3,2023,94.8988,36.39324,20.52668,40.343666,96.3344890990281,322.0,51.54709745206199,104.0,4998.134121355398,128589,9,6.0,15.20421052631579,53.4,1018.9305263157892,0.0421052631578947,22.71263157894737,1.3221052631578945,4.0,False,False,False,False,False,False,False,False,False,True
16,2023_3,2023,100.257777,39.58725,20.651916,41.37025,92.28605200945628,325.0,55.70696086157079,104.0,5138.552140793276,141467,9,7.0,15.20421052631579,53.4,1018.9305263157892,0.0421052631578947,22.71263157894737,1.3221052631578945,20.0,True,False,False,False,False,False,False,False,False,False
23,2023_3,2023,92.144857,35.562,20.075259,39.064956,100.01108484370896,327.0,58.91678486997636,104.0,5373.565537168374,155960,9,8.0,15.20421052631579,53.4,1018.9305263157892,0.0421052631578947,22.71263157894737,1.3221052631578945,19.0,False,False,False,False,False,True,False,False,False,False
10,2023_3,2023,89.843857,32.1456,19.57072,38.91709,95.83666929340689,328.0,76.66430260047281,104.0,5200.904912004203,160905,9,9.0,15.20421052631579,53.4,1018.9305263157892,0.0421052631578947,22.71263157894737,1.3221052631578945,13.0,False,False,False,False,False,False,False,False,True,False
27,2023_3,2023,92.5295,33.332461,20.491653,38.80419,97.1819805621224,328.0,66.66708694510113,104.0,5389.941738902023,162076,9,10.0,15.20421052631579,53.4,1018.9305263157892,0.0421052631578947,22.71263157894737,1.3221052631578945,7.0,False,True,False,False,False,False,False,False,False,False
31,2023_3,2023,93.474533,33.474529,20.385764,40.2444,66.53075912792225,325.0,82.18828473863935,104.0,3733.908379301287,159137,9,11.0,15.20421052631579,53.4,1018.9305263157892,0.0421052631578947,22.71263157894737,1.3221052631578945,14.0,False,False,False,False,False,False,False,False,True,False
22,2023_3,2023,95.752823,35.114047,20.321909,40.809166,81.76874179143682,322.0,58.206304176516944,104.0,4474.304123982138,133500,9,12.0,15.20421052631579,53.4,1018.9305263157892,0.0421052631578947,22.71263157894737,1.3221052631578945,10.0,False,False,False,False,False,False,True,False,False,False
4,2023_3,2023,96.305904,33.675541,20.604826,41.920333,89.00614657210402,324.0,75.676280535855,104.0,4906.160021013921,162322,9,13.0,15.20421052631579,53.4,1018.9305263157892,0.0421052631578947,22.71263157894737,1.3221052631578945,6.0,False,False,True,False,False,False,False,False,False,False
20,2023_3,2023,93.737642,34.389055,20.175411,40.006785,67.08006304176517,326.0,71.16842658261098,104.0,3982.218334646704,158062,9,14.0,15.20421052631579,53.4,1018.9305263157892,0.0421052631578947,22.71263157894737,1.3221052631578945,17.0,False,True,False,False,False,False,False,False,False,False
21,2023_3,2023,94.277947,33.479909,19.843739,41.61715,85.44449697924875,322.0,60.50186498555293,104.0,4528.5922773837665,134919,9,15.0,15.20421052631579,53.4,1018.9305263157892,0.0421052631578947,22.71263157894737,1.3221052631578945,15.0,False,False,False,False,False,False,True,False,False,False
81,2023_3,2023,97.358,34.054916,19.925909,44.1105,44.39374835828737,321.0,68.60367743630155,104.0,2980.770475439979,131539,9,16.0,15.20421052631579,53.4,1018.9305263157892,0.0421052631578947,22.71263157894737,1.3221052631578945,8.0,False,False,True,False,False,False,False,False,False,False
24,2023_3,2023,95.4316,33.637,20.0735,41.3261,44.51000788022065,321.0,73.23572366692935,104.0,2301.014552140793,133372,9,17.0,15.20421052631579,53.4,1018.9305263157892,0.0421052631578947,22.71263157894737,1.3221052631578945,9.0,False,False,False,False,False,False,False,True,False,False
2,2023_3,2023,95.803,32.537818,20.224083,43.992,44.732755450485946,327.0,81.6903073286052,104.0,2541.9206199106907,154471,9,18.0,15.20421052631579,53.4,1018.9305263157892,0.0421052631578947,22.71263157894737,1.3221052631578945,16.0,False,False,False,False,False,True,False,False,False,False
77,2023_3,2023,90.4752,33.148833,20.158833,37.525,48.28936170212766,322.0,74.28247964276333,104.0,2469.555397951143,133191,9,19.0,15.20421052631579,53.4,1018.9305263157892,0.0421052631578947,22.71263157894737,1.3221052631578945,11.0,False,False,False,False,False,False,False,True,False,False
11,2023_3,2023,100.187,35.024,19.208,45.955,4.665195692146047,327.0,78.3939584975046,104.0,397.8164959285527,151732,89,20.0,15.20421052631579,53.4,1018.9305263157892,0.0421052631578947,22.71263157894737,1.3221052631578945,5.0,False,False,False,False,True,False,False,False,False,False
16,2023_4,2023,117.77223,42.355142,49.7958,27.296388,70.63310729292341,337.0,66.03070266672214,104.0,4396.620085701211,196902,9,1.0,19.461320754716983,80.62264150943396,1011.6528301886792,0.0,33.08584905660377,0.7952830188679244,3.0,True,False,False,False,False,False,False,False,False,False
1,2023_4,2023,115.387454,40.619166,47.859,27.846764,67.48595914631609,342.0,37.45717019594792,104.0,4003.428422848109,199322,9,2.0,19.461320754716983,80.62264150943396,1011.6528301886792,0.0,33.08584905660377,0.7952830188679244,2.0,False,False,False,False,True,False,False,False,False,False
11,2023_4,2023,114.840818,40.76023,48.591736,30.004842,70.75774847110705,341.0,34.45059699629738,104.0,4086.2050588675793,182204,9,3.0,19.461320754716983,80.62264150943396,1011.6528301886792,0.0,33.08584905660377,0.7952830188679244,1.0,False,False,False,False,True,False,False,False,False,False
55,2023_4,2023,116.325615,43.198375,51.072727,27.986761,80.95852227815452,335.0,50.71523068602571,104.0,5071.839331031327,182388,88,4.0,19.461320754716983,80.62264150943396,1011.6528301886792,0.0,33.08584905660377,0.7952830188679244,5.0,True,False,False,False,False,False,False,False,False,False
44,2023_4,2023,112.469285,39.409187,47.143772,27.074545,81.12347630735948,336.0,62.5411241003453,104.0,4695.917918209427,201361,9,5.0,19.461320754716983,80.62264150943396,1011.6528301886792,0.0,33.08584905660377,0.7952830188679244,6.0,False,False,False,True,False,False,False,False,False,False
14,2023_4,2023,113.305214,40.284,47.766714,28.32295,77.21537629487872,336.0,71.35149977118608,104.0,4530.1951158630445,201853,9,6.0,19.461320754716983,80.62264150943396,1011.6528301886792,0.0,33.08584905660377,0.7952830188679244,4.0,False,False,False,False,False,False,False,False,False,True
4,2023_4,2023,116.429,41.424692,49.021526,27.609882,70.61555102550236,331.0,57.48795606772891,104.0,4207.853725506511,175868,9,7.0,19.461320754716983,80.62264150943396,1011.6528301886792,0.0,33.08584905660377,0.7952830188679244,9.0,False,False,True,False,False,False,False,False,False,False
22,2023_4,2023,115.738933,40.950764,47.576086,28.056095,77.38295128343803,338.0,56.51483130174314,104.0,4707.313225444107,179519,9,8.0,19.461320754716983,80.62264150943396,1011.6528301886792,0.0,33.08584905660377,0.7952830188679244,10.0,False,False,False,False,False,False,True,False,False,False
18,2023_4,2023,116.038357,40.270625,49.314047,27.98895,77.6747098223572,335.0,61.42929650122728,104.0,4860.679868536007,201515,9,9.0,19.461320754716983,80.62264150943396,1011.6528301886792,0.0,33.08584905660377,0.7952830188679244,7.0,False,False,False,False,False,False,False,False,False,True
81,2023_4,2023,114.3972,40.386647,48.858227,27.320047,80.8516453800391,333.0,56.45796064400716,104.0,4687.234222240712,177189,9,10.0,19.461320754716983,80.62264150943396,1011.6528301886792,0.0,33.08584905660377,0.7952830188679244,11.0,False,False,True,False,False,False,False,False,False,False
63,2023_4,2023,114.555545,39.381166,47.653588,27.581812,63.915754877896575,335.0,68.80908599242834,104.0,3714.9751216873983,200623,9,11.0,19.461320754716983,80.62264150943396,1011.6528301886792,0.0,33.08584905660377,0.7952830188679244,8.0,False,False,False,True,False,False,False,False,False,False
31,2023_4,2023,118.424,40.435692,48.558277,28.54547,67.23834089112619,338.0,55.45629654282981,104.0,4088.825727004202,179036,9,12.0,19.461320754716983,80.62264150943396,1011.6528301886792,0.0,33.08584905660377,0.7952830188679244,15.0,False,False,False,False,False,False,False,False,True,False
23,2023_4,2023,116.630416,40.229642,47.0445,28.059941,64.11145317635312,340.0,64.0118151183592,104.0,3796.610808337147,193749,9,13.0,19.461320754716983,80.62264150943396,1011.6528301886792,0.0,33.08584905660377,0.7952830188679244,12.0,False,False,False,False,False,True,False,False,False,False
77,2023_4,2023,119.02825,40.159538,50.736,28.360647,63.90015392935891,333.0,59.590256687606605,104.0,3891.3698464866666,177789,9,14.0,19.461320754716983,80.62264150943396,1011.6528301886792,0.0,33.08584905660377,0.7952830188679244,18.0,False,False,False,False,False,False,False,True,False,False
2,2023_4,2023,116.683,39.51,48.928764,28.169647,63.892374256354785,342.0,65.64899945916711,104.0,3732.107958563881,189113,9,15.0,19.461320754716983,80.62264150943396,1011.6528301886792,0.0,33.08584905660377,0.7952830188679244,16.0,False,False,False,False,False,True,False,False,False,False
24,2023_4,2023,121.476,43.038714,51.293111,28.213888,37.08474435245663,338.0,67.78807671506428,104.0,2402.9439613928525,177124,9,16.0,19.461320754716983,80.62264150943396,1011.6528301886792,0.0,33.08584905660377,0.7952830188679244,19.0,False,False,False,False,False,False,False,True,False,False
27,2023_4,2023,116.183571,40.972285,48.404222,27.120222,33.81561758954945,338.0,82.3869867287931,104.0,2316.297957315805,196770,9,17.0,19.461320754716983,80.62264150943396,1011.6528301886792,0.0,33.08584905660377,0.7952830188679244,17.0,False,True,False,False,False,False,False,False,False,False
20,2023_4,2023,121.11175,40.25,51.843,28.357285,30.343012855181595,335.0,80.18434080792112,104.0,1990.7063277447269,190508,9,18.0,19.461320754716983,80.62264150943396,1011.6528301886792,0.0,33.08584905660377,0.7952830188679244,13.0,False,True,False,False,False,False,False,False,False,False
10,2023_4,2023,115.3475,39.633666,50.38575,27.527,17.912426675541873,336.0,86.52439988351291,104.0,1405.059450014561,209309,53,19.0,19.461320754716983,80.62264150943396,1011.6528301886792,0.0,33.08584905660377,0.7952830188679244,14.0,False,False,False,False,False,False,False,False,True,False
21,2023_4,2023,115.282,41.203,49.4115,27.4905,7.460831218538087,333.0,87.04110329908059,104.0,484.25098806007406,190512,9,20.0,19.461320754716983,80.62264150943396,1011.6528301886792,0.0,33.08584905660377,0.7952830188679244,20.0,False,False,False,False,False,False,True,False,False,False
11,2023_5,2023,107.213083,36.418214,43.38235,35.612789,82.81764202112475,343.0,28.152954610334,104.0,4842.153753925207,123596,9,1.0,28.64482758620689,59.206896551724135,1017.3977011494252,0.0,43.26666666666666,3.4379310344827574,2.0,False,False,False,False,True,False,False,False,False,False
14,2023_5,2023,107.350083,37.972153,41.3615,31.508222,78.57390807878961,338.0,44.386582928918074,104.0,4252.591892663431,110217,9,2.0,28.64482758620689,59.206896551724135,1017.3977011494252,0.0,43.26666666666666,3.4379310344827574,3.0,False,False,False,False,False,False,False,False,False,True
55,2023_5,2023,113.278083,37.826285,43.517647,34.949058,74.57230944904367,336.0,51.682443619754494,104.0,4418.640365401085,124011,9,3.0,28.64482758620689,59.206896551724135,1017.3977011494252,0.0,43.26666666666666,3.4379310344827574,5.0,True,False,False,False,False,False,False,False,False,False
20,2023_5,2023,103.100166,35.284,42.002789,32.9685,78.99115044247787,342.0,65.62843277190979,104.0,4608.473023123038,143187,9,4.0,28.64482758620689,59.206896551724135,1017.3977011494252,0.0,43.26666666666666,3.4379310344827574,10.0,False,True,False,False,False,False,False,False,False,False
10,2023_5,2023,106.649692,35.954076,40.141263,33.03621,82.58252926063375,336.0,67.32412218098773,104.0,5010.576819868684,144039,9,5.0,28.64482758620689,59.206896551724135,1017.3977011494252,0.0,43.26666666666666,3.4379310344827574,8.0,False,False,False,False,False,False,False,False,True,False
63,2023_5,2023,104.81625,36.605928,40.027578,32.279631,82.87816157579218,338.0,64.94844419069369,104.0,4756.688153011704,141769,9,6.0,28.64482758620689,59.206896551724135,1017.3977011494252,0.0,43.26666666666666,3.4379310344827574,4.0,False,False,False,True,False,False,False,False,False,False
16,2023_5,2023,109.159461,36.639571,43.590166,31.105166,75.458978018841,338.0,56.094090779332,104.0,4487.171453040251,123919,9,7.0,28.64482758620689,59.206896551724135,1017.3977011494252,0.0,43.26666666666666,3.4379310344827574,7.0,True,False,False,False,False,False,False,False,False,False
31,2023_5,2023,106.633384,34.720615,40.482842,33.434315,82.98509848701113,340.0,44.73942335141307,104.0,4586.083300028547,114837,9,8.0,28.64482758620689,59.206896551724135,1017.3977011494252,0.0,43.26666666666666,3.4379310344827574,9.0,False,False,False,False,False,False,False,False,True,False
1,2023_5,2023,98.7745,36.5828,41.804666,31.855142,66.26251784184984,342.0,48.4729660291179,104.0,3865.900827861833,143229,9,9.0,28.64482758620689,59.206896551724135,1017.3977011494252,0.0,43.26666666666666,3.4379310344827574,1.0,False,False,False,False,True,False,False,False,False,False
77,2023_5,2023,107.039727,34.982454,39.121533,33.898714,66.36836996859834,340.0,58.692092492149584,104.0,3819.745018555524,122053,9,10.0,28.64482758620689,59.206896551724135,1017.3977011494252,0.0,43.26666666666666,3.4379310344827574,13.0,False,False,False,False,False,False,False,True,False,False
23,2023_5,2023,116.553916,41.947384,42.7766,33.729266,62.5953182986012,339.0,69.86879817299457,104.0,4094.7607193833855,142584,9,11.0,28.64482758620689,59.206896551724135,1017.3977011494252,0.0,43.26666666666666,3.4379310344827574,14.0,False,False,False,False,False,True,False,False,False,False
27,2023_5,2023,104.901454,34.20009,40.563133,31.852466,61.90099914359121,342.0,75.70630887810448,104.0,4175.484898658293,143086,9,12.0,28.64482758620689,59.206896551724135,1017.3977011494252,0.0,43.26666666666666,3.4379310344827574,15.0,False,True,False,False,False,False,False,False,False,False
44,2023_5,2023,100.955888,35.409,38.314466,31.772285,62.29962888952326,339.0,70.11601484441907,104.0,3535.629688838139,139902,9,13.0,28.64482758620689,59.206896551724135,1017.3977011494252,0.0,43.26666666666666,3.4379310344827574,6.0,False,False,False,True,False,False,False,False,False,False
24,2023_5,2023,107.175833,36.03423,39.003529,35.582352,70.3012846131887,340.0,56.13348558378533,104.0,3962.5560376819863,121836,9,14.0,28.64482758620689,59.206896551724135,1017.3977011494252,0.0,43.26666666666666,3.4379310344827574,16.0,False,False,False,False,False,False,False,True,False,False
21,2023_5,2023,103.25309,34.06875,38.965375,34.275062,66.0448187268056,339.0,55.147131030545246,104.0,3759.9132743362834,121034,9,15.0,28.64482758620689,59.206896551724135,1017.3977011494252,0.0,43.26666666666666,3.4379310344827574,18.0,False,False,False,False,False,False,True,False,False,False
4,2023_5,2023,111.989,36.637166,42.810625,36.68775,32.98452754781616,337.0,67.51458749643163,104.0,1979.1920639451896,115170,9,16.0,28.64482758620689,59.206896551724135,1017.3977011494252,0.0,43.26666666666666,3.4379310344827574,17.0,False,False,True,False,False,False,False,False,False,False
22,2023_5,2023,104.253857,35.49225,39.3676,36.3227,41.36517270910648,335.0,67.04881530117042,104.0,2452.7157293748214,119948,9,17.0,28.64482758620689,59.206896551724135,1017.3977011494252,0.0,43.26666666666666,3.4379310344827574,11.0,False,False,False,False,False,False,True,False,False,False
18,2023_5,2023,109.893166,43.145285,42.842375,30.188625,32.923437053953755,336.0,59.0729660291179,104.0,1884.8172423636884,104369,9,18.0,28.64482758620689,59.206896551724135,1017.3977011494252,0.0,43.26666666666666,3.4379310344827574,12.0,False,False,False,False,False,False,False,False,False,True
81,2023_5,2023,113.040714,38.867571,42.350444,34.007666,37.19080787896089,338.0,75.09694547530688,104.0,2726.7779617470737,133899,34,19.0,28.64482758620689,59.206896551724135,1017.3977011494252,0.0,43.26666666666666,3.4379310344827574,19.0,False,False,True,False,False,False,False,False,False,False
2,2023_5,2023,110.988625,43.381111,40.6346,32.3428,40.96688552669141,341.0,66.6679988581216,104.0,3576.769797316586,120406,9,20.0,28.64482758620689,59.206896551724135,1017.3977011494252,0.0,43.26666666666666,3.4379310344827574,20.0,False,False,False,False,False,True,False,False,False,False
1,2023_6,2023,94.170782,24.882214,42.274931,25.41748,68.78105875152998,291.0,25.215218278253776,104.0,4955.10363117095,143628,8,1.0,25.586046511627902,34.66279069767442,1016.2406976744186,0.0,46.495348837209306,0.8081395348837208,1.0,False,False,False,False,True,False,False,False,False,False
14,2023_6,2023,88.188736,23.61388,41.31644,23.764736,57.06227050183598,288.0,47.667635658914726,104.0,3908.297123623011,133801,8,2.0,25.586046511627902,34.66279069767442,1016.2406976744186,0.0,46.495348837209306,0.8081395348837208,2.0,False,False,False,False,False,False,False,False,False,True
16,2023_6,2023,93.4828,24.92673,42.93664,28.017571,59.6265299877601,289.0,39.600214198286416,104.0,4645.623419012648,160135,8,3.0,25.586046511627902,34.66279069767442,1016.2406976744186,0.0,46.495348837209306,0.8081395348837208,6.0,True,False,False,False,False,False,False,False,False,False
31,2023_6,2023,90.5201,24.81328,40.80444,24.45405,59.37331701346389,288.0,40.47261321909425,104.0,4274.792635658915,138571,8,4.0,25.586046511627902,34.66279069767442,1016.2406976744186,0.0,46.495348837209306,0.8081395348837208,3.0,False,False,False,False,False,False,False,False,True,False
55,2023_6,2023,94.82609,25.883444,42.295296,29.442304,63.964759281925744,292.0,34.94053447572419,104.0,4957.107303141574,156585,9,5.0,25.586046511627902,34.66279069767442,1016.2406976744186,0.0,46.495348837209306,0.8081395348837208,8.0,True,False,False,False,False,False,False,False,False,False
44,2023_6,2023,90.807153,24.078533,39.888,27.290692,68.82879436964504,290.0,55.92013463892289,104.0,4806.969400244798,160529,9,6.0,25.586046511627902,34.66279069767442,1016.2406976744186,0.0,46.495348837209306,0.8081395348837208,4.0,False,False,False,True,False,False,False,False,False,False
10,2023_6,2023,88.264473,23.80288,41.640541,24.183,57.06828845369237,291.0,45.810536515707874,104.0,4204.6657486740105,138920,8,7.0,25.586046511627902,34.66279069767442,1016.2406976744186,0.0,46.495348837209306,0.8081395348837208,7.0,False,False,False,False,False,False,False,False,True,False
63,2023_6,2023,90.591458,24.609034,41.605357,24.306083,66.0483986128111,290.0,43.08695430436556,104.0,4535.72863117095,137483,9,8.0,25.586046511627902,34.66279069767442,1016.2406976744186,0.0,46.495348837209306,0.8081395348837208,5.0,False,False,False,True,False,False,False,False,False,False
22,2023_6,2023,89.449434,24.685482,39.662714,25.672391,65.87143002855977,289.0,44.34547123623011,104.0,4647.34751121991,139006,9,9.0,25.586046511627902,34.66279069767442,1016.2406976744186,0.0,46.495348837209306,0.8081395348837208,15.0,False,False,False,False,False,False,True,False,False,False
4,2023_6,2023,91.707388,24.952045,42.53459,23.705833,52.67023663810689,290.0,51.14468584251326,104.0,4127.245818033456,139278,8,10.0,25.586046511627902,34.66279069767442,1016.2406976744186,0.0,46.495348837209306,0.8081395348837208,9.0,False,False,True,False,False,False,False,False,False,False
81,2023_6,2023,90.596,24.265238,40.972476,25.287611,50.322878416972664,290.0,53.154018767849855,104.0,4055.2082823337414,138328,8,11.0,25.586046511627902,34.66279069767442,1016.2406976744186,0.0,46.495348837209306,0.8081395348837208,10.0,False,False,True,False,False,False,False,False,False,False
21,2023_6,2023,86.978133,25.0077,39.335157,23.0802,45.53105875152999,288.0,52.92390860873113,104.0,3446.5109649122805,138742,9,12.0,25.586046511627902,34.66279069767442,1016.2406976744186,0.0,46.495348837209306,0.8081395348837208,12.0,False,False,False,False,False,False,True,False,False,False
23,2023_6,2023,88.071692,23.748055,41.337833,23.388642,43.35771113831089,290.0,70.22832517339862,104.0,3276.837770297838,159964,8,13.0,25.586046511627902,34.66279069767442,1016.2406976744186,0.0,46.495348837209306,0.8081395348837208,14.0,False,False,False,False,False,True,False,False,False,False
18,2023_6,2023,85.855533,23.601611,40.046111,23.953666,43.6936964504284,288.0,71.14422684618523,104.0,2954.642288861689,160529,9,14.0,25.586046511627902,34.66279069767442,1016.2406976744186,0.0,46.495348837209306,0.8081395348837208,20.0,False,False,False,False,False,False,False,False,False,True
77,2023_6,2023,91.262277,24.564571,42.342714,24.319777,50.27738678090575,288.0,52.44869441044472,104.0,3678.684159526724,137428,8,15.0,25.586046511627902,34.66279069767442,1016.2406976744186,0.0,46.495348837209306,0.8081395348837208,11.0,False,False,False,False,False,False,False,True,False,False
2,2023_6,2023,88.4604,24.939307,39.32625,24.2431,29.80115259077927,292.0,64.73056915544676,104.0,2101.0501325989394,138924,9,16.0,25.586046511627902,34.66279069767442,1016.2406976744186,0.0,46.495348837209306,0.8081395348837208,18.0,False,False,False,False,False,True,False,False,False,False
20,2023_6,2023,95.346571,25.578666,42.18,26.363714,20.46282129742962,290.0,88.36525907792738,104.0,2316.655497756018,160985,9,17.0,25.586046511627902,34.66279069767442,1016.2406976744186,0.0,46.495348837209306,0.8081395348837208,19.0,False,True,False,False,False,False,False,False,False,False
27,2023_6,2023,97.382833,24.912,42.2055,25.998333,18.26045491636067,291.0,73.92212362301102,104.0,1354.4576703386374,136592,8,18.0,25.586046511627902,34.66279069767442,1016.2406976744186,0.0,46.495348837209306,0.8081395348837208,17.0,False,True,False,False,False,False,False,False,False,False
24,2023_6,2023,91.450454,25.123666,41.879166,24.707,29.695889432884535,289.0,66.89504283965728,104.0,2190.4747552019585,137314,8,19.0,25.586046511627902,34.66279069767442,1016.2406976744186,0.0,46.495348837209306,0.8081395348837208,13.0,False,False,False,False,False,False,False,True,False,False
11,2023_6,2023,100.669,29.64325,46.139,24.976666,7.222511219910241,288.0,81.49637902896777,104.0,526.9752141982864,155625,9,20.0,25.586046511627902,34.66279069767442,1016.2406976744186,0.0,46.495348837209306,0.8081395348837208,16.0,False,False,False,False,True,False,False,False,False,False
1,2023_7,2023,96.418,27.344642,39.691157,27.727166,63.4694535381516,334.0,24.398589775875095,104.0,3927.504910601864,140286,9,1.0,20.853409090909093,71.94318181818181,1000.6363636363636,0.2045454545454545,24.940909090909088,1.8352272727272727,1.0,False,False,False,False,True,False,False,False,False,False
55,2023_7,2023,89.906428,26.7614,36.094476,29.32755,69.78478972550995,334.0,33.19924452279023,104.0,4196.509242004533,148259,9,2.0,20.853409090909093,71.94318181818181,1000.6363636363636,0.2045454545454545,24.940909090909088,1.8352272727272727,5.0,True,False,False,False,False,False,False,False,False,False
4,2023_7,2023,85.40423,25.208933,35.017285,28.64535,69.30017627801561,328.0,52.412238730798286,104.0,4308.98685469655,139093,9,3.0,20.853409090909093,71.94318181818181,1000.6363636363636,0.2045454545454545,24.940909090909088,1.8352272727272727,17.0,False,False,True,False,False,False,False,False,False,False
10,2023_7,2023,87.963833,25.473,34.82275,29.639684,66.23001762780156,333.0,54.4555023923445,104.0,4056.365298413498,139364,9,4.0,20.853409090909093,71.94318181818181,1000.6363636363636,0.2045454545454545,24.940909090909088,1.8352272727272727,10.0,False,False,False,False,False,False,False,False,True,False
44,2023_7,2023,89.421642,26.267066,34.69909,28.828333,72.59365399143792,338.0,69.21903802568623,104.0,4224.598337950139,164015,9,5.0,20.853409090909093,71.94318181818181,1000.6363636363636,0.2045454545454545,24.940909090909088,1.8352272727272727,2.0,False,False,False,True,False,False,False,False,False,False
18,2023_7,2023,86.0345,24.9626,34.767,28.602952,72.5880130949383,327.0,60.363837824225634,104.0,4149.63943591035,144553,9,6.0,20.853409090909093,71.94318181818181,1000.6363636363636,0.2045454545454545,24.940909090909088,1.8352272727272727,6.0,False,False,False,False,False,False,False,False,False,True
31,2023_7,2023,86.363166,24.551384,35.7077,29.728736,66.48305212792748,330.0,51.32873331654495,104.0,3877.946512213549,139747,9,7.0,20.853409090909093,71.94318181818181,1000.6363636363636,0.2045454545454545,24.940909090909088,1.8352272727272727,8.0,False,False,False,False,False,False,False,False,True,False
27,2023_7,2023,82.401727,23.434363,33.633588,28.191294,57.19380508687988,335.0,72.15154872828003,104.0,3724.9555779400657,163032,9,8.0,20.853409090909093,71.94318181818181,1000.6363636363636,0.2045454545454545,24.940909090909088,1.8352272727272727,15.0,False,True,False,False,False,False,False,False,False,False
14,2023_7,2023,85.0399,25.809272,34.033705,27.486875,56.72420045328633,326.0,61.67695794510199,104.0,3257.9470158650215,138744,9,9.0,20.853409090909093,71.94318181818181,1000.6363636363636,0.2045454545454545,24.940909090909088,1.8352272727272727,7.0,False,False,False,False,False,False,False,False,False,True
81,2023_7,2023,89.007727,24.923615,34.502157,32.7755,63.145756736338456,327.0,51.866028708133975,104.0,3866.174162679426,135741,9,10.0,20.853409090909093,71.94318181818181,1000.6363636363636,0.2045454545454545,24.940909090909088,1.8352272727272727,13.0,False,False,True,False,False,False,False,False,False,False
11,2023_7,2023,97.289181,25.451416,38.340235,30.7165,54.21641903802568,332.0,47.18272475446991,104.0,3147.7022412490555,147776,9,11.0,20.853409090909093,71.94318181818181,1000.6363636363636,0.2045454545454545,24.940909090909088,1.8352272727272727,4.0,False,False,False,False,True,False,False,False,False,False
63,2023_7,2023,89.252416,25.605923,35.169352,29.332882,57.02875849911861,334.0,73.68214555527575,104.0,3467.7959707882146,162033,9,12.0,20.853409090909093,71.94318181818181,1000.6363636363636,0.2045454545454545,24.940909090909088,1.8352272727272727,3.0,False,False,False,True,False,False,False,False,False,False
24,2023_7,2023,96.5169,27.030818,35.222875,33.652665999999996,50.58015613195669,330.0,55.66577688239738,104.0,3079.144749433392,134898,9,13.0,20.853409090909093,71.94318181818181,1000.6363636363636,0.2045454545454545,24.940909090909088,1.8352272727272727,9.0,False,False,False,False,False,False,False,True,False,False
21,2023_7,2023,89.1923,26.304454,33.297937,32.000933,50.60906572651725,326.0,58.42256358599849,104.0,3024.601712415009,138455,9,14.0,20.853409090909093,71.94318181818181,1000.6363636363636,0.2045454545454545,24.940909090909088,1.8352272727272727,14.0,False,False,False,False,False,False,True,False,False,False
22,2023_7,2023,87.79523,25.044538,34.525,29.459222,60.13049609670108,327.0,60.38685469654999,104.0,3567.293981364895,138460,9,15.0,20.853409090909093,71.94318181818181,1000.6363636363636,0.2045454545454545,24.940909090909088,1.8352272727272727,12.0,False,False,False,False,False,False,True,False,False,False
77,2023_7,2023,98.005833,27.501142,35.2242,33.958444,32.04019138755981,328.0,67.91553764794762,104.0,2004.5798539410728,133848,9,16.0,20.853409090909093,71.94318181818181,1000.6363636363636,0.2045454545454545,24.940909090909088,1.8352272727272727,19.0,False,False,False,False,False,False,False,True,False,False
20,2023_7,2023,83.6102,23.3316,34.329625,27.533125,28.734122387307984,335.0,73.10496096701083,104.0,1732.112012087635,137293,9,17.0,20.853409090909093,71.94318181818181,1000.6363636363636,0.2045454545454545,24.940909090909088,1.8352272727272727,18.0,False,True,False,False,False,False,False,False,False,False
23,2023_7,2023,91.75,25.8778,38.167,29.544571,25.38010576680937,334.0,84.73009317552254,104.0,1984.6157139259633,106408,9,18.0,20.853409090909093,71.94318181818181,1000.6363636363636,0.2045454545454545,24.940909090909088,1.8352272727272727,16.0,False,False,False,False,False,True,False,False,False,False
16,2023_7,2023,93.905,25.773142,36.926222,30.739333,31.78675396625535,334.0,67.81903802568623,104.0,2081.336539914379,151667,9,19.0,20.853409090909093,71.94318181818181,1000.6363636363636,0.2045454545454545,24.940909090909088,1.8352272727272727,11.0,True,False,False,False,False,False,False,False,False,False
2,2023_7,2023,86.3895,25.2755,36.654833,29.826833,19.02810375220347,328.0,59.82362125409217,104.0,1271.1988416016118,98934,9,20.0,20.853409090909093,71.94318181818181,1000.6363636363636,0.2045454545454545,24.940909090909088,1.8352272727272727,20.0,False,False,False,False,False,True,False,False,False,False
1,2023_8,2023,87.992473,25.618904,28.67808,34.863272,77.899808080311,337.0,41.13985532208061,104.0,4738.527631514197,177072,9,1.0,16.46629213483146,87.71910112359551,1004.9123595505616,0.3370786516853932,18.4561797752809,2.7842696629213477,1.0,False,False,False,False,True,False,False,False,False,False
27,2023_8,2023,91.121526,27.017043,28.121434,36.872,72.05048964125781,330.0,58.29870577235372,104.0,4807.388022243,175659,9,2.0,16.46629213483146,87.71910112359551,1004.9123595505616,0.3370786516853932,18.4561797752809,2.7842696629213477,15.0,False,True,False,False,False,False,False,False,False,False
14,2023_8,2023,94.578,28.16712,29.24032,36.8605,77.53083017568034,329.0,43.49180650558535,104.0,4970.063087446484,151983,9,3.0,16.46629213483146,87.71910112359551,1004.9123595505616,0.3370786516853932,18.4561797752809,2.7842696629213477,2.0,False,False,False,False,False,False,False,False,False,True
44,2023_8,2023,96.546095,28.7044,29.562375,38.095285,75.31784853107622,325.0,62.3330052654889,104.0,4709.911372471827,175942,9,4.0,16.46629213483146,87.71910112359551,1004.9123595505616,0.3370786516853932,18.4561797752809,2.7842696629213477,3.0,False,False,False,True,False,False,False,False,False,False
63,2023_8,2023,97.168684,28.18472,29.573782,38.821473,72.01023571674622,324.0,62.0516214753211,104.0,4660.060233256238,176123,9,5.0,16.46629213483146,87.71910112359551,1004.9123595505616,0.3370786516853932,18.4561797752809,2.7842696629213477,19.0,False,False,False,True,False,False,False,False,False,False
31,2023_8,2023,92.214578,27.434739,28.942375,36.38125,71.87663008710201,325.0,52.70685497760937,104.0,5095.733428473009,176582,9,6.0,16.46629213483146,87.71910112359551,1004.9123595505616,0.3370786516853932,18.4561797752809,2.7842696629213477,8.0,False,False,False,False,False,False,False,False,True,False
4,2023_8,2023,91.51625,27.095291,28.996346,36.160636,74.75931302593376,325.0,42.69799714580975,104.0,4802.580040352344,150632,9,7.0,16.46629213483146,87.71910112359551,1004.9123595505616,0.3370786516853932,18.4561797752809,2.7842696629213477,13.0,False,False,True,False,False,False,False,False,False,False
55,2023_8,2023,93.608857,27.65548,28.74948,38.172136,75.1785837311156,335.0,36.08055705919984,104.0,4944.3121893607595,158653,9,8.0,16.46629213483146,87.71910112359551,1004.9123595505616,0.3370786516853932,18.4561797752809,2.7842696629213477,5.0,True,False,False,False,False,False,False,False,False,False
81,2023_8,2023,94.36645,28.565291,29.373347,37.30895,67.32139166379608,333.0,47.740563948624576,104.0,4294.040647605925,148962,9,9.0,16.46629213483146,87.71910112359551,1004.9123595505616,0.3370786516853932,18.4561797752809,2.7842696629213477,11.0,False,False,True,False,False,False,False,False,False,False
23,2023_8,2023,92.667555,27.676681,28.739272,36.117842,69.7453865459377,343.0,61.155996260026576,104.0,4340.843413217854,176928,9,10.0,16.46629213483146,87.71910112359551,1004.9123595505616,0.3370786516853932,18.4561797752809,2.7842696629213477,7.0,False,False,False,False,False,True,False,False,False,False
16,2023_8,2023,92.728157,26.510363,28.436727,38.363052,63.46459327788987,334.0,64.4420550169775,104.0,4548.678755966734,176806,9,11.0,16.46629213483146,87.71910112359551,1004.9123595505616,0.3370786516853932,18.4561797752809,2.7842696629213477,4.0,True,False,False,False,False,False,False,False,False,False
11,2023_8,2023,92.42565,25.833333,28.350272,37.77838,66.23133704049998,335.0,58.90822302052064,104.0,3939.3977658579793,171065,9,12.0,16.46629213483146,87.71910112359551,1004.9123595505616,0.3370786516853932,18.4561797752809,2.7842696629213477,6.0,False,False,False,False,True,False,False,False,False,False
18,2023_8,2023,92.479875,27.15755,29.51935,40.315588,57.44855076029723,326.0,56.99399635844693,104.0,3460.2341912307465,150769,9,13.0,16.46629213483146,87.71910112359551,1004.9123595505616,0.3370786516853932,18.4561797752809,2.7842696629213477,9.0,False,False,False,False,False,False,False,False,False,True
20,2023_8,2023,96.829777,26.829904,28.23285,41.622777,60.76846611879337,333.0,68.61876876137985,104.0,4378.426799862212,171230,9,14.0,16.46629213483146,87.71910112359551,1004.9123595505616,0.3370786516853932,18.4561797752809,2.7842696629213477,17.0,False,True,False,False,False,False,False,False,False,False
77,2023_8,2023,94.1775,27.395545,29.104652,38.160952,69.31130357757985,329.0,55.29875498253039,104.0,4229.530731755327,153299,9,15.0,16.46629213483146,87.71910112359551,1004.9123595505616,0.3370786516853932,18.4561797752809,2.7842696629213477,10.0,False,False,False,False,False,False,False,True,False,False
22,2023_8,2023,95.308777,29.378636,29.036636,39.217111,34.644751734658726,314.0,67.49377491265194,104.0,2212.946853009202,152740,9,16.0,16.46629213483146,87.71910112359551,1004.9123595505616,0.3370786516853932,18.4561797752809,2.7842696629213477,14.0,False,False,False,False,False,False,True,False,False,False
10,2023_8,2023,90.141,26.491909,29.79509,35.3562,31.636828896215736,311.0,66.05216278726441,104.0,2116.3415678362285,140210,9,17.0,16.46629213483146,87.71910112359551,1004.9123595505616,0.3370786516853932,18.4561797752809,2.7842696629213477,12.0,False,False,False,False,False,False,False,False,True,False
21,2023_8,2023,93.8395,28.204909,29.260272,36.2427,34.60872988534029,314.0,69.89779046306776,104.0,2165.214064268491,153864,9,18.0,16.46629213483146,87.71910112359551,1004.9123595505616,0.3370786516853932,18.4561797752809,2.7842696629213477,18.0,False,False,False,False,False,False,True,False,False,False
2,2023_8,2023,93.387833,27.6255,28.753076,37.357615,40.99635844692683,314.0,80.56596624181881,104.0,2487.449436543477,180054,9,19.0,16.46629213483146,87.71910112359551,1004.9123595505616,0.3370786516853932,18.4561797752809,2.7842696629213477,20.0,False,False,False,False,False,True,False,False,False,False
24,2023_8,2023,95.007444,33.217181,29.2349,39.055777,31.73766054820137,309.0,66.6220166330397,104.0,2126.3731115594705,155691,9,20.0,16.46629213483146,87.71910112359551,1004.9123595505616,0.3370786516853932,18.4561797752809,2.7842696629213477,16.0,False,False,False,False,False,False,False,True,False,False
1,2023_9,2023,91.106176,25.494388,41.577434,27.764913,73.37044888441359,329.0,23.67772536965393,104.0,4326.276644231279,137133,9,1.0,26.70000000000001,41.576470588235296,930.5976470588234,0.0,39.60941176470588,0.8411764705882353,1.0,False,False,False,False,True,False,False,False,False,False
16,2023_9,2023,85.578684,20.3761,38.15396,28.0892,80.07536170438286,326.0,41.40267104775028,104.0,4905.789284010812,145203,9,2.0,26.70000000000001,41.576470588235296,930.5976470588234,0.0,39.60941176470588,0.8411764705882353,2.0,True,False,False,False,False,False,False,False,False,False
55,2023_9,2023,83.557941,24.689894,37.330166,27.953041,76.93963644072288,327.0,33.6829190736128,104.0,4502.8553182468595,135694,9,3.0,26.70000000000001,41.576470588235296,930.5976470588234,0.0,39.60941176470588,0.8411764705882353,6.0,True,False,False,False,False,False,False,False,False,False
4,2023_9,2023,82.8225,19.948933,37.0235,28.92119,70.89003126821771,325.0,51.219407493772856,104.0,4983.355715724204,146358,37,4.0,26.70000000000001,41.576470588235296,930.5976470588234,0.0,39.60941176470588,0.8411764705882353,4.0,False,False,True,False,False,False,False,False,False,False
44,2023_9,2023,82.464562,19.947388,36.65725,27.06126,76.83279453071175,325.0,54.32900524670094,104.0,4396.121098097408,140349,9,5.0,26.70000000000001,41.576470588235296,930.5976470588234,0.0,39.60941176470588,0.8411764705882353,8.0,False,False,False,True,False,False,False,False,False,False
18,2023_9,2023,85.706882,20.900631,38.54932,28.304086,76.78636917695691,324.0,63.96099422332927,104.0,4351.820499231544,152652,9,6.0,26.70000000000001,41.576470588235296,930.5976470588234,0.0,39.60941176470588,0.8411764705882353,9.0,False,False,False,False,False,False,False,False,False,True
14,2023_9,2023,76.977411,18.845368,35.833038,25.15532,82.70756266892788,322.0,66.7216068684085,104.0,4522.811913720918,157110,9,7.0,26.70000000000001,41.576470588235296,930.5976470588234,0.0,39.60941176470588,0.8411764705882353,5.0,False,False,False,False,False,False,False,False,False,True
27,2023_9,2023,83.477125,20.373777,37.836583,27.793818,77.04987015740103,326.0,58.29582913773915,104.0,4809.148868514495,153752,9,8.0,26.70000000000001,41.576470588235296,930.5976470588234,0.0,39.60941176470588,0.8411764705882353,20.0,False,True,False,False,False,False,False,False,False,False
10,2023_9,2023,75.529416,19.793571,34.8887,25.895894,64.28395781440457,324.0,53.4035719963962,104.0,3734.005299697917,123233,9,9.0,26.70000000000001,41.576470588235296,930.5976470588234,0.0,39.60941176470588,0.8411764705882353,10.0,False,False,False,False,False,False,False,False,True,False
23,2023_9,2023,77.791461,18.970642,34.725,25.95375,64.24405108908792,330.0,51.35598070909958,104.0,3590.477714770258,123424,9,10.0,26.70000000000001,41.576470588235296,930.5976470588234,0.0,39.60941176470588,0.8411764705882353,11.0,False,False,False,False,False,True,False,False,False,False
63,2023_9,2023,81.269266,20.7416,35.88155,27.5418,64.34538131326515,324.0,60.693677460384755,104.0,3859.871694313424,142647,9,11.0,26.70000000000001,41.576470588235296,930.5976470588234,0.0,39.60941176470588,0.8411764705882353,7.0,False,False,False,True,False,False,False,False,False,False
31,2023_9,2023,80.5845,19.1719,35.0918,28.333214,46.149398484286394,323.0,55.762467539350254,104.0,2585.201918490646,118055,9,12.0,26.70000000000001,41.576470588235296,930.5976470588234,0.0,39.60941176470588,0.8411764705882353,14.0,False,False,False,False,False,False,False,False,True,False
81,2023_9,2023,88.103142,21.491066,39.113722,28.713611,58.38041231649796,322.0,54.56017806985002,104.0,3895.671842704966,129294,9,13.0,26.70000000000001,41.576470588235296,930.5976470588234,0.0,39.60941176470588,0.8411764705882353,16.0,False,False,True,False,False,False,False,False,False,False
77,2023_9,2023,79.44975,19.0285,34.439692,29.435076,42.93529068843076,325.0,60.15824897980815,104.0,2362.571519423393,120638,9,14.0,26.70000000000001,41.576470588235296,930.5976470588234,0.0,39.60941176470588,0.8411764705882353,15.0,False,False,False,False,False,False,False,True,False,False
11,2023_9,2023,90.239538,21.904357,41.337222,29.388666,58.20758916741746,327.0,43.26005617679792,104.0,3446.6344798346495,135617,9,15.0,26.70000000000001,41.576470588235296,930.5976470588234,0.0,39.60941176470588,0.8411764705882353,3.0,False,False,False,False,True,False,False,False,False,False
22,2023_9,2023,77.905142,18.914142,34.6021,27.9831,30.388997827123855,321.0,62.07143992792411,104.0,1777.877523981133,128139,9,16.0,26.70000000000001,41.576470588235296,930.5976470588234,0.0,39.60941176470588,0.8411764705882353,19.0,False,False,False,False,False,False,True,False,False,False
24,2023_9,2023,76.5118,19.3165,36.813666,29.9565,27.349939053473953,326.0,70.93582065822248,104.0,1531.897503842281,124905,9,17.0,26.70000000000001,41.576470588235296,930.5976470588234,0.0,39.60941176470588,0.8411764705882353,12.0,False,False,False,False,False,False,False,True,False,False
2,2023_9,2023,81.572666,17.688666,34.256444,31.418555,27.535322486618263,329.0,83.92649318988818,104.0,1610.8360803434205,146032,9,18.0,26.70000000000001,41.576470588235296,930.5976470588234,0.0,39.60941176470588,0.8411764705882353,13.0,False,False,False,False,False,True,False,False,False,False
20,2023_9,2023,91.581571,23.007125,42.2405,29.150222,30.66129630611055,325.0,78.72929143038847,104.0,2147.312099210345,147518,9,19.0,26.70000000000001,41.576470588235296,930.5976470588234,0.0,39.60941176470588,0.8411764705882353,18.0,False,True,False,False,False,False,False,False,False,False
21,2023_9,2023,82.330285,19.256,36.6272,28.7087,30.41968307806455,323.0,68.43028247389898,104.0,1731.723620753617,127863,9,20.0,26.70000000000001,41.576470588235296,930.5976470588234,0.0,39.60941176470588,0.8411764705882353,17.0,False,False,False,False,False,False,True,False,False,False
1,2023_10,2023,102.406166,34.27655,43.0062,29.982625,96.46710184002649,328.0,46.548744146445294,104.0,5205.827349699636,181816,9,1.0,21.29787234042553,78.3936170212766,999.396808510638,0.2340425531914893,22.926595744680856,2.6723404255319143,1.0,False,False,False,False,True,False,False,False,False,False
4,2023_10,2023,97.82425,34.0407,42.89672,29.576083,96.6813301168346,321.0,45.066647746085806,104.0,5352.638948015704,162240,9,2.0,21.29787234042553,78.3936170212766,999.396808510638,0.2340425531914893,22.926595744680856,2.6723404255319143,2.0,False,False,True,False,False,False,False,False,False,False
81,2023_10,2023,106.177473,35.394142,42.5546,30.7475,96.55659618750296,320.0,44.63540040679249,104.0,5285.0311716569695,157164,9,3.0,21.29787234042553,78.3936170212766,999.396808510638,0.2340425531914893,22.926595744680856,2.6723404255319143,4.0,False,False,True,False,False,False,False,False,False,False
16,2023_10,2023,103.915888,33.370368,41.617375,30.27175,92.63067026157702,326.0,54.49136748498179,104.0,5271.118821247812,184945,9,4.0,21.29787234042553,78.3936170212766,999.396808510638,0.2340425531914893,22.926595744680856,2.6723404255319143,9.0,True,False,False,False,False,False,False,False,False,False
55,2023_10,2023,103.4,32.686052,42.09408,30.41068,96.66950475379596,328.0,53.830850007095215,104.0,5430.771817794806,185251,9,5.0,21.29787234042553,78.3936170212766,999.396808510638,0.2340425531914893,22.926595744680856,2.6723404255319143,10.0,True,False,False,False,False,False,False,False,False,False
63,2023_10,2023,102.029941,32.156333,43.750041,29.240913,88.94697507213472,323.0,63.617709663686675,104.0,4804.251170710941,185405,9,6.0,21.29787234042553,78.3936170212766,999.396808510638,0.2340425531914893,22.926595744680856,2.6723404255319143,5.0,False,False,False,True,False,False,False,False,False,False
44,2023_10,2023,103.747333,33.372789,43.83124,29.969541,92.6965138829762,323.0,61.94338016177097,104.0,4948.6726739510905,185110,9,7.0,21.29787234042553,78.3936170212766,999.396808510638,0.2340425531914893,22.926595744680856,2.6723404255319143,3.0,False,False,False,True,False,False,False,False,False,False
23,2023_10,2023,102.360222,33.47721,42.462666,29.141791,93.03055673809186,327.0,57.74353152641786,104.0,5003.145404663923,184587,9,8.0,21.29787234042553,78.3936170212766,999.396808510638,0.2340425531914893,22.926595744680856,2.6723404255319143,8.0,False,False,False,False,False,True,False,False,False,False
14,2023_10,2023,99.854875,31.181705,42.386304,29.436863,89.07601343361242,327.0,48.44723523012157,104.0,4740.603897639658,159118,9,9.0,21.29787234042553,78.3936170212766,999.396808510638,0.2340425531914893,22.926595744680856,2.6723404255319143,7.0,False,False,False,False,False,False,False,False,False,True
10,2023_10,2023,103.056705,32.563555,42.786913,30.037391,89.15112813963388,324.0,49.3247244690412,104.0,4871.384513504565,155319,9,10.0,21.29787234042553,78.3936170212766,999.396808510638,0.2340425531914893,22.926595744680856,2.6723404255319143,18.0,False,False,False,False,False,False,False,False,True,False
27,2023_10,2023,104.562083,32.899384,41.991117,30.651125,63.372451634265175,305.0,68.95435409867083,104.0,3791.5292086467057,187543,9,11.0,21.29787234042553,78.3936170212766,999.396808510638,0.2340425531914893,22.926595744680856,2.6723404255319143,13.0,False,True,False,False,False,False,False,False,False,False
18,2023_10,2023,102.348846,31.191,42.375222,30.115944,70.60020812638948,308.0,52.410198193084526,104.0,3856.305330873658,157040,9,12.0,21.29787234042553,78.3936170212766,999.396808510638,0.2340425531914893,22.926595744680856,2.6723404255319143,14.0,False,False,False,False,False,False,False,False,False,True
31,2023_10,2023,103.882076,31.883928,42.270444,31.078117,70.88198287687432,309.0,54.79811740220425,104.0,3884.5123220282862,159167,9,13.0,21.29787234042553,78.3936170212766,999.396808510638,0.2340425531914893,22.926595744680856,2.6723404255319143,20.0,False,False,False,False,False,False,False,False,True,False
2,2023_10,2023,107.831857,34.678933,42.727944,29.648722,70.5626034719266,309.0,66.17960361383095,104.0,3660.447377134478,187597,9,14.0,21.29787234042553,78.3936170212766,999.396808510638,0.2340425531914893,22.926595744680856,2.6723404255319143,11.0,False,False,False,False,False,True,False,False,False,False
77,2023_10,2023,99.444714,38.787111,41.1474,28.896222,42.45054633177239,305.0,67.45494536682276,104.0,2365.4894281254433,165321,9,15.0,21.29787234042553,78.3936170212766,999.396808510638,0.2340425531914893,22.926595744680856,2.6723404255319143,12.0,False,False,False,False,False,False,False,True,False,False
11,2023_10,2023,106.629625,32.682875,43.5841,31.9336,40.97738990587011,307.0,65.05638333096826,104.0,2193.1606830329692,169710,9,15.0,21.29787234042553,78.3936170212766,999.396808510638,0.2340425531914893,22.926595744680856,2.6723404255319143,6.0,False,False,False,False,True,False,False,False,False,False
22,2023_10,2023,109.970375,34.930555,43.063,33.1557,41.00525046118915,308.0,63.36091007993945,104.0,2390.1044416063573,163482,9,16.0,21.29787234042553,78.3936170212766,999.396808510638,0.2340425531914893,22.926595744680856,2.6723404255319143,16.0,False,False,False,False,False,False,True,False,False,False
24,2023_10,2023,103.62875,35.336222,43.968454,29.0376,44.80440849534081,304.0,66.79267773520647,104.0,2545.2125254245307,165519,9,17.0,21.29787234042553,78.3936170212766,999.396808510638,0.2340425531914893,22.926595744680856,2.6723404255319143,15.0,False,False,False,False,False,False,False,True,False,False
21,2023_10,2023,109.297,34.802333,43.3516,31.2613,40.95260394494111,308.0,64.61402015041861,104.0,2315.951941724611,164606,9,18.0,21.29787234042553,78.3936170212766,999.396808510638,0.2340425531914893,22.926595744680856,2.6723404255319143,17.0,False,False,False,False,False,False,True,False,False,False
20,2023_10,2023,116.79225,39.464666,45.922,34.635571,25.73184806773568,303.0,89.66742348990114,104.0,1634.6656733361715,187528,9,19.0,21.29787234042553,78.3936170212766,999.396808510638,0.2340425531914893,22.926595744680856,2.6723404255319143,19.0,False,True,False,False,False,False,False,False,False,False
44,2023_11,2023,95.407642,34.027214,36.2084,28.2649,66.38977182427064,315.0,65.9796798728573,104.0,4093.6208990804857,143046,9,1.0,26.258974358974363,34.5,987.3423076923076,0.0,43.86282051282052,2.1743589743589737,4.0,False,False,False,True,False,False,False,False,False,False
1,2023_11,2023,91.221733,32.131933,34.771904,29.273,69.41752752866387,315.0,26.99267794301283,104.0,4268.047167669429,122246,9,2.0,26.258974358974363,34.5,987.3423076923076,0.0,43.86282051282052,2.1743589743589737,1.0,False,False,False,False,True,False,False,False,False,False
4,2023_11,2023,93.515866,33.146533,34.4597,27.91625,66.4115677148371,314.0,48.28487910091951,104.0,4346.003973209218,119610,9,3.0,26.258974358974363,34.5,987.3423076923076,0.0,43.86282051282052,2.1743589743589737,2.0,False,False,True,False,False,False,False,False,False,False
81,2023_11,2023,91.742416,31.177714,35.65675,31.96495,66.43591781132932,317.0,45.76546713588375,104.0,4423.929957997502,117356,9,4.0,26.258974358974363,34.5,987.3423076923076,0.0,43.86282051282052,2.1743589743589737,5.0,False,False,True,False,False,False,False,False,False,False
24,2023_11,2023,91.3518,33.03575,34.450318,28.329857,73.2230105573845,315.0,51.48075831535929,104.0,4448.805993869906,118826,9,5.0,26.258974358974363,34.5,987.3423076923076,0.0,43.86282051282052,2.1743589743589737,16.0,False,False,False,False,False,False,False,True,False,False
16,2023_11,2023,94.029357,32.7282,33.95638,29.536333,69.85985923487343,319.0,41.245601089794526,104.0,4733.824838233625,140052,9,6.0,26.258974358974363,34.5,987.3423076923076,0.0,43.86282051282052,2.1743589743589737,7.0,True,False,False,False,False,False,False,False,False,False
77,2023_11,2023,93.216076,34.526714,33.68565,29.069315,66.73600862754002,315.0,51.85452378249518,104.0,4181.82234078783,118670,9,7.0,26.258974358974363,34.5,987.3423076923076,0.0,43.86282051282052,2.1743589743589737,12.0,False,False,False,False,False,False,False,True,False,False
14,2023_11,2023,92.581076,34.155733,35.734,29.729571,69.79906913384039,317.0,43.07310704960835,104.0,4435.831990010217,118634,9,8.0,26.258974358974363,34.5,987.3423076923076,0.0,43.86282051282052,2.1743589743589737,9.0,False,False,False,False,False,False,False,False,False,True
11,2023_11,2023,96.824812,34.715529,36.171695,27.609695,75.93330684527189,316.0,28.62095584061755,104.0,4748.794585083438,126088,9,9.0,26.258974358974363,34.5,987.3423076923076,0.0,43.86282051282052,2.1743589743589737,3.0,False,False,False,False,True,False,False,False,False,False
27,2023_11,2023,89.904615,31.397642,34.27665,29.02955,66.19661709615167,320.0,59.30309910318992,104.0,4721.932455443297,143290,9,10.0,26.258974358974363,34.5,987.3423076923076,0.0,43.86282051282052,2.1743589743589737,14.0,False,True,False,False,False,False,False,False,False,False
55,2023_11,2023,97.556181,33.957545,34.3468,29.780133,49.786525144738334,319.0,57.199398342604155,104.0,3749.1014303553184,142058,9,11.0,26.258974358974363,34.5,987.3423076923076,0.0,43.86282051282052,2.1743589743589737,8.0,True,False,False,False,False,False,False,False,False,False
31,2023_11,2023,93.054727,32.072363,32.703187,29.208,52.937620615279826,316.0,58.10421160177091,104.0,3308.62912929958,123554,9,12.0,26.258974358974363,34.5,987.3423076923076,0.0,43.86282051282052,2.1743589743589737,19.0,False,False,False,False,False,False,False,False,True,False
3,2023_11,2023,92.7991,31.547,34.0692,29.736,49.77040526734022,311.0,52.71296401407651,104.0,3264.8580429106596,120672,9,13.0,26.258974358974363,34.5,987.3423076923076,0.0,43.86282051282052,2.1743589743589737,13.0,False,False,False,False,False,False,True,False,False,False
18,2023_11,2023,95.47823,34.049285,35.597333,30.301777,59.53394255874674,317.0,52.932568963559994,104.0,3735.915767964582,119038,9,14.0,26.258974358974363,34.5,987.3423076923076,0.0,43.86282051282052,2.1743589743589737,10.0,False,False,False,False,False,False,False,False,False,True
10,2023_11,2023,90.317363,31.104181,32.462437,28.728625,53.33704166193665,317.0,60.30338290384834,104.0,3554.360483596322,125394,9,15.0,26.258974358974363,34.5,987.3423076923076,0.0,43.86282051282052,2.1743589743589737,20.0,False,False,False,False,False,False,False,False,True,False
23,2023_11,2023,95.227,33.5275,34.403125,27.162,26.73930071517766,315.0,88.99716199341583,104.0,1645.5972868657054,89874,9,16.0,26.258974358974363,34.5,987.3423076923076,0.0,43.86282051282052,2.1743589743589737,11.0,False,False,False,False,False,True,False,False,False,False
22,2023_11,2023,89.586333,31.3565,31.714,30.269,29.765467135883757,309.0,66.44312634805313,104.0,1925.1781132932229,119540,9,17.0,26.258974358974363,34.5,987.3423076923076,0.0,43.86282051282052,2.1743589743589737,15.0,False,False,False,False,False,False,True,False,False,False
63,2023_11,2023,97.908428,34.494857,35.239555,32.083333,29.93262572369168,314.0,84.95850834373935,104.0,3021.4154274037915,141942,9,18.0,26.258974358974363,34.5,987.3423076923076,0.0,43.86282051282052,2.1743589743589737,6.0,False,False,False,True,False,False,False,False,False,False
20,2023_11,2023,95.4995,33.303333,34.237375,31.10975,26.756271994551028,322.0,87.0619253036667,104.0,2021.95515949597,141806,9,19.0,26.258974358974363,34.5,987.3423076923076,0.0,43.86282051282052,2.1743589743589737,17.0,False,True,False,False,False,False,False,False,False,False
2,2023_11,2023,93.947166,32.387166,34.03275,28.269125,26.725905324100353,316.0,86.15506867975934,104.0,1846.490634578272,126174,9,20.0,26.258974358974363,34.5,987.3423076923076,0.0,43.86282051282052,2.1743589743589737,18.0,False,False,False,False,False,True,False,False,False,False
1,2023_12,2023,124.7666,38.238055,57.840681,39.244727,96.741769987174,339.0,50.78889363925704,104.0,5236.951213719063,173298,9,1.0,19.25157894736842,88.67368421052632,961.5884210526316,0.0105263157894736,23.644210526315774,1.0652631578947365,1.0,False,False,False,False,True,False,False,False,False,False
16,2023_12,2023,123.574285,37.791105,57.91026,38.394772,101.27134102892974,338.0,53.632178993872024,104.0,5861.055721818441,177692,9,2.0,19.25157894736842,88.67368421052632,961.5884210526316,0.0105263157894736,23.644210526315774,1.0652631578947365,3.0,True,False,False,False,False,False,False,False,False,False
11,2023_12,2023,123.129071,37.620555,58.38959,38.001333,96.52667331718207,341.0,36.223314806897534,104.0,5110.471426535557,143003,9,3.0,19.25157894736842,88.67368421052632,961.5884210526316,0.0105263157894736,23.644210526315774,1.0652631578947365,2.0,False,False,False,False,True,False,False,False,False,False
44,2023_12,2023,122.0782,39.14735,57.28325,37.018434,105.84428293192722,334.0,51.35874780295473,104.0,5539.470523965608,169134,9,4.0,19.25157894736842,88.67368421052632,961.5884210526316,0.0105263157894736,23.644210526315774,1.0652631578947365,4.0,False,False,False,True,False,False,False,False,False,False
55,2023_12,2023,127.511117,38.104473,57.266739,37.192818,101.07985368866088,338.0,52.64776020141561,104.0,5779.05538929267,173104,9,5.0,19.25157894736842,88.67368421052632,961.5884210526316,0.0105263157894736,23.644210526315774,1.0652631578947365,19.0,True,False,False,False,False,False,False,False,False,False
81,2023_12,2023,122.806857,38.466736,57.071521,37.944318,101.28373948981046,327.0,41.19253242126265,104.0,5486.101277849033,139542,9,6.0,19.25157894736842,88.67368421052632,961.5884210526316,0.0105263157894736,23.644210526315774,1.0652631578947365,20.0,False,False,True,False,False,False,False,False,False,False
4,2023_12,2023,124.1066,38.164058,55.015619,35.2318,92.69312621728184,328.0,48.354947508431906,104.0,4884.748325495226,140932,9,7.0,19.25157894736842,88.67368421052632,961.5884210526316,0.0105263157894736,23.644210526315774,1.0652631578947365,7.0,False,False,True,False,False,False,False,False,False,False
63,2023_12,2023,123.09525,37.421842,56.668458,36.938217,105.73687710797589,332.0,59.349342074010735,104.0,5648.929789558691,181569,9,8.0,19.25157894736842,88.67368421052632,961.5884210526316,0.0105263157894736,23.644210526315774,1.0652631578947365,6.0,False,False,False,True,False,False,False,False,False,False
14,2023_12,2023,127.181066,38.662705,58.002909,37.453047,96.7726948838535,335.0,43.003087739299794,104.0,5125.563773692461,138598,9,9.0,19.25157894736842,88.67368421052632,961.5884210526316,0.0105263157894736,23.644210526315774,1.0652631578947365,5.0,False,False,False,False,False,False,False,False,False,True
18,2023_12,2023,127.793571,38.527941,57.451681,37.386714,96.91330578119803,331.0,43.73944230677878,104.0,5169.762196570234,139313,9,10.0,19.25157894736842,88.67368421052632,961.5884210526316,0.0105263157894736,23.644210526315774,1.0652631578947365,9.0,False,False,False,False,False,False,False,False,False,True
22,2023_12,2023,126.382333,35.601454,59.495133,42.335066,65.80290722530997,320.0,52.48396750748183,104.0,3552.9968647570186,134441,9,11.0,19.25157894736842,88.67368421052632,961.5884210526316,0.0105263157894736,23.644210526315774,1.0652631578947365,10.0,False,False,False,False,False,False,True,False,False,False
10,2023_12,2023,127.945416,38.374733,59.404235,39.320882,74.34535176476177,325.0,80.16963564676263,104.0,4166.721675929884,183748,9,12.0,19.25157894736842,88.67368421052632,961.5884210526316,0.0105263157894736,23.644210526315774,1.0652631578947365,11.0,False,False,False,False,False,False,False,False,True,False
20,2023_12,2023,126.691166,34.929307,59.557941,40.293941,74.58477031969977,322.0,72.03486770224693,104.0,4638.909980523491,182884,9,13.0,19.25157894736842,88.67368421052632,961.5884210526316,0.0105263157894736,23.644210526315774,1.0652631578947365,15.0,False,True,False,False,False,False,False,False,False,False
77,2023_12,2023,129.118416,38.8016,60.873117,36.495529,74.47793453992685,317.0,53.425300460785714,104.0,3949.766994442069,152279,9,14.0,19.25157894736842,88.67368421052632,961.5884210526316,0.0105263157894736,23.644210526315774,1.0652631578947365,12.0,False,False,False,False,False,False,False,True,False,False
31,2023_12,2023,128.673428,39.25809,61.791769,41.044153,56.159707377321745,318.0,81.27058097002518,104.0,3438.1872120089306,183745,9,15.0,19.25157894736842,88.67368421052632,961.5884210526316,0.0105263157894736,23.644210526315774,1.0652631578947365,8.0,False,False,False,False,False,False,False,False,True,False
23,2023_12,2023,127.1946,34.048,59.88125,37.826375,35.02536696593986,321.0,80.82285877155479,104.0,2278.3140943423114,181375,9,16.0,19.25157894736842,88.67368421052632,961.5884210526316,0.0105263157894736,23.644210526315774,1.0652631578947365,14.0,False,False,False,False,False,True,False,False,False,False
24,2023_12,2023,127.219,38.6045,61.162,43.756888,39.4792171393283,319.0,63.172960904470095,104.0,2137.4055864329484,152047,9,17.0,19.25157894736842,88.67368421052632,961.5884210526316,0.0105263157894736,23.644210526315774,1.0652631578947365,13.0,False,False,False,False,False,False,False,True,False,False
2,2023_12,2023,128.292,36.9116,61.228666,37.168333,27.81416559783383,322.0,70.57612464966034,104.0,1917.9433281079284,160983,21,18.0,19.25157894736842,88.67368421052632,961.5884210526316,0.0105263157894736,23.644210526315774,1.0652631578947365,17.0,False,False,False,False,False,True,False,False,False,False
3,2023_12,2023,130.6812,37.210166,61.87825,41.887375,35.09434231152915,316.0,62.7623390812788,104.0,2004.411144363688,138465,9,19.0,19.25157894736842,88.67368421052632,961.5884210526316,0.0105263157894736,23.644210526315774,1.0652631578947365,16.0,False,False,False,False,False,False,True,False,False,False
27,2023_12,2023,125.290666,34.103333,58.6228,40.6526,22.1682580399981,313.0,90.2646905135148,104.0,1627.7274713790318,180866,9,20.0,19.25157894736842,88.67368421052632,961.5884210526316,0.0105263157894736,23.644210526315774,1.0652631578947365,18.0,False,True,False,False,False,False,False,False,False,False
1,2023_13,2023,90.320166,30.96672,30.453068,28.689172,78.79449679943102,328.0,34.64900426742532,104.0,4678.232396870555,198432,9,1.0,17.963,77.91,1009.4049999999996,0.15,22.432,2.303,1.0,False,False,False,False,True,False,False,False,False,False
4,2023_13,2023,88.675708,30.4956,29.921344,28.565392,76.16531827880512,320.0,57.026449146514935,104.0,4887.0242709815075,180349,9,2.0,17.963,77.91,1009.4049999999996,0.15,22.432,2.303,7.0,False,False,True,False,False,False,False,False,False,False
63,2023_13,2023,90.10068,30.947296,30.1241,29.253433,80.89624822190612,320.0,63.08610419630156,104.0,4905.887624466572,200335,9,3.0,17.963,77.91,1009.4049999999996,0.15,22.432,2.303,17.0,False,False,False,True,False,False,False,False,False,False
23,2023_13,2023,91.643086,33.927703,31.983333,28.372724,80.79960881934566,322.0,56.03489509246088,104.0,5058.073257467994,197805,9,4.0,17.963,77.91,1009.4049999999996,0.15,22.432,2.303,8.0,False,False,False,False,False,True,False,False,False,False
14,2023_13,2023,92.097454,31.75932,30.023833,29.325629,75.92554231863443,323.0,57.59241642958748,104.0,4459.8258801564725,173619,9,5.0,17.963,77.91,1009.4049999999996,0.15,22.432,2.303,2.0,False,False,False,False,False,False,False,False,False,True
55,2023_13,2023,90.061416,31.409038,29.708774,29.298,83.42203058321479,329.0,44.307432432432435,104.0,5217.52667140825,197115,9,6.0,17.963,77.91,1009.4049999999996,0.15,22.432,2.303,5.0,True,False,False,False,False,False,False,False,False,False
11,2023_13,2023,87.74408,31.323535,30.265531,28.096966,83.33752667140826,327.0,29.659717283072546,104.0,4891.667096372688,186974,9,7.0,17.963,77.91,1009.4049999999996,0.15,22.432,2.303,4.0,False,False,False,False,True,False,False,False,False,False
81,2023_13,2023,92.361782,34.44184,29.917034,28.495857,78.91016180654339,321.0,53.90611664295875,104.0,4942.252267069702,176888,9,8.0,17.963,77.91,1009.4049999999996,0.15,22.432,2.303,9.0,False,False,True,False,False,False,False,False,False,False
16,2023_13,2023,92.66838,33.737739,29.563576,30.38536,67.58552631578948,330.0,52.080103129445234,104.0,4347.516847439545,200472,9,9.0,17.963,77.91,1009.4049999999996,0.15,22.432,2.303,19.0,True,False,False,False,False,False,False,False,False,False
2,2023_13,2023,94.264913,33.292666,30.172961,30.922846,68.55472083926031,325.0,25.20159139402561,104.0,4290.581258890469,198397,9,10.0,17.963,77.91,1009.4049999999996,0.15,22.432,2.303,20.0,False,False,False,False,False,True,False,False,False,False
18,2023_13,2023,91.8985,32.6366,30.868045,29.176136,55.72857396870555,304.0,64.79943100995733,104.0,3243.0649893314367,175648,9,11.0,17.963,77.91,1009.4049999999996,0.15,22.432,2.303,11.0,False,False,False,False,False,False,False,False,False,True
10,2023_13,2023,95.716631,34.525789,31.095714,31.029095,53.03929587482219,304.0,67.62726706970128,104.0,3223.1166874110954,178731,8,12.0,17.963,77.91,1009.4049999999996,0.15,22.432,2.303,3.0,False,False,False,False,False,False,False,False,True,False
44,2023_13,2023,90.722238,31.602619,30.066043,29.424913,58.11708748221906,301.0,75.86575391180655,104.0,3372.5718349928875,197553,9,13.0,17.963,77.91,1009.4049999999996,0.15,22.432,2.303,6.0,False,False,False,True,False,False,False,False,False,False
22,2023_13,2023,97.36795,36.5196,31.01809,30.362,55.669141180654336,303.0,67.23021870554766,104.0,3426.329036273115,180047,9,14.0,17.963,77.91,1009.4049999999996,0.15,22.432,2.303,15.0,False,False,False,False,False,False,True,False,False,False
27,2023_13,2023,88.273375,30.579937,30.19855,28.9523,50.8102773826458,300.0,78.59130512091038,104.0,3329.0930387624467,200381,9,15.0,17.963,77.91,1009.4049999999996,0.15,22.432,2.303,12.0,False,True,False,False,False,False,False,False,False,False
24,2023_13,2023,94.591545,35.113363,30.990916,28.957333,30.60281827880512,300.0,79.2386646514936,104.0,1824.2724484352773,185768,9,16.0,17.963,77.91,1009.4049999999996,0.15,22.432,2.303,18.0,False,False,False,False,False,False,False,True,False,False
31,2023_13,2023,91.152363,30.897272,31.436416,29.990166,30.240087126600283,306.0,88.60072901849217,104.0,2626.8636201991467,202464,9,17.0,17.963,77.91,1009.4049999999996,0.15,22.432,2.303,10.0,False,False,False,False,False,False,False,False,True,False
20,2023_13,2023,99.902,36.6131,33.537363,30.202727,29.75809032716927,305.0,83.23221906116643,104.0,1965.0793029871977,200142,9,18.0,17.963,77.91,1009.4049999999996,0.15,22.432,2.303,16.0,False,True,False,False,False,False,False,False,False,False
77,2023_13,2023,96.184363,35.72909,31.396,29.581583,30.39002489331437,300.0,79.35126244665719,104.0,1839.8376600284496,185796,9,19.0,17.963,77.91,1009.4049999999996,0.15,22.432,2.303,14.0,False,False,False,False,False,False,False,True,False,False
40,2023_13,2023,96.327636,34.709,31.510166,30.631583,30.345750355618776,304.0,78.83557076813656,104.0,1861.050897937411,185567,8,20.0,17.963,77.91,1009.4049999999996,0.15,22.432,2.303,13.0,False,False,False,False,False,False,True,False,False,False
55,2023_14,2023,104.1098,37.824866,32.8914,34.4666,88.60022981901753,352.0,49.735478310830224,104.0,5003.429416834243,139948,9,1.0,28.179746835443048,40.848101265822784,998.9898734177212,0.0,39.42658227848101,1.2088607594936709,3.0,True,False,False,False,False,False,False,False,False,False
1,2023_14,2023,99.6704,35.082375,33.528428,32.45535,92.90261419132432,345.0,41.31864406779661,104.0,4707.766503878196,138136,9,2.0,28.179746835443048,40.848101265822784,998.9898734177212,0.0,39.42658227848101,1.2088607594936709,1.0,False,False,False,False,True,False,False,False,False,False
16,2023_14,2023,98.257133,33.9785,32.828476,33.03505,92.7500143636886,350.0,47.18845159436943,104.0,5111.504740017236,137880,9,3.0,28.179746835443048,40.848101265822784,998.9898734177212,0.0,39.42658227848101,1.2088607594936709,4.0,True,False,False,False,False,False,False,False,False,False
63,2023_14,2023,97.728785,34.597933,32.796952,32.2941,93.1602413099684,341.0,49.05848893995978,104.0,4685.4274633725945,113988,9,4.0,28.179746835443048,40.848101265822784,998.9898734177212,0.0,39.42658227848101,1.2088607594936709,5.0,False,False,False,True,False,False,False,False,False,False
11,2023_14,2023,94.572285,31.3108,32.616333,32.9751,92.73473139902327,346.0,35.06210858948578,104.0,4635.4505601838555,130372,9,5.0,28.179746835443048,40.848101265822784,998.9898734177212,0.0,39.42658227848101,1.2088607594936709,2.0,False,False,False,False,True,False,False,False,False,False
23,2023_14,2023,94.130214,30.310933,32.755095,32.7632,92.5446136167768,349.0,67.97069807526573,104.0,4876.773915541511,141152,9,6.0,28.179746835443048,40.848101265822784,998.9898734177212,0.0,39.42658227848101,1.2088607594936709,7.0,False,False,False,False,False,True,False,False,False,False
81,2023_14,2023,93.998823,30.782444,32.09925,33.392391,106.63820741166332,344.0,46.74702671646079,104.0,5563.488422866993,113974,9,7.0,28.179746835443048,40.848101265822784,998.9898734177212,0.0,39.42658227848101,1.2088607594936709,12.0,False,False,True,False,False,False,False,False,False,False
44,2023_14,2023,94.238307,35.118066,32.694571,33.31105,93.12197644355072,342.0,67.80143636885953,104.0,4738.5938523412815,141426,9,8.0,28.179746835443048,40.848101265822784,998.9898734177212,0.0,39.42658227848101,1.2088607594936709,6.0,False,False,False,True,False,False,False,False,False,False
4,2023_14,2023,92.19875,30.371,32.196043,32.132318,102.15719620798622,348.0,69.68325193909796,104.0,5768.971215168055,142990,9,9.0,28.179746835443048,40.848101265822784,998.9898734177212,0.0,39.42658227848101,1.2088607594936709,8.0,False,False,True,False,False,False,False,False,False,False
14,2023_14,2023,96.71925,30.990076,32.554263,35.357777,83.8822177535191,347.0,49.94352197644355,104.0,4312.812352772192,109018,9,10.0,28.179746835443048,40.848101265822784,998.9898734177212,0.0,39.42658227848101,1.2088607594936709,9.0,False,False,False,False,False,False,False,False,False,True
22,2023_14,2023,94.0374,29.0266,32.665466,33.452066,66.26814133869577,347.0,53.846078713013505,104.0,3629.7611605860384,119134,9,11.0,28.179746835443048,40.848101265822784,998.9898734177212,0.0,39.42658227848101,1.2088607594936709,20.0,False,False,False,False,False,False,True,False,False,False
40,2023_14,2023,95.5611,29.8207,32.97,34.770133,66.43889686871589,351.0,53.093766159149666,104.0,3545.4945130709566,114882,9,12.0,28.179746835443048,40.848101265822784,998.9898734177212,0.0,39.42658227848101,1.2088607594936709,11.0,False,False,False,False,False,False,True,False,False,False
27,2023_14,2023,91.593083,29.625583,31.75825,32.879812,71.07164607871302,344.0,75.17460499856364,104.0,4090.618557885665,123196,9,13.0,28.179746835443048,40.848101265822784,998.9898734177212,0.0,39.42658227848101,1.2088607594936709,17.0,False,True,False,False,False,False,False,False,False,False
77,2023_14,2023,94.7024,29.9208,31.575428,32.958642,61.956908934214304,350.0,60.95191037058317,104.0,3163.0252800919275,112772,9,14.0,28.179746835443048,40.848101265822784,998.9898734177212,0.0,39.42658227848101,1.2088607594936709,10.0,False,False,False,False,False,False,False,True,False,False
2,2023_14,2023,95.376454,29.384818,32.363666,33.725533,66.20195346164896,348.0,78.1105429474289,104.0,3422.7793162884227,140726,9,15.0,28.179746835443048,40.848101265822784,998.9898734177212,0.0,39.42658227848101,1.2088607594936709,13.0,False,False,False,False,False,True,False,False,False,False
24,2023_14,2023,96.7635,32.072166,31.310375,33.353,35.441195058891125,350.0,71.34702671646079,104.0,1752.3837977592646,111950,9,16.0,28.179746835443048,40.848101265822784,998.9898734177212,0.0,39.42658227848101,1.2088607594936709,14.0,False,False,False,False,False,False,False,True,False,False
10,2023_14,2023,95.2152,30.7118,31.975285,33.362714,31.08641195058891,347.0,93.07991956334386,104.0,1878.4166618787704,140076,9,17.0,28.179746835443048,40.848101265822784,998.9898734177212,0.0,39.42658227848101,1.2088607594936709,15.0,False,False,False,False,False,False,False,False,True,False
31,2023_14,2023,94.699333,30.056333,31.579625,33.75775,34.988796322895716,347.0,86.16018385521402,104.0,2055.7755817293883,140370,9,18.0,28.179746835443048,40.848101265822784,998.9898734177212,0.0,39.42658227848101,1.2088607594936709,19.0,False,False,False,False,False,False,False,False,True,False
20,2023_14,2023,94.062333,30.853,32.832875,32.066,35.64378052283826,353.0,86.14966963516231,104.0,2211.576041367423,105333,9,19.0,28.179746835443048,40.848101265822784,998.9898734177212,0.0,39.42658227848101,1.2088607594936709,18.0,False,True,False,False,False,False,False,False,False,False
18,2023_14,2023,94.285,30.830285,32.188444,31.163333,39.653777650100544,344.0,68.74708417121516,104.0,1979.7403619649529,108162,9,20.0,28.179746835443048,40.848101265822784,998.9898734177212,0.0,39.42658227848101,1.2088607594936709,16.0,False,False,False,False,False,False,False,False,False,True
55,2023_15,2023,107.170833,32.636928,47.93185,38.480052,55.10259201875969,319.0,51.87119467358988,104.0,3915.7367363175745,195987,9,1.0,29.519090909090913,77.35454545454546,1009.78,0.0,34.15272727272727,1.7527272727272722,1.0,True,False,False,False,False,False,False,False,False,False
63,2023_15,2023,105.83825,32.567272,50.15847,39.292875,46.70064067668858,312.0,71.61923705037478,104.0,3172.0175453289226,199522,9,2.0,29.519090909090913,77.35454545454546,1009.78,0.0,34.15272727272727,1.7527272727272722,16.0,False,False,False,True,False,False,False,False,False,False
16,2023_15,2023,105.901666,33.359933,48.500428,39.0861,57.86625350697207,320.0,52.231983585277,104.0,4300.276286587664,196574,9,3.0,29.519090909090913,77.35454545454546,1009.78,0.0,34.15272727272727,1.7527272727272722,4.0,True,False,False,False,False,False,False,False,False,False
4,2023_15,2023,109.107,34.004142,50.16535,37.161105,54.97458230392362,317.0,62.27247602696705,104.0,4184.3550940077885,200085,9,4.0,29.519090909090913,77.35454545454546,1009.78,0.0,34.15272727272727,1.7527272727272722,2.0,False,False,True,False,False,False,False,False,False,False
44,2023_15,2023,107.758375,30.7416,47.356687,41.163933,43.92014572254093,314.0,76.28851388132826,104.0,2818.7946903396005,202037,9,5.0,29.519090909090913,77.35454545454546,1009.78,0.0,34.15272727272727,1.7527272727272722,3.0,False,False,False,True,False,False,False,False,False,False
20,2023_15,2023,111.779692,32.731666,49.185857,35.84965,58.000795611574055,317.0,63.73673631757464,104.0,4186.110255014447,200226,9,6.0,29.519090909090913,77.35454545454546,1009.78,0.0,34.15272727272727,1.7527272727272722,10.0,False,True,False,False,False,False,False,False,False,False
14,2023_15,2023,105.859555,30.422818,49.911176,40.5505,48.79276412210544,317.0,54.99196013567271,104.0,3159.644445374984,166882,9,7.0,29.519090909090913,77.35454545454546,1009.78,0.0,34.15272727272727,1.7527272727272722,15.0,False,False,False,False,False,False,False,False,False,True
31,2023_15,2023,109.879454,31.058833,49.283055,37.640764,49.62597881160755,312.0,54.73719693480172,104.0,3196.6071353795905,164450,9,8.0,29.519090909090913,77.35454545454546,1009.78,0.0,34.15272727272727,1.7527272727272722,18.0,False,False,False,False,False,False,False,False,True,False
27,2023_15,2023,109.821285,31.411933,48.717857,35.16155,57.982747791131025,318.0,60.57137473305138,104.0,4275.119425484695,201030,9,9.0,29.519090909090913,77.35454545454546,1009.78,0.0,34.15272727272727,1.7527272727272722,13.0,False,True,False,False,False,False,False,False,False,False
40,2023_15,2023,103.955636,34.997066,49.669809,40.11555,57.78325865751015,311.0,52.38880281395251,104.0,3856.8798626523176,179342,9,10.0,29.519090909090913,77.35454545454546,1009.78,0.0,34.15272727272727,1.7527272727272722,9.0,False,False,False,False,False,False,True,False,False,False
1,2023_15,2023,107.887222,32.7181,47.225142,38.873428,38.77182697541979,317.0,63.11314434068925,104.0,2582.2927013106655,198989,9,11.0,29.519090909090913,77.35454545454546,1009.78,0.0,34.15272727272727,1.7527272727272722,5.0,False,False,False,False,True,False,False,False,False,False
10,2023_15,2023,102.483,32.08025,51.054,42.47425,33.120221096269,313.0,59.69963569364767,104.0,2262.2438340103013,162273,9,12.0,29.519090909090913,77.35454545454546,1009.78,0.0,34.15272727272727,1.7527272727272722,6.0,False,False,False,False,False,False,False,False,True,False
11,2023_15,2023,115.435,35.345222,54.50923,43.554615,35.869938444788744,314.0,58.95423139734517,104.0,2517.069469452703,199287,9,13.0,29.519090909090913,77.35454545454546,1009.78,0.0,34.15272727272727,1.7527272727272722,8.0,False,False,False,False,True,False,False,False,False,False
23,2023_15,2023,111.56825,32.32975,48.192833,35.837583,33.09065784514886,317.0,78.41359239562833,104.0,2376.7426824672334,198735,9,14.0,29.519090909090913,77.35454545454546,1009.78,0.0,34.15272727272727,1.7527272727272722,11.0,False,False,False,False,False,True,False,False,False,False
22,2023_15,2023,116.5588,31.955666,53.1213,45.649,27.754407269377328,310.0,64.1714333570621,104.0,1951.6075122482307,164251,9,15.0,29.519090909090913,77.35454545454546,1009.78,0.0,34.15272727272727,1.7527272727272722,19.0,False,False,False,False,False,False,True,False,False,False
77,2023_15,2023,113.796333,32.265857,48.272444,43.368555,24.92713872953394,312.0,76.55123319793978,104.0,1623.7887023156484,186883,9,16.0,29.519090909090913,77.35454545454546,1009.78,0.0,34.15272727272727,1.7527272727272722,17.0,False,False,False,False,False,False,False,True,False,False
81,2023_15,2023,107.1816,36.285571,50.925555,38.470222,24.89460240358444,316.0,69.70826179808216,104.0,2498.8683053473474,120288,9,17.0,29.519090909090913,77.35454545454546,1009.78,0.0,34.15272727272727,1.7527272727272722,7.0,False,False,True,False,False,False,False,False,False,False
2,2023_15,2023,109.798,36.908285,47.653222,34.353222,24.775972530463548,315.0,80.32804321427076,104.0,2062.836145890038,142084,9,18.0,29.519090909090913,77.35454545454546,1009.78,0.0,34.15272727272727,1.7527272727272722,14.0,False,False,False,False,False,True,False,False,False,False
24,2023_15,2023,118.588428,33.941285,48.733666,37.004444,24.945270298563713,313.0,77.12440852560613,104.0,1598.9494996021942,187091,9,19.0,29.519090909090913,77.35454545454546,1009.78,0.0,34.15272727272727,1.7527272727272722,12.0,False,False,False,False,False,False,False,True,False,False
1,2023_16,2023,99.463714,36.37475,48.047583,21.565818,44.913984271967955,335.0,54.09993650173399,104.0,2416.2343086015726,146189,9,1.0,26.086956521739136,47.5,1009.3956521739128,0.0,36.55326086956522,3.529347826086956,1.0,False,False,False,False,True,False,False,False,False,False
81,2023_16,2023,103.645625,35.428375,48.364923,23.71923,52.81736921799443,332.0,51.732183851902505,104.0,3221.2799296634594,137031,9,2.0,26.086956521739136,47.5,1009.3956521739128,0.0,36.55326086956522,3.529347826086956,3.0,False,False,True,False,False,False,False,False,False,False
4,2023_16,2023,100.854285,36.221125,46.748818,22.529636,45.20295022712841,331.0,59.13915889219948,104.0,2892.443071362282,137382,9,3.0,26.086956521739136,47.5,1009.3956521739128,0.0,36.55326086956522,3.529347826086956,2.0,False,False,True,False,False,False,False,False,False,False
16,2023_16,2023,105.29825,36.571,47.567,23.773384,52.621452644947006,332.0,53.549601914716945,104.0,3107.64284667611,152803,9,4.0,26.086956521739136,47.5,1009.3956521739128,0.0,36.55326086956522,3.529347826086956,4.0,True,False,False,False,False,False,False,False,False,False
11,2023_16,2023,103.915545,36.955166,47.598888,22.446529,67.77106432862794,335.0,37.3556879792898,104.0,3629.105016363015,144344,9,5.0,26.086956521739136,47.5,1009.3956521739128,0.0,36.55326086956522,3.529347826086956,19.0,False,False,False,False,True,False,False,False,False,False
55,2023_16,2023,105.935125,37.415777,48.572846,22.816,52.52923362477409,332.0,53.8607434181605,104.0,3405.6593073804524,164747,9,6.0,26.086956521739136,47.5,1009.3956521739128,0.0,36.55326086956522,3.529347826086956,6.0,True,False,False,False,False,False,False,False,False,False
44,2023_16,2023,100.445181,35.19725,47.718888,21.634588,67.84096126605773,326.0,67.71953304352074,104.0,3829.266253113857,165611,9,7.0,26.086956521739136,47.5,1009.3956521739128,0.0,36.55326086956522,3.529347826086956,5.0,False,False,False,True,False,False,False,False,False,False
63,2023_16,2023,104.978555,38.4155,48.543266,21.881785,56.68451130757583,326.0,66.5370976407952,104.0,3439.0796170566114,158339,9,8.0,26.086956521739136,47.5,1009.3956521739128,0.0,36.55326086956522,3.529347826086956,7.0,False,False,False,True,False,False,False,False,False,False
22,2023_16,2023,104.117272,35.737583,47.508529,23.350882,67.83993552483759,328.0,51.14599716700044,104.0,3954.156108044742,137390,9,9.0,26.086956521739136,47.5,1009.3956521739128,0.0,36.55326086956522,3.529347826086956,12.0,False,False,False,False,False,False,True,False,False,False
14,2023_16,2023,104.120222,36.4374,48.229857,22.467642,56.40809847115713,330.0,55.536316123675086,104.0,3128.014311532262,137192,9,10.0,26.086956521739136,47.5,1009.3956521739128,0.0,36.55326086956522,3.529347826086956,8.0,False,False,False,False,False,False,False,False,False,True
40,2023_16,2023,103.3821,41.272545,47.301333,22.932066,60.789381136130515,329.0,57.59756752796366,104.0,3541.9596541786746,144377,9,11.0,26.086956521739136,47.5,1009.3956521739128,0.0,36.55326086956522,3.529347826086956,11.0,False,False,False,False,False,False,True,False,False,False
10,2023_16,2023,104.676428,38.942428,47.198727,22.054636,45.47623699506667,331.0,59.87681336394275,104.0,2780.0667220241294,136525,9,12.0,26.086956521739136,47.5,1009.3956521739128,0.0,36.55326086956522,3.529347826086956,10.0,False,False,False,False,False,False,False,False,True,False
23,2023_16,2023,101.403714,35.616428,47.234909,22.117181,45.59229228740292,334.0,80.28960093782054,104.0,2641.522248815513,168638,9,13.0,26.086956521739136,47.5,1009.3956521739128,0.0,36.55326086956522,3.529347826086956,16.0,False,False,False,False,False,True,False,False,False,False
31,2023_16,2023,103.803285,36.572375,48.496181,22.336363,45.40717041957701,333.0,60.1385727543594,104.0,2589.955795437894,137125,9,14.0,26.086956521739136,47.5,1009.3956521739128,0.0,36.55326086956522,3.529347826086956,9.0,False,False,False,False,False,False,False,False,True,False
20,2023_16,2023,100.1832,36.362666,47.425555,22.2555,34.14536218434035,335.0,86.30523128022273,104.0,2274.7480584184045,167998,9,15.0,26.086956521739136,47.5,1009.3956521739128,0.0,36.55326086956522,3.529347826086956,15.0,False,True,False,False,False,False,False,False,False,False
77,2023_16,2023,106.5515,35.762,49.7404,21.3365,19.063009817808823,329.0,74.02867190934401,104.0,1072.7666682948272,136032,9,16.0,26.086956521739136,47.5,1009.3956521739128,0.0,36.55326086956522,3.529347826086956,20.0,False,False,False,False,False,False,False,True,False,False
18,2023_16,2023,104.31475,35.39625,47.974,22.8685,26.60465002686465,325.0,74.30391247008255,104.0,1664.0078640160211,145072,9,17.0,26.086956521739136,47.5,1009.3956521739128,0.0,36.55326086956522,3.529347826086956,18.0,False,False,False,False,False,False,False,False,False,True
27,2023_16,2023,100.149,36.3215,47.919333,22.3794,22.74664191862453,333.0,92.08308503883164,104.0,1911.4223611585992,168048,9,18.0,26.086956521739136,47.5,1009.3956521739128,0.0,36.55326086956522,3.529347826086956,14.0,False,True,False,False,False,False,False,False,False,False
24,2023_16,2023,103.062333,37.017,48.2766,21.392,22.884872759243883,327.0,73.30738045230304,104.0,1240.2325990328725,136075,9,19.0,26.086956521739136,47.5,1009.3956521739128,0.0,36.55326086956522,3.529347826086956,13.0,False,False,False,False,False,False,False,True,False,False
1,2023_17,2023,99.07725,35.985461,32.804052,29.954444,78.4644898421142,322.0,40.009337332352445,104.0,4298.011035029143,120400,9,1.0,31.416867469879527,55.80722891566265,1006.467469879518,0.0,34.3855421686747,3.3240963855421684,1.0,False,False,False,False,True,False,False,False,False,False
63,2023_17,2023,104.2776,38.699866,32.947714,32.111523,86.6430309546715,321.0,59.72989644049573,104.0,5164.122856657801,138640,9,2.0,31.416867469879527,55.80722891566265,1006.467469879518,0.0,34.3855421686747,3.3240963855421684,4.0,False,False,False,True,False,False,False,False,False,False
44,2023_17,2023,100.763307,35.907571,32.8634,31.906421,82.04453624582649,319.0,46.205308131967634,104.0,4549.058287589836,116004,9,3.0,31.416867469879527,55.80722891566265,1006.467469879518,0.0,34.3855421686747,3.3240963855421684,19.0,False,False,False,True,False,False,False,False,False,False
14,2023_17,2023,102.204142,36.711,34.263285,31.5883,86.313677777149,329.0,48.32335464885971,104.0,4823.126478410956,116220,9,4.0,31.416867469879527,55.80722891566265,1006.467469879518,0.0,34.3855421686747,3.3240963855421684,6.0,False,False,False,False,False,False,False,False,False,True
16,2023_17,2023,99.6012,35.825761,33.689346,30.72136,106.9232075151378,342.0,49.77431950653613,104.0,6218.358553562333,129818,9,5.0,31.416867469879527,55.80722891566265,1006.467469879518,0.0,34.3855421686747,3.3240963855421684,5.0,True,False,False,False,False,False,False,False,False,False
81,2023_17,2023,98.5155,35.902411,33.091217,31.206409,94.6228283628544,321.0,42.05285496010413,104.0,5452.885575236262,116310,9,6.0,31.416867469879527,55.80722891566265,1006.467469879518,0.0,34.3855421686747,3.3240963855421684,2.0,False,False,True,False,False,False,False,False,False,False
10,2023_17,2023,99.02,36.84947,33.094304,31.121045,94.33382377907306,318.0,45.21419274517571,104.0,5398.121555090261,116458,9,7.0,31.416867469879527,55.80722891566265,1006.467469879518,0.0,34.3855421686747,3.3240963855421684,12.0,False,False,False,False,False,False,False,False,True,False
31,2023_17,2023,99.324294,36.6065,32.556083,31.233956,98.69831928017656,320.0,44.62497877879011,104.0,5445.003791522834,116730,9,8.0,31.416867469879527,55.80722891566265,1006.467469879518,0.0,34.3855421686747,3.3240963855421684,7.0,False,False,False,False,False,False,False,False,True,False
77,2023_17,2023,99.498153,36.051571,32.914095,32.21465,86.6308641276668,315.0,50.04255559956992,104.0,4848.927168807651,116670,9,9.0,31.416867469879527,55.80722891566265,1006.467469879518,0.0,34.3855421686747,3.3240963855421684,8.0,False,False,False,False,False,False,False,True,False,False
4,2023_17,2023,100.889866,35.620466,32.576523,32.442523,86.73583837926546,323.0,44.05687284251033,104.0,5133.710316337502,116654,9,10.0,31.416867469879527,55.80722891566265,1006.467469879518,0.0,34.3855421686747,3.3240963855421684,3.0,False,False,True,False,False,False,False,False,False,False
22,2023_17,2023,103.111583,37.593583,34.024562,33.280812,65.75768207798087,319.0,56.48157998981382,104.0,3687.350008488484,116566,9,11.0,31.416867469879527,55.80722891566265,1006.467469879518,0.0,34.3855421686747,3.3240963855421684,15.0,False,False,False,False,False,False,True,False,False,False
55,2023_17,2023,103.498266,38.457666,33.338555,31.471888,74.2061569803633,324.0,62.86639126252051,104.0,4586.669458434723,134708,9,12.0,31.416867469879527,55.80722891566265,1006.467469879518,0.0,34.3855421686747,3.3240963855421684,20.0,True,False,False,False,False,False,False,False,False,False
11,2023_17,2023,100.885666,37.422583,32.407437,30.41325,65.75587120140342,324.0,61.575236262803465,104.0,3617.62831758248,142976,9,13.0,31.416867469879527,55.80722891566265,1006.467469879518,0.0,34.3855421686747,3.3240963855421684,10.0,False,False,False,False,True,False,False,False,False,False
23,2023_17,2023,98.906181,35.762909,33.083266,31.676733,61.814498330598155,323.0,68.82491087091846,104.0,3732.279157942391,138626,9,14.0,31.416867469879527,55.80722891566265,1006.467469879518,0.0,34.3855421686747,3.3240963855421684,13.0,False,False,False,False,False,True,False,False,False,False
27,2023_17,2023,98.496625,34.950125,32.492916,33.15925,49.17746590458944,323.0,79.97787335181937,104.0,3481.295965140626,142420,9,15.0,31.416867469879527,55.80722891566265,1006.467469879518,0.0,34.3855421686747,3.3240963855421684,16.0,False,True,False,False,False,False,False,False,False,False
2,2023_17,2023,101.4225,36.223,32.852,33.3824,41.53505743874144,323.0,78.65242487691698,104.0,2763.9000622488825,142880,9,16.0,31.416867469879527,55.80722891566265,1006.467469879518,0.0,34.3855421686747,3.3240963855421684,18.0,False,False,False,False,False,True,False,False,False,False
18,2023_17,2023,100.458125,35.472625,34.4188,31.2727,41.06021164619999,326.0,86.01476996208477,104.0,2381.3816422386963,142378,9,17.0,31.416867469879527,55.80722891566265,1006.467469879518,0.0,34.3855421686747,3.3240963855421684,11.0,False,False,False,False,False,False,False,False,False,True
40,2023_17,2023,102.494375,38.1945,33.9206,31.7484,41.146171693735496,317.0,68.00333880368966,104.0,2297.538509422217,116482,9,18.0,31.416867469879527,55.80722891566265,1006.467469879518,0.0,34.3855421686747,3.3240963855421684,17.0,False,False,False,False,False,False,True,False,False,False
20,2023_17,2023,97.089166,36.515,32.233888,31.537666,37.133495557693394,318.0,86.00899779299417,104.0,3204.392620677947,142438,9,19.0,31.416867469879527,55.80722891566265,1006.467469879518,0.0,34.3855421686747,3.3240963855421684,14.0,False,True,False,False,False,False,False,False,False,False
24,2023_17,2023,99.7785,35.723833,33.782555,34.150222,37.09784392507498,326.0,70.09410899213401,104.0,2095.4113519325447,115890,9,20.0,31.416867469879527,55.80722891566265,1006.467469879518,0.0,34.3855421686747,3.3240963855421684,9.0,False,False,False,False,False,False,False,True,False,False
16,2023_18,2023,110.913866,30.567333,45.408142,38.462857,85.68359788359788,329.0,36.941019214703424,104.0,5290.669729880256,124672,9,1.0,35.460759493670885,12.531645569620252,993.1050632911388,0.0,41.36582278481012,1.4392405063291138,20.0,True,False,False,False,False,False,False,False,False,False
4,2023_18,2023,110.703142,30.457,45.08185,38.1998,81.7602896129212,326.0,53.36441102756892,104.0,5658.450403787246,146512,37,2.0,35.460759493670885,12.531645569620252,993.1050632911388,0.0,41.36582278481012,1.4392405063291138,2.0,False,False,True,False,False,False,False,False,False,False
44,2023_18,2023,107.218166,28.878083,44.727777,37.775611,73.56853244221665,322.0,56.89395711500975,104.0,4225.438373712058,138160,9,3.0,35.460759493670885,12.531645569620252,993.1050632911388,0.0,41.36582278481012,1.4392405063291138,19.0,False,False,False,True,False,False,False,False,False,False
55,2023_18,2023,110.886,30.62825,46.089277,37.6775,73.52258423837371,327.0,45.039598997493734,104.0,4785.783625730995,141219,9,4.0,35.460759493670885,12.531645569620252,993.1050632911388,0.0,41.36582278481012,1.4392405063291138,3.0,True,False,False,False,False,False,False,False,False,False
63,2023_18,2023,110.054363,31.065833,45.472166,38.945117,73.59326093010303,321.0,58.987580061264275,104.0,4710.349818991925,142978,9,5.0,35.460759493670885,12.531645569620252,993.1050632911388,0.0,41.36582278481012,1.4392405063291138,5.0,False,False,False,True,False,False,False,False,False,False
1,2023_18,2023,105.22325,28.843666,44.160333,36.114055,73.42016151489835,325.0,45.22606516290727,104.0,4267.189306599833,145848,9,6.0,35.460759493670885,12.531645569620252,993.1050632911388,0.0,41.36582278481012,1.4392405063291138,1.0,False,False,False,False,True,False,False,False,False,False
10,2023_18,2023,107.432545,29.725,45.058526,38.145222,77.44121414647731,325.0,40.15750487329435,104.0,4786.476970203286,120588,9,7.0,35.460759493670885,12.531645569620252,993.1050632911388,0.0,41.36582278481012,1.4392405063291138,6.0,False,False,False,False,False,False,False,False,True,False
31,2023_18,2023,108.134,31.429333,45.120333,37.9691,85.87691450849346,325.0,38.00813143971039,104.0,5183.470119743804,120606,9,8.0,35.460759493670885,12.531645569620252,993.1050632911388,0.0,41.36582278481012,1.4392405063291138,18.0,False,False,False,False,False,False,False,False,True,False
11,2023_18,2023,109.7088,29.682727,45.891705,39.534937,69.59203564466722,325.0,42.856697298802565,104.0,4246.337064884433,145388,9,9.0,35.460759493670885,12.531645569620252,993.1050632911388,0.0,41.36582278481012,1.4392405063291138,4.0,False,False,False,False,True,False,False,False,False,False
81,2023_18,2023,110.498,30.349142,44.8547,39.511368,81.62289055973267,326.0,38.50431634642161,104.0,4987.849011417433,120182,9,10.0,35.460759493670885,12.531645569620252,993.1050632911388,0.0,41.36582278481012,1.4392405063291138,17.0,False,False,True,False,False,False,False,False,False,False
22,2023_18,2023,108.133125,28.855,44.967833,38.958083,49.05697577276525,320.0,50.21436925647452,104.0,2963.6376496797548,107666,9,11.0,35.460759493670885,12.531645569620252,993.1050632911388,0.0,41.36582278481012,1.4392405063291138,8.0,False,False,False,False,False,False,True,False,False,False
24,2023_18,2023,112.334,30.306636,45.373666,39.1618,61.73957115009747,325.0,56.55249234196603,104.0,3457.9038707880813,120548,9,12.0,35.460759493670885,12.531645569620252,993.1050632911388,0.0,41.36582278481012,1.4392405063291138,13.0,False,False,False,False,False,False,False,True,False,False
77,2023_18,2023,112.756,31.03509,45.215,38.850066,61.51690336953495,327.0,54.414981899192426,104.0,3607.758563074352,119826,9,13.0,35.460759493670885,12.531645569620252,993.1050632911388,0.0,41.36582278481012,1.4392405063291138,12.0,False,False,False,False,False,False,False,True,False,False
20,2023_18,2023,107.076375,30.067375,44.411333,37.491583,49.02528543581175,333.0,65.31757170704539,104.0,3322.824895572264,132346,9,14.0,35.460759493670885,12.531645569620252,993.1050632911388,0.0,41.36582278481012,1.4392405063291138,14.0,False,True,False,False,False,False,False,False,False,False
3,2023_18,2023,107.993875,29.643875,44.752416,39.292,49.028292954608744,321.0,48.42099693678641,104.0,2995.5444722918405,109120,9,15.0,35.460759493670885,12.531645569620252,993.1050632911388,0.0,41.36582278481012,1.4392405063291138,15.0,False,False,False,False,False,False,True,False,False,False
27,2023_18,2023,106.18425,27.8985,43.730666,38.487833,24.478919521024785,329.0,83.19766081871344,104.0,2661.912559175717,142520,9,16.0,35.460759493670885,12.531645569620252,993.1050632911388,0.0,41.36582278481012,1.4392405063291138,11.0,False,True,False,False,False,False,False,False,False,False
14,2023_18,2023,113.688166,33.345,45.328625,37.78425,31.982846003898636,324.0,59.59181286549707,104.0,2044.012754107491,113088,9,17.0,35.460759493670885,12.531645569620252,993.1050632911388,0.0,41.36582278481012,1.4392405063291138,16.0,False,False,False,False,False,False,False,False,False,True
23,2023_18,2023,108.3495,30.06475,43.805333,37.962166,24.6197716513506,325.0,69.96324143692564,104.0,1796.1852408799778,127306,9,18.0,35.460759493670885,12.531645569620252,993.1050632911388,0.0,41.36582278481012,1.4392405063291138,9.0,False,False,False,False,False,True,False,False,False,False
18,2023_18,2023,108.402833,34.875428,43.600777,40.177333,36.810247841826786,323.0,61.24544695071011,104.0,2442.2087440824284,119276,9,19.0,35.460759493670885,12.531645569620252,993.1050632911388,0.0,41.36582278481012,1.4392405063291138,7.0,False,False,False,False,False,False,False,False,False,True
2,2023_18,2023,105.1434,27.6812,43.644,38.42375,32.774046226677804,325.0,77.90665552770815,104.0,2360.3451963241437,144654,9,20.0,35.460759493670885,12.531645569620252,993.1050632911388,0.0,41.36582278481012,1.4392405063291138,10.0,False,False,False,False,False,True,False,False,False,False
16,2023_19,2023,89.743636,31.04609,36.22447,25.724176,55.70440503432494,352.0,46.62620137299771,104.0,4013.5937643020593,140880,9,1.0,25.802564102564105,27.102564102564106,780.2602564102565,0.0,44.11153846153847,1.4089743589743589,3.0,True,False,False,False,False,False,False,False,False,False
55,2023_19,2023,91.005363,32.214727,36.271411,25.326058,55.72185354691076,350.0,47.32128146453089,104.0,3938.117276887872,140774,9,2.0,25.802564102564105,27.102564102564106,780.2602564102565,0.0,44.11153846153847,1.4089743589743589,4.0,True,False,False,False,False,False,False,False,False,False
1,2023_19,2023,89.0732,31.0701,35.562266,23.981466,49.45240274599542,351.0,32.80400457665904,104.0,2973.433752860412,120510,9,3.0,25.802564102564105,27.102564102564106,780.2602564102565,0.0,44.11153846153847,1.4089743589743589,1.0,False,False,False,False,True,False,False,False,False,False
3,2023_19,2023,89.599,30.9515,35.822866,25.424,49.15903890160183,355.0,37.69067505720824,104.0,3018.244393592677,106536,9,4.0,25.802564102564105,27.102564102564106,780.2602564102565,0.0,44.11153846153847,1.4089743589743589,7.0,False,False,False,False,False,False,True,False,False,False
11,2023_19,2023,89.679222,32.5425,35.166937,24.261133,52.812242562929065,351.0,23.754061784897026,104.0,3162.6021167048057,118192,9,5.0,25.802564102564105,27.102564102564106,780.2602564102565,0.0,44.11153846153847,1.4089743589743589,20.0,False,False,False,False,True,False,False,False,False,False
44,2023_19,2023,91.544454,31.08775,36.859388,25.243941,59.238443935926774,346.0,64.18009153318077,104.0,3805.209153318078,142624,9,6.0,25.802564102564105,27.102564102564106,780.2602564102565,0.0,44.11153846153847,1.4089743589743589,2.0,False,False,False,True,False,False,False,False,False,False
81,2023_19,2023,90.196416,31.195416,34.447055,25.000277,59.02871853546911,349.0,42.518764302059495,104.0,3871.9026887871855,110286,9,7.0,25.802564102564105,27.102564102564106,780.2602564102565,0.0,44.11153846153847,1.4089743589743589,8.0,False,False,True,False,False,False,False,False,False,False
63,2023_19,2023,91.31725,31.707846,37.363157,24.984222,62.6879290617849,346.0,63.182723112128144,104.0,4033.787643020595,141270,9,8.0,25.802564102564105,27.102564102564106,780.2602564102565,0.0,44.11153846153847,1.4089743589743589,6.0,False,False,False,True,False,False,False,False,False,False
77,2023_19,2023,91.447363,31.789636,35.739941,25.623176,55.72156750572083,350.0,44.39593821510297,104.0,3407.2770022883296,105934,9,9.0,25.802564102564105,27.102564102564106,780.2602564102565,0.0,44.11153846153847,1.4089743589743589,15.0,False,False,False,False,False,False,False,True,False,False
24,2023_19,2023,92.2186,31.6969,36.694933,26.5532,49.05337528604119,348.0,46.52282608695652,104.0,3028.129233409611,106012,9,10.0,25.802564102564105,27.102564102564106,780.2602564102565,0.0,44.11153846153847,1.4089743589743589,14.0,False,False,False,False,False,False,False,True,False,False
10,2023_19,2023,89.8702,31.0787,35.529733,24.8382,48.97734553775744,344.0,52.61287185354691,104.0,3397.595594965675,114836,9,11.0,25.802564102564105,27.102564102564106,780.2602564102565,0.0,44.11153846153847,1.4089743589743589,11.0,False,False,False,False,False,False,False,False,True,False
27,2023_19,2023,87.10725,30.313125,34.821416,23.92,40.17963386727689,353.0,50.64553775743707,104.0,2575.444508009153,104754,9,12.0,25.802564102564105,27.102564102564106,780.2602564102565,0.0,44.11153846153847,1.4089743589743589,13.0,False,True,False,False,False,False,False,False,False,False
14,2023_19,2023,98.7388,38.4482,35.798571,25.845857,46.14754004576659,346.0,52.01361556064073,104.0,2888.024027459954,114024,9,13.0,25.802564102564105,27.102564102564106,780.2602564102565,0.0,44.11153846153847,1.4089743589743589,18.0,False,False,False,False,False,False,False,False,False,True
23,2023_19,2023,88.2195,30.227375,35.941916,24.5265,39.23340961098398,348.0,71.86321510297483,104.0,2736.90795194508,141688,9,14.0,25.802564102564105,27.102564102564106,780.2602564102565,0.0,44.11153846153847,1.4089743589743589,9.0,False,False,False,False,False,True,False,False,False,False
22,2023_19,2023,93.313714,33.227857,35.933545,25.387545,36.126258581235696,343.0,59.6308352402746,104.0,2264.437471395881,109020,9,15.0,25.802564102564105,27.102564102564106,780.2602564102565,0.0,44.11153846153847,1.4089743589743589,12.0,False,False,False,False,False,False,True,False,False,False
31,2023_19,2023,91.38475,32.00375,36.731833,25.092833,19.65840961098398,344.0,59.475343249427915,104.0,1756.3295766590388,101046,9,16.0,25.802564102564105,27.102564102564106,780.2602564102565,0.0,44.11153846153847,1.4089743589743589,10.0,False,False,False,False,False,False,False,False,True,False
20,2023_19,2023,90.100833,32.890333,34.220333,24.505444,29.68867276887872,353.0,67.21510297482837,104.0,2929.6638443935926,117585,9,17.0,25.802564102564105,27.102564102564106,780.2602564102565,0.0,44.11153846153847,1.4089743589743589,19.0,False,True,False,False,False,False,False,False,False,False
18,2023_19,2023,89.588333,39.472714,35.820111,26.005222,29.729061784897024,348.0,59.47768878718536,104.0,2105.426315789474,113436,9,18.0,25.802564102564105,27.102564102564106,780.2602564102565,0.0,44.11153846153847,1.4089743589743589,17.0,False,False,False,False,False,False,False,False,False,True
4,2023_19,2023,94.91725,30.82425,34.559666,29.180333,19.83129290617849,348.0,66.96464530892449,104.0,1731.7176201372995,109594,9,19.0,25.802564102564105,27.102564102564106,780.2602564102565,0.0,44.11153846153847,1.4089743589743589,5.0,False,False,True,False,False,False,False,False,False,False
2,2023_19,2023,90.596,30.7255,36.103833,27.934666,19.99181922196796,348.0,83.34799771167049,104.0,1460.7759153318077,120871,9,20.0,25.802564102564105,27.102564102564106,780.2602564102565,0.0,44.11153846153847,1.4089743589743589,16.0,False,False,False,False,False,True,False,False,False,False
1,2023_20,2023,80.321166,20.4225,42.078111,19.097111,52.80709183673469,334.0,37.82117346938775,104.0,3074.0948979591835,148461,9,1.0,29.37906976744186,57.33720930232558,917.4872093023256,0.0232558139534883,38.333720930232566,2.409302325581395,1.0,False,False,False,False,True,False,False,False,False,False
16,2023_20,2023,85.702714,24.4315,42.150944,19.774388,52.87464285714286,334.0,37.30326530612245,104.0,3560.5578571428573,124407,9,2.0,29.37906976744186,57.33720930232558,917.4872093023256,0.0232558139534883,38.333720930232566,2.409302325581395,20.0,True,False,False,False,False,False,False,False,False,False
18,2023_20,2023,81.3615,20.0968,42.530937,20.6615,47.00607142857143,331.0,38.805510204081635,104.0,3024.9128571428573,108572,9,3.0,29.37906976744186,57.33720930232558,917.4872093023256,0.0232558139534883,38.333720930232566,2.409302325581395,5.0,False,False,False,False,False,False,False,False,False,True
14,2023_20,2023,85.287666,22.040333,43.466777,20.251444,52.7169387755102,330.0,38.460306122448976,104.0,3295.354336734694,108874,9,4.0,29.37906976744186,57.33720930232558,917.4872093023256,0.0232558139534883,38.333720930232566,2.409302325581395,3.0,False,False,False,False,False,False,False,False,False,True
44,2023_20,2023,87.086312,25.672437,42.651095,19.740476,62.237295918367344,328.0,63.93872448979592,104.0,3695.2780612244896,157576,9,5.0,29.37906976744186,57.33720930232558,917.4872093023256,0.0232558139534883,38.333720930232566,2.409302325581395,8.0,False,False,False,True,False,False,False,False,False,False
63,2023_20,2023,88.436,24.99975,43.896,20.047,62.02239795918367,328.0,33.22408163265306,104.0,3805.603469387755,104222,9,6.0,29.37906976744186,57.33720930232558,917.4872093023256,0.0232558139534883,38.333720930232566,2.409302325581395,15.0,False,False,False,True,False,False,False,False,False,False
4,2023_20,2023,82.975,21.030875,42.720153,20.799307,38.21433673469388,332.0,71.02974489795919,104.0,3150.6435714285712,158592,9,7.0,29.37906976744186,57.33720930232558,917.4872093023256,0.0232558139534883,38.333720930232566,2.409302325581395,2.0,False,False,True,False,False,False,False,False,False,False
55,2023_20,2023,89.776866,26.3938,43.67465,20.17055,58.815816326530616,334.0,49.34505102040816,104.0,3936.1652551020406,117559,9,8.0,29.37906976744186,57.33720930232558,917.4872093023256,0.0232558139534883,38.333720930232566,2.409302325581395,6.0,True,False,False,False,False,False,False,False,False,False
11,2023_20,2023,83.036727,20.380727,42.275117,20.551823,50.13510204081633,335.0,17.823265306122448,104.0,2969.047959183674,111091,9,9.0,29.37906976744186,57.33720930232558,917.4872093023256,0.0232558139534883,38.333720930232566,2.409302325581395,4.0,False,False,False,False,True,False,False,False,False,False
81,2023_20,2023,88.413666,20.726,45.014666,21.6116,43.92229591836735,332.0,47.818418367346936,104.0,3069.9147959183674,123586,9,10.0,29.37906976744186,57.33720930232558,917.4872093023256,0.0232558139534883,38.333720930232566,2.409302325581395,14.0,False,False,True,False,False,False,False,False,False,False
27,2023_20,2023,81.5522,20.2377,42.047533,19.758,44.30591836734694,335.0,69.88688775510204,104.0,3368.849642857143,154502,9,11.0,29.37906976744186,57.33720930232558,917.4872093023256,0.0232558139534883,38.333720930232566,2.409302325581395,12.0,False,True,False,False,False,False,False,False,False,False
31,2023_20,2023,82.3116,20.4865,43.374866,20.521133,44.107091836734696,339.0,38.851020408163265,104.0,2760.678724489796,101128,9,12.0,29.37906976744186,57.33720930232558,917.4872093023256,0.0232558139534883,38.333720930232566,2.409302325581395,10.0,False,False,False,False,False,False,False,False,True,False
10,2023_20,2023,83.685111,20.160777,44.857142,20.222571,41.36316326530612,340.0,35.35275510204082,104.0,2807.3260714285716,101450,9,13.0,29.37906976744186,57.33720930232558,917.4872093023256,0.0232558139534883,38.333720930232566,2.409302325581395,7.0,False,False,False,False,False,False,False,False,True,False
20,2023_20,2023,81.4411,20.7445,42.453066,19.078333,44.056581632653064,336.0,69.4859693877551,104.0,3158.659132653061,146006,9,14.0,29.37906976744186,57.33720930232558,917.4872093023256,0.0232558139534883,38.333720930232566,2.409302325581395,18.0,False,True,False,False,False,False,False,False,False,False
23,2023_20,2023,86.12209,23.636454,44.061733,19.458933,44.452551020408166,332.0,64.71260204081632,104.0,2983.1327040816327,149210,9,15.0,29.37906976744186,57.33720930232558,917.4872093023256,0.0232558139534883,38.333720930232566,2.409302325581395,19.0,False,False,False,False,False,True,False,False,False,False
22,2023_20,2023,80.737833,20.12,43.401888,20.264222,26.57392857142857,336.0,49.297091836734694,104.0,1595.007551020408,100222,9,16.0,29.37906976744186,57.33720930232558,917.4872093023256,0.0232558139534883,38.333720930232566,2.409302325581395,9.0,False,False,False,False,False,False,True,False,False,False
3,2023_20,2023,83.11325,20.7995,44.133166,20.2085,17.651122448979592,334.0,47.839642857142856,104.0,1086.5911224489796,99982,9,17.0,29.37906976744186,57.33720930232558,917.4872093023256,0.0232558139534883,38.333720930232566,2.409302325581395,13.0,False,False,False,False,False,False,True,False,False,False
77,2023_20,2023,85.342428,22.360714,44.223666,19.276444,26.540357142857143,329.0,57.06602040816327,104.0,1622.5901020408164,107696,9,18.0,29.37906976744186,57.33720930232558,917.4872093023256,0.0232558139534883,38.333720930232566,2.409302325581395,16.0,False,False,False,False,False,False,False,True,False,False
2,2023_20,2023,87.981714,24.885857,43.641333,19.998777,26.201785714285716,331.0,85.49785714285714,104.0,1647.7935204081632,157800,9,19.0,29.37906976744186,57.33720930232558,917.4872093023256,0.0232558139534883,38.333720930232566,2.409302325581395,11.0,False,False,False,False,False,True,False,False,False,False
24,2023_20,2023,85.85,21.810571,45.337555,19.404,26.634948979591837,329.0,57.18515306122449,104.0,1571.766581632653,107806,9,20.0,29.37906976744186,57.33720930232558,917.4872093023256,0.0232558139534883,38.333720930232566,2.409302325581395,17.0,False,False,False,False,False,False,False,True,False,False
16,2023_21,2023,111.732789,32.534315,35.768304,43.159478,108.66446373564828,350.0,57.7008681041725,104.0,5922.571828619434,135702,9,1.0,15.127848101265824,61.063291139240505,942.2240506329111,0.0,16.88101265822785,0.7721518987341772,2.0,True,False,False,False,False,False,False,False,False,False
55,2023_21,2023,111.272722,34.402263,36.923565,42.76926,107.97821338560628,352.0,51.02957154858583,104.0,5886.900756090731,136248,9,2.0,15.127848101265824,61.063291139240505,942.2240506329111,0.0,16.88101265822785,0.7721518987341772,6.0,True,False,False,False,False,False,False,False,False,False
1,2023_21,2023,113.4696,32.389066,35.182421,44.713947,88.85891907028844,349.0,54.221562587510505,104.0,4538.231867824139,138184,9,3.0,15.127848101265824,61.063291139240505,942.2240506329111,0.0,16.88101265822785,0.7721518987341772,1.0,False,False,False,False,True,False,False,False,False,False
63,2023_21,2023,112.585444,32.637947,38.355818,42.10919,103.42100252030244,350.0,60.73671240548866,104.0,5530.4702884346125,133012,9,4.0,15.127848101265824,61.063291139240505,942.2240506329111,0.0,16.88101265822785,0.7721518987341772,8.0,False,False,False,True,False,False,False,False,False,False
10,2023_21,2023,106.146,30.218894,34.6626,41.703291,116.8500140016802,353.0,71.32080649677961,104.0,5987.159731167741,144840,9,5.0,15.127848101265824,61.063291139240505,942.2240506329111,0.0,16.88101265822785,0.7721518987341772,11.0,False,False,False,False,False,False,False,False,True,False
23,2023_21,2023,109.919733,32.114125,37.708714,40.8613,98.89694763371604,352.0,55.10764491739009,104.0,5324.592719126295,134334,9,6.0,15.127848101265824,61.063291139240505,942.2240506329111,0.0,16.88101265822785,0.7721518987341772,12.0,False,False,False,False,False,True,False,False,False,False
2,2023_21,2023,106.378437,34.416722,36.313826,40.703363,107.58655838700643,350.0,65.05819098291795,104.0,5551.978213385606,147070,9,7.0,15.127848101265824,61.063291139240505,942.2240506329111,0.0,16.88101265822785,0.7721518987341772,16.0,False,False,False,False,False,True,False,False,False,False
77,2023_21,2023,111.131642,33.217533,36.542526,42.964333,88.83802856342761,353.0,57.21024922990759,104.0,4441.220890506861,119710,9,8.0,15.127848101265824,61.063291139240505,942.2240506329111,0.0,16.88101265822785,0.7721518987341772,17.0,False,False,False,False,False,False,False,True,False,False
20,2023_21,2023,106.012687,30.315529,34.872913,41.559136,107.87885746289555,347.0,71.30288434612153,104.0,5759.804480537665,145034,9,9.0,15.127848101265824,61.063291139240505,942.2240506329111,0.0,16.88101265822785,0.7721518987341772,13.0,False,True,False,False,False,False,False,False,False,False
14,2023_21,2023,107.370777,30.112526,35.780208,42.112391,112.59339120694484,349.0,47.20459255110613,104.0,5558.3744049285915,113466,9,10.0,15.127848101265824,61.063291139240505,942.2240506329111,0.0,16.88101265822785,0.7721518987341772,9.0,False,False,False,False,False,False,False,False,False,True
44,2023_21,2023,111.696538,32.646307,38.237,41.299666,70.44911789414729,348.0,70.85539064687762,104.0,3640.21741809017,134836,9,11.0,15.127848101265824,61.063291139240505,942.2240506329111,0.0,16.88101265822785,0.7721518987341772,7.0,False,False,False,True,False,False,False,False,False,False
11,2023_21,2023,113.133909,32.801272,36.119714,44.300357,66.14897787734529,349.0,58.22061047325679,104.0,3356.7011481377767,123448,9,12.0,15.127848101265824,61.063291139240505,942.2240506329111,0.0,16.88101265822785,0.7721518987341772,3.0,False,False,False,False,True,False,False,False,False,False
27,2023_21,2023,107.599461,30.764923,35.317705,41.495294,79.408681041725,348.0,80.05382245869504,104.0,4254.668440212826,145458,9,13.0,15.127848101265824,61.063291139240505,942.2240506329111,0.0,16.88101265822785,0.7721518987341772,19.0,False,True,False,False,False,False,False,False,False,False
18,2023_21,2023,106.393733,30.3198,34.202055,42.191166,84.11884626155138,344.0,57.198319798375806,104.0,4151.03612433492,114934,9,14.0,15.127848101265824,61.063291139240505,942.2240506329111,0.0,16.88101265822785,0.7721518987341772,5.0,False,False,False,False,False,False,False,False,False,True
3,2023_21,2023,108.948,29.770785,35.443222,44.030944,84.58291795015401,348.0,56.85807896947634,104.0,4515.836516381966,120674,9,15.0,15.127848101265824,61.063291139240505,942.2240506329111,0.0,16.88101265822785,0.7721518987341772,14.0,False,False,False,False,False,False,True,False,False,False
4,2023_21,2023,109.927375,30.657625,37.184888,42.530111,41.96970036404368,342.0,67.25438252590311,104.0,2705.9046205544664,103029,9,16.0,15.127848101265824,61.063291139240505,942.2240506329111,0.0,16.88101265822785,0.7721518987341772,20.0,False,False,True,False,False,False,False,False,False,False
31,2023_21,2023,106.889125,30.403625,34.3565,41.8668,46.52175861103333,352.0,88.09969196303557,104.0,2600.169588350602,143852,9,17.0,15.127848101265824,61.063291139240505,942.2240506329111,0.0,16.88101265822785,0.7721518987341772,4.0,False,False,False,False,False,False,False,False,True,False
24,2023_21,2023,110.515125,31.970625,36.4664,42.2138,46.48395407448894,355.0,70.90137216465976,104.0,2308.8031363763653,118636,9,18.0,15.127848101265824,61.063291139240505,942.2240506329111,0.0,16.88101265822785,0.7721518987341772,15.0,False,False,False,False,False,False,False,True,False,False
81,2023_21,2023,110.855888,32.014111,37.7445,40.9673,46.45852702324279,344.0,64.42867544105293,104.0,2694.746177541305,84569,9,19.0,15.127848101265824,61.063291139240505,942.2240506329111,0.0,16.88101265822785,0.7721518987341772,10.0,False,False,True,False,False,False,False,False,False,False
22,2023_21,2023,113.680142,32.978857,37.669888,42.852555,42.026939232707925,349.0,69.87432091851022,104.0,2297.4100252030244,117614,9,20.0,15.127848101265824,61.063291139240505,942.2240506329111,0.0,16.88101265822785,0.7721518987341772,18.0,False,False,False,False,False,False,True,False,False,False
1,2023_22,2023,97.002,19.4921,42.900533,38.002133,60.228660790446405,333.0,38.57213534262155,104.0,3391.302587432471,135150,9,1.0,26.73333333333333,66.3076923076923,1014.4371794871792,0.0,31.84615384615385,1.5102564102564102,1.0,False,False,False,False,True,False,False,False,False,False
16,2023_22,2023,96.173583,19.39775,42.261222,37.968,72.39903326698891,332.0,54.81495592834803,104.0,4655.561387546204,142476,9,2.0,26.73333333333333,66.3076923076923,1014.4371794871792,0.0,31.84615384615385,1.5102564102564102,2.0,True,False,False,False,False,False,False,False,False,False
81,2023_22,2023,96.655727,19.16909,42.799117,38.544882,68.49223770258743,328.0,52.66624964458345,104.0,3984.38311060563,125710,9,3.0,26.73333333333333,66.3076923076923,1014.4371794871792,0.0,31.84615384615385,1.5102564102564102,6.0,False,False,True,False,False,False,False,False,False,False
63,2023_22,2023,99.498666,21.152083,42.123444,39.142944,72.253738982087,327.0,72.56798407733864,104.0,5386.23030992323,145476,9,4.0,26.73333333333333,66.3076923076923,1014.4371794871792,0.0,31.84615384615385,1.5102564102564102,3.0,False,False,False,True,False,False,False,False,False,False
4,2023_22,2023,97.3945,19.3579,43.516125,37.705625,64.12050042649986,325.0,53.79220926926358,104.0,3908.5930622689793,124338,9,5.0,26.73333333333333,66.3076923076923,1014.4371794871792,0.0,31.84615384615385,1.5102564102564102,5.0,False,False,True,False,False,False,False,False,False,False
22,2023_22,2023,96.722416,19.4065,43.061833,37.429222,72.27841910719363,324.0,43.12868922377026,104.0,4292.501450099517,108858,9,6.0,26.73333333333333,66.3076923076923,1014.4371794871792,0.0,31.84615384615385,1.5102564102564102,8.0,False,False,False,False,False,False,True,False,False,False
14,2023_22,2023,98.00325,19.88925,43.210055,38.379,72.23093545635484,326.0,41.10463463178846,104.0,4208.335740688087,110378,9,7.0,26.73333333333333,66.3076923076923,1014.4371794871792,0.0,31.84615384615385,1.5102564102564102,7.0,False,False,False,False,False,False,False,False,False,True
27,2023_22,2023,94.453916,18.357833,42.396666,37.6955,72.58993460335513,331.0,67.52948535683821,104.0,4416.534603355132,140800,9,8.0,26.73333333333333,66.3076923076923,1014.4371794871792,0.0,31.84615384615385,1.5102564102564102,15.0,False,True,False,False,False,False,False,False,False,False
11,2023_22,2023,97.910636,19.18109,42.944294,38.690764,68.38635200454934,333.0,27.1243104918965,104.0,3993.403298265567,123232,9,9.0,26.73333333333333,66.3076923076923,1014.4371794871792,0.0,31.84615384615385,1.5102564102564102,4.0,False,False,False,False,True,False,False,False,False,False
10,2023_22,2023,95.70209,19.37325,43.050777,38.36647,72.1468296843901,329.0,47.22615865794712,104.0,4181.572817742394,108716,9,10.0,26.73333333333333,66.3076923076923,1014.4371794871792,0.0,31.84615384615385,1.5102564102564102,13.0,False,False,False,False,False,False,False,False,True,False
44,2023_22,2023,96.82925,19.90425,43.613916,37.267416,48.29559283480239,328.0,80.37731020756327,104.0,2741.5425078191643,143200,9,11.0,26.73333333333333,66.3076923076923,1014.4371794871792,0.0,31.84615384615385,1.5102564102564102,9.0,False,False,False,True,False,False,False,False,False,False
31,2023_22,2023,97.801125,19.065875,42.9065,38.6195,48.335285754904746,330.0,51.214899061700315,104.0,3056.921069092977,108650,9,12.0,26.73333333333333,66.3076923076923,1014.4371794871792,0.0,31.84615384615385,1.5102564102564102,12.0,False,False,False,False,False,False,False,False,True,False
18,2023_22,2023,97.876,19.434,41.83075,40.075083,48.18146147284617,327.0,41.8348023883992,104.0,2832.12323002559,109674,9,13.0,26.73333333333333,66.3076923076923,1014.4371794871792,0.0,31.84615384615385,1.5102564102564102,10.0,False,False,False,False,False,False,False,False,False,True
23,2023_22,2023,96.554375,19.356,41.74225,38.374666,48.33340915553028,335.0,82.77253340915553,104.0,2710.028092123969,143164,9,14.0,26.73333333333333,66.3076923076923,1014.4371794871792,0.0,31.84615384615385,1.5102564102564102,14.0,False,False,False,False,False,True,False,False,False,False
3,2023_22,2023,98.179125,19.73325,43.719583,38.42275,48.54648848450384,326.0,49.522035825988056,104.0,2832.2568097810636,109054,9,15.0,26.73333333333333,66.3076923076923,1014.4371794871792,0.0,31.84615384615385,1.5102564102564102,11.0,False,False,False,False,False,False,True,False,False,False
55,2023_22,2023,98.47725,19.24275,43.062833,40.2255,23.941711686096102,330.0,75.32715382428206,104.0,2883.2626101791298,141594,9,16.0,26.73333333333333,66.3076923076923,1014.4371794871792,0.0,31.84615384615385,1.5102564102564102,18.0,True,False,False,False,False,False,False,False,False,False
20,2023_22,2023,93.41875,18.49925,42.291666,37.153,24.318112027295992,330.0,90.36701734432756,104.0,2259.5749218083592,128555,9,17.0,26.73333333333333,66.3076923076923,1014.4371794871792,0.0,31.84615384615385,1.5102564102564102,20.0,False,True,False,False,False,False,False,False,False,False
77,2023_22,2023,97.6675,19.5865,42.538666,38.911666,24.184475405174865,329.0,66.85874324708558,104.0,1392.5915837361388,107868,9,18.0,26.73333333333333,66.3076923076923,1014.4371794871792,0.0,31.84615384615385,1.5102564102564102,19.0,False,False,False,False,False,False,False,True,False,False
24,2023_22,2023,97.89675,19.60925,42.091333,39.599166,24.106624964458344,327.0,67.67750924083025,104.0,1371.1865226044924,108126,9,19.0,26.73333333333333,66.3076923076923,1014.4371794871792,0.0,31.84615384615385,1.5102564102564102,17.0,False,False,False,False,False,False,False,True,False,False
2,2023_22,2023,97.58175,20.809,40.4415,38.669833,24.220130793289737,332.0,90.55422234859256,104.0,1719.16025021325,117013,9,20.0,26.73333333333333,66.3076923076923,1014.4371794871792,0.0,31.84615384615385,1.5102564102564102,16.0,False,False,False,False,False,True,False,False,False,False
1,2024_1,2024,102.439454,31.581,44.400588,27.711705,71.20594613102031,331.0,28.595982652362473,104.0,4177.40555809176,118054,9,1.0,18.049350649350657,46.94805194805195,1019.0649350649352,0.0,21.51428571428572,1.9948051948051948,1.0,False,False,False,False,True,False,False,False,False,False
16,2024_1,2024,101.9155,32.564666,44.48221,26.732473,79.69887012097695,319.0,57.30044510385757,104.0,5150.52162748231,144082,9,2.0,18.049350649350657,46.94805194805195,1019.0649350649352,0.0,21.51428571428572,1.9948051948051948,4.0,True,False,False,False,False,False,False,False,False,False
63,2024_1,2024,108.45409,33.839636,47.908117,26.793705,71.094384843643,317.0,60.973008445560374,104.0,4597.386213193335,143606,9,3.0,18.049350649350657,46.94805194805195,1019.0649350649352,0.0,21.51428571428572,1.9948051948051948,5.0,False,False,False,True,False,False,False,False,False,False
55,2024_1,2024,100.434363,33.2295,45.0495,25.883882,75.71673133987674,323.0,52.863672677470895,104.0,4709.854199954349,143764,9,4.0,18.049350649350657,46.94805194805195,1019.0649350649352,0.0,21.51428571428572,1.9948051948051948,3.0,True,False,False,False,False,False,False,False,False,False
11,2024_1,2024,103.3645,32.289272,46.086352,26.84375,71.24726089933804,322.0,43.287947957087425,104.0,4062.618294909838,144421,9,5.0,18.049350649350657,46.94805194805195,1019.0649350649352,0.0,21.51428571428572,1.9948051948051948,2.0,False,False,False,False,True,False,False,False,False,False
14,2024_1,2024,107.380777,33.367666,46.434214,27.525071,58.7204405386898,320.0,47.53321159552613,104.0,3455.0095297877197,109586,9,6.0,18.049350649350657,46.94805194805195,1019.0649350649352,0.0,21.51428571428572,1.9948051948051948,9.0,False,False,False,False,False,False,False,False,False,True
4,2024_1,2024,101.4615,32.586,45.0674,26.950928,62.993095183748,315.0,70.96273681807807,104.0,4080.876512211824,143456,9,7.0,18.049350649350657,46.94805194805195,1019.0649350649352,0.0,21.51428571428572,1.9948051948051948,6.0,False,False,True,False,False,False,False,False,False,False
81,2024_1,2024,101.27109,33.243666,43.968,26.589647,75.2976489385985,316.0,70.87017804154303,104.0,4436.669481853458,143710,9,8.0,18.049350649350657,46.94805194805195,1019.0649350649352,0.0,21.51428571428572,1.9948051948051948,8.0,False,False,True,False,False,False,False,False,False,False
44,2024_1,2024,100.352818,31.75225,45.338055,25.883705,75.32058890664231,317.0,63.25199726089934,104.0,4471.585825154074,143774,9,9.0,18.049350649350657,46.94805194805195,1019.0649350649352,0.0,21.51428571428572,1.9948051948051948,7.0,False,False,False,True,False,False,False,False,False,False
27,2024_1,2024,99.931545,32.21125,44.413611,25.979352,75.01255421136727,321.0,71.27185574069847,104.0,4618.569390550103,144468,9,10.0,18.049350649350657,46.94805194805195,1019.0649350649352,0.0,21.51428571428572,1.9948051948051948,16.0,False,True,False,False,False,False,False,False,False,False
22,2024_1,2024,100.862875,31.434625,44.662,25.883333,50.18306322757361,317.0,52.2149623373659,104.0,3017.011926500799,108478,9,11.0,18.049350649350657,46.94805194805195,1019.0649350649352,0.0,21.51428571428572,1.9948051948051948,14.0,False,False,False,False,False,False,True,False,False,False
18,2024_1,2024,102.52675,32.776375,42.39075,28.373833,50.11355854827665,319.0,80.06105911892261,104.0,3093.425530700754,143228,9,12.0,18.049350649350657,46.94805194805195,1019.0649350649352,0.0,21.51428571428572,1.9948051948051948,10.0,False,False,False,False,False,False,False,False,False,True
23,2024_1,2024,104.6405,34.50925,45.029333,25.498416,50.5109564026478,323.0,76.75028532298562,104.0,3126.090618580233,142638,9,13.0,18.049350649350657,46.94805194805195,1019.0649350649352,0.0,21.51428571428572,1.9948051948051948,15.0,False,False,False,False,False,True,False,False,False,False
3,2024_1,2024,101.469375,32.074625,44.035833,26.65675,50.057349920109566,317.0,51.59404245606026,104.0,2941.5873088336,109526,9,14.0,18.049350649350657,46.94805194805195,1019.0649350649352,0.0,21.51428571428572,1.9948051948051948,13.0,False,False,False,False,False,False,True,False,False,False
20,2024_1,2024,100.719625,33.064625,44.164916,26.342333,50.17884044738644,321.0,79.44909837936544,104.0,3652.680894772883,142380,9,15.0,18.049350649350657,46.94805194805195,1019.0649350649352,0.0,21.51428571428572,1.9948051948051948,12.0,False,True,False,False,False,False,False,False,False,False
77,2024_1,2024,105.14725,33.62425,44.8915,26.743166,25.273054097238074,320.0,67.7809860762383,104.0,1437.1652020086738,107644,9,16.0,18.049350649350657,46.94805194805195,1019.0649350649352,0.0,21.51428571428572,1.9948051948051948,19.0,False,False,False,False,False,False,False,True,False,False
24,2024_1,2024,102.071,32.76975,44.9935,26.3595,25.20172335083314,315.0,69.06796393517462,104.0,1415.4703264094956,107554,9,17.0,18.049350649350657,46.94805194805195,1019.0649350649352,0.0,21.51428571428572,1.9948051948051948,11.0,False,False,False,False,False,False,False,True,False,False
2,2024_1,2024,104.09,34.562,43.933666,26.821166,25.347295138096325,322.0,83.58856425473635,104.0,1935.7860077607852,138230,9,18.0,18.049350649350657,46.94805194805195,1019.0649350649352,0.0,21.51428571428572,1.9948051948051948,20.0,False,False,False,False,False,True,False,False,False,False
31,2024_1,2024,104.579833,32.279832999999996,46.029444,27.665111,37.855227117096554,318.0,59.47574754622232,104.0,2685.905615156357,118462,9,19.0,18.049350649350657,46.94805194805195,1019.0649350649352,0.0,21.51428571428572,1.9948051948051948,17.0,False,False,False,False,False,False,False,False,True,False
10,2024_1,2024,102.7355,31.874166,44.996777,27.865444,37.819276420908466,317.0,84.83713763980826,104.0,2727.518945446245,141988,9,20.0,18.049350649350657,46.94805194805195,1019.0649350649352,0.0,21.51428571428572,1.9948051948051948,18.0,False,False,False,False,False,False,False,False,True,False
1,2024_2,2024,101.463583,36.449916,31.033888,34.527277,77.65711462450592,333.0,32.52569169960474,104.0,4011.4178801747457,130022,9,1.0,25.10638297872341,56.0531914893617,1014.804255319149,0.0,30.786170212765963,1.4734042553191489,1.0,False,False,False,False,True,False,False,False,False,False
16,2024_2,2024,103.623375,37.519411,32.759434,33.292363,103.8510505512794,332.0,63.87138547950905,104.0,5831.010089452881,158797,9,2.0,25.10638297872341,56.0531914893617,1014.804255319149,0.0,30.786170212765963,1.4734042553191489,3.0,True,False,False,False,False,False,False,False,False,False
11,2024_2,2024,104.47575,37.877583,32.566111,34.541666,81.95610567921781,332.0,31.842053255668816,104.0,4298.616548783025,131291,9,3.0,25.10638297872341,56.0531914893617,1014.804255319149,0.0,30.786170212765963,1.4734042553191489,2.0,False,False,False,False,True,False,False,False,False,False
14,2024_2,2024,104.745833,37.624416,31.916411,34.673176,73.19273975452465,331.0,62.49027459954233,104.0,3851.805804035781,136296,9,4.0,25.10638297872341,56.0531914893617,1014.804255319149,0.0,30.786170212765963,1.4734042553191489,5.0,False,False,False,False,False,False,False,False,False,True
81,2024_2,2024,100.349933,37.4554,30.854714,32.722,95.00488870397338,327.0,57.400093613480344,104.0,4915.426929477845,137544,9,5.0,25.10638297872341,56.0531914893617,1014.804255319149,0.0,30.786170212765963,1.4734042553191489,4.0,False,False,True,False,False,False,False,False,False,False
4,2024_2,2024,102.722333,37.7556,31.706523,32.811952,94.76523819429998,327.0,53.252652381943,104.0,5060.06266902434,138648,9,6.0,25.10638297872341,56.0531914893617,1014.804255319149,0.0,30.786170212765963,1.4734042553191489,8.0,False,False,True,False,False,False,False,False,False,False
63,2024_2,2024,106.061,38.228857,33.512857,33.549857,94.74199084668192,332.0,51.809288537549406,104.0,5024.336280424381,133231,9,7.0,25.10638297872341,56.0531914893617,1014.804255319149,0.0,30.786170212765963,1.4734042553191489,6.0,False,False,False,True,False,False,False,False,False,False
44,2024_2,2024,102.020562,38.3825,31.22726,32.307,103.19877262325775,333.0,70.23101726648638,104.0,5098.37528604119,158413,9,8.0,25.10638297872341,56.0531914893617,1014.804255319149,0.0,30.786170212765963,1.4734042553191489,9.0,False,False,False,True,False,False,False,False,False,False
22,2024_2,2024,99.536818,36.151,31.493611,33.870588,77.40102974828375,333.0,48.6919076346994,104.0,4301.266746411483,121305,9,9.0,25.10638297872341,56.0531914893617,1014.804255319149,0.0,30.786170212765963,1.4734042553191489,15.0,False,False,False,False,False,False,True,False,False,False
18,2024_2,2024,103.521615,36.570076,31.833578,35.788894,82.11878510505512,329.0,58.35879966715207,104.0,4397.574422716872,136230,9,10.0,25.10638297872341,56.0531914893617,1014.804255319149,0.0,30.786170212765963,1.4734042553191489,19.0,False,False,False,False,False,False,False,False,False,True
38,2024_2,2024,105.032583,37.927846,32.203444,34.92,77.84454961514459,332.0,67.55861244019138,104.0,4531.179789889744,159788,9,11.0,25.10638297872341,56.0531914893617,1014.804255319149,0.0,30.786170212765963,1.4734042553191489,7.0,True,False,False,False,False,False,False,False,False,False
23,2024_2,2024,107.670909,39.424333,32.348133,34.941,69.35131058872477,332.0,73.51118161015187,104.0,3784.71161847306,155783,9,12.0,25.10638297872341,56.0531914893617,1014.804255319149,0.0,30.786170212765963,1.4734042553191489,11.0,False,False,False,False,False,True,False,False,False,False
20,2024_2,2024,104.463818,39.260454,32.116437,34.680375,73.28624921988767,336.0,73.18842313293115,104.0,4238.647233201581,156572,9,13.0,25.10638297872341,56.0531914893617,1014.804255319149,0.0,30.786170212765963,1.4734042553191489,12.0,False,True,False,False,False,False,False,False,False,False
3,2024_2,2024,99.074875,35.806125,32.12725,34.261333,51.50790513833992,334.0,77.37565009361349,104.0,2847.0470147701267,155050,9,14.0,25.10638297872341,56.0531914893617,1014.804255319149,0.0,30.786170212765963,1.4734042553191489,16.0,False,False,False,False,False,False,True,False,False,False
27,2024_2,2024,100.901833,36.982166,31.651777,33.194555,39.41808820470147,338.0,81.83633243187019,104.0,2479.6268462658622,165449,9,15.0,25.10638297872341,56.0531914893617,1014.804255319149,0.0,30.786170212765963,1.4734042553191489,10.0,False,True,False,False,False,False,False,False,False,False
77,2024_2,2024,103.237857,36.806,32.942,33.808,38.69346785937175,330.0,76.52127106303308,104.0,2050.9962554607864,135070,9,16.0,25.10638297872341,56.0531914893617,1014.804255319149,0.0,30.786170212765963,1.4734042553191489,17.0,False,False,False,False,False,False,False,True,False,False
31,2024_2,2024,103.844875,37.551,31.861,34.0062,42.90446224256293,332.0,73.9112752236322,104.0,2750.152433950489,135526,9,17.0,25.10638297872341,56.0531914893617,1014.804255319149,0.0,30.786170212765963,1.4734042553191489,13.0,False,False,False,False,False,False,False,False,True,False
10,2024_2,2024,100.650571,36.301571,31.454333,32.679222,38.80845641772415,327.0,75.41257541085916,104.0,2557.097670064489,135058,9,18.0,25.10638297872341,56.0531914893617,1014.804255319149,0.0,30.786170212765963,1.4734042553191489,20.0,False,False,False,False,False,False,False,False,True,False
2,2024_2,2024,110.282285,42.395285,33.278666,34.115444,38.8384647389224,331.0,78.109423757021,104.0,2571.7707509881425,136488,9,19.0,25.10638297872341,56.0531914893617,1014.804255319149,0.0,30.786170212765963,1.4734042553191489,14.0,False,False,False,False,False,True,False,False,False,False
24,2024_2,2024,121.101,38.928,37.2895,39.5995,8.514510089452882,321.0,63.99136675681298,104.0,444.0367172872894,100058,9,20.0,25.10638297872341,56.0531914893617,1014.804255319149,0.0,30.786170212765963,1.4734042553191489,18.0,False,False,False,False,False,False,False,True,False,False
1,2024_3,2024,95.011,36.356047,20.915523,41.12547,83.98766891891891,329.0,53.68536036036036,104.0,4343.420157657658,131506,9,1.0,18.742307692307687,53.58974358974359,1024.023076923077,0.0256410256410256,34.414102564102556,1.4794871794871791,19.0,False,False,False,False,True,False,False,False,False,False
55,2024_3,2024,91.892615,35.046722,19.976222,37.545615,72.52376126126126,324.0,52.480743243243246,104.0,4297.044763513513,146212,9,2.0,18.742307692307687,53.58974358974359,1024.023076923077,0.0256410256410256,34.414102564102556,1.4794871794871791,1.0,True,False,False,False,False,False,False,False,False,False
11,2024_3,2024,95.111812,36.865681,19.823954,41.305705,88.15731981981982,330.0,45.161204954954954,104.0,4483.981193693694,127739,9,3.0,18.742307692307687,53.58974358974359,1024.023076923077,0.0256410256410256,34.414102564102556,1.4794871794871791,5.0,False,False,False,False,True,False,False,False,False,False
4,2024_3,2024,92.61123,34.236888,19.065333,38.762,76.28057432432432,323.0,78.57387387387388,104.0,4138.683051801801,149060,9,4.0,18.742307692307687,53.58974358974359,1024.023076923077,0.0256410256410256,34.414102564102556,1.4794871794871791,3.0,False,False,True,False,False,False,False,False,False,False
16,2024_3,2024,99.928533,38.3938,19.6681,39.814933,80.68338963963964,324.0,63.179054054054056,104.0,4710.7027027027025,145582,9,5.0,18.742307692307687,53.58974358974359,1024.023076923077,0.0256410256410256,34.414102564102556,1.4794871794871791,2.0,True,False,False,False,False,False,False,False,False,False
81,2024_3,2024,95.0465,35.416647,19.209,38.775166,72.08057432432433,326.0,54.84802927927928,104.0,3735.16768018018,114436,9,6.0,18.742307692307687,53.58974358974359,1024.023076923077,0.0256410256410256,34.414102564102556,1.4794871794871791,4.0,False,False,True,False,False,False,False,False,False,False
63,2024_3,2024,96.648555,35.453272,20.463318,40.756722,91.92240990990992,323.0,49.79853603603603,104.0,4838.7967342342345,114368,9,7.0,18.742307692307687,53.58974358974359,1024.023076923077,0.0256410256410256,34.414102564102556,1.4794871794871791,17.0,False,False,False,True,False,False,False,False,False,False
22,2024_3,2024,96.027,37.744529,19.531941,37.286833,71.91424549549549,323.0,40.45084459459459,104.0,3946.7269707207206,109044,9,8.0,18.742307692307687,53.58974358974359,1024.023076923077,0.0256410256410256,34.414102564102556,1.4794871794871791,7.0,False,False,False,False,False,False,True,False,False,False
18,2024_3,2024,91.660333,34.759272,19.195727,37.598222,91.96356981981982,324.0,56.80647522522523,104.0,4568.20045045045,120490,9,9.0,18.742307692307687,53.58974358974359,1024.023076923077,0.0256410256410256,34.414102564102556,1.4794871794871791,6.0,False,False,False,False,False,False,False,False,False,True
14,2024_3,2024,91.464625,34.63545,19.01105,37.471687,83.87314189189189,324.0,58.29588963963964,104.0,4259.601970720721,118838,9,10.0,18.742307692307687,53.58974358974359,1024.023076923077,0.0256410256410256,34.414102564102556,1.4794871794871791,8.0,False,False,False,False,False,False,False,False,False,True
44,2024_3,2024,94.117,36.090733,20.866333,37.361416,60.36942567567568,321.0,71.9705518018018,104.0,3248.2938626126124,135642,9,11.0,18.742307692307687,53.58974358974359,1024.023076923077,0.0256410256410256,34.414102564102556,1.4794871794871791,18.0,False,False,False,True,False,False,False,False,False,False
23,2024_3,2024,91.0515,35.114928,19.8122,36.463545,60.31390765765766,324.0,78.4705518018018,104.0,3349.7101351351353,146576,9,12.0,18.742307692307687,53.58974358974359,1024.023076923077,0.0256410256410256,34.414102564102556,1.4794871794871791,11.0,False,False,False,False,False,True,False,False,False,False
77,2024_3,2024,92.723818,34.200733,20.084066,38.841363,60.288738738738736,324.0,62.607657657657654,104.0,3137.0502815315317,118624,9,13.0,18.742307692307687,53.58974358974359,1024.023076923077,0.0256410256410256,34.414102564102556,1.4794871794871791,14.0,False,False,False,False,False,False,False,True,False,False
20,2024_3,2024,91.414777,33.506461,19.341846,37.461777,51.97618243243243,328.0,78.23445945945946,104.0,3103.2581644144143,140454,9,14.0,18.742307692307687,53.58974358974359,1024.023076923077,0.0256410256410256,34.414102564102556,1.4794871794871791,10.0,False,True,False,False,False,False,False,False,False,False
31,2024_3,2024,94.613647,34.75105,21.039666,41.193555,84.13057432432433,326.0,70.75968468468469,104.0,4816.759009009009,147668,9,15.0,18.742307692307687,53.58974358974359,1024.023076923077,0.0256410256410256,34.414102564102556,1.4794871794871791,16.0,False,False,False,False,False,False,False,False,True,False
27,2024_3,2024,85.947,31.747142,19.165,36.951,32.20506756756757,329.0,87.9563063063063,104.0,2066.2889076576575,144388,9,16.0,18.742307692307687,53.58974358974359,1024.023076923077,0.0256410256410256,34.414102564102556,1.4794871794871791,9.0,False,True,False,False,False,False,False,False,False,False
10,2024_3,2024,90.281375,33.3636,19.267,38.596555,44.20760135135135,325.0,70.61948198198198,104.0,2465.808783783784,122760,9,17.0,18.742307692307687,53.58974358974359,1024.023076923077,0.0256410256410256,34.414102564102556,1.4794871794871791,13.0,False,False,False,False,False,False,False,False,True,False
3,2024_3,2024,94.263,36.584166,19.106,37.61625,24.09572072072072,322.0,64.74588963963964,104.0,1331.7876126126123,107400,9,18.0,18.742307692307687,53.58974358974359,1024.023076923077,0.0256410256410256,34.414102564102556,1.4794871794871791,12.0,False,False,False,False,False,False,True,False,False,False
24,2024_3,2024,95.729428,34.927222,21.320888,40.462142,36.27252252252252,324.0,70.56092342342342,104.0,1919.3076576576575,116602,9,19.0,18.742307692307687,53.58974358974359,1024.023076923077,0.0256410256410256,34.414102564102556,1.4794871794871791,15.0,False,False,False,False,False,False,False,True,False,False
1,2024_4,2024,102.594375,36.59925,47.00425,20.704,54.910782608695655,326.0,53.04046376811594,104.0,2968.1884057971015,138724,9,1.0,17.53947368421053,58.10526315789474,1013.840789473684,0.0,26.710526315789473,1.6302631578947366,1.0,False,False,False,False,True,False,False,False,False,False
11,2024_4,2024,105.59875,37.169375,48.126416,21.987333,54.637159420289855,326.0,38.712057971014495,104.0,2936.693565217391,123622,9,2.0,17.53947368421053,58.10526315789474,1013.840789473684,0.0,26.710526315789473,1.6302631578947366,2.0,False,False,False,False,True,False,False,False,False,False
4,2024_4,2024,102.87075,36.2655,47.092461,22.915692,59.32069565217391,320.0,50.55344927536232,104.0,3513.740579710145,109492,9,3.0,17.53947368421053,58.10526315789474,1013.840789473684,0.0,26.710526315789473,1.6302631578947366,5.0,False,False,True,False,False,False,False,False,False,False
55,2024_4,2024,104.318,37.0165,47.327666,23.58175,54.69982608695652,322.0,61.62631884057971,104.0,3515.257043478261,138874,9,4.0,17.53947368421053,58.10526315789474,1013.840789473684,0.0,26.710526315789473,1.6302631578947366,3.0,True,False,False,False,False,False,False,False,False,False
14,2024_4,2024,107.139375,37.00225,48.098666,23.373833,54.69130434782609,326.0,57.11373913043478,104.0,3038.664927536232,109610,9,5.0,17.53947368421053,58.10526315789474,1013.840789473684,0.0,26.710526315789473,1.6302631578947366,6.0,False,False,False,False,False,False,False,False,False,True
81,2024_4,2024,103.85425,35.6525,47.17775,23.324916,54.691420289855074,319.0,58.24811594202899,104.0,3053.8106666666667,109686,9,6.0,17.53947368421053,58.10526315789474,1013.840789473684,0.0,26.710526315789473,1.6302631578947366,8.0,False,False,True,False,False,False,False,False,False,False
44,2024_4,2024,102.2174,35.3814,47.594133,21.709533,68.47060869565217,321.0,74.58046376811595,104.0,3659.928289855072,139094,9,7.0,17.53947368421053,58.10526315789474,1013.840789473684,0.0,26.710526315789473,1.6302631578947366,9.0,False,False,False,True,False,False,False,False,False,False
16,2024_4,2024,104.284125,38.1395,46.0695,22.2445,54.640521739130435,322.0,64.52968115942029,104.0,3400.214956521739,138740,9,8.0,17.53947368421053,58.10526315789474,1013.840789473684,0.0,26.710526315789473,1.6302631578947366,4.0,True,False,False,False,False,False,False,False,False,False
63,2024_4,2024,106.5101,37.6204,48.367533,22.335866,68.40498550724638,322.0,75.80492753623189,104.0,3779.392289855072,138880,9,9.0,17.53947368421053,58.10526315789474,1013.840789473684,0.0,26.710526315789473,1.6302631578947366,7.0,False,False,False,True,False,False,False,False,False,False
22,2024_4,2024,101.248416,35.223333,45.970722,22.418555,82.40817391304348,324.0,40.4576231884058,104.0,4668.296173913043,110096,9,10.0,17.53947368421053,58.10526315789474,1013.840789473684,0.0,26.710526315789473,1.6302631578947366,10.0,False,False,False,False,False,False,True,False,False,False
3,2024_4,2024,102.333875,36.327875,47.258666,21.824,54.99507246376812,323.0,50.451942028985506,104.0,3156.362898550725,109850,9,11.0,17.53947368421053,58.10526315789474,1013.840789473684,0.0,26.710526315789473,1.6302631578947366,19.0,False,False,False,False,False,False,True,False,False,False
27,2024_4,2024,99.94,35.143625,45.662916,22.27925,55.14197101449275,328.0,74.25791304347825,104.0,3845.1171594202897,139522,9,12.0,17.53947368421053,58.10526315789474,1013.840789473684,0.0,26.710526315789473,1.6302631578947366,11.0,False,True,False,False,False,False,False,False,False,False
77,2024_4,2024,102.600875,35.880125,46.844416,21.914833,54.912231884057974,322.0,55.1952463768116,104.0,3059.6351304347827,108288,9,13.0,17.53947368421053,58.10526315789474,1013.840789473684,0.0,26.710526315789473,1.6302631578947366,14.0,False,False,False,False,False,False,False,True,False,False
23,2024_4,2024,107.716666,39.353,47.689555,22.042111,41.39002898550724,326.0,83.87344927536232,104.0,2329.003652173913,138712,9,14.0,17.53947368421053,58.10526315789474,1013.840789473684,0.0,26.710526315789473,1.6302631578947366,20.0,False,False,False,False,False,True,False,False,False,False
31,2024_4,2024,104.544125,35.36075,48.553833,22.400083,54.86857971014493,324.0,71.66979710144928,104.0,3648.555710144928,139004,9,15.0,17.53947368421053,58.10526315789474,1013.840789473684,0.0,26.710526315789473,1.6302631578947366,15.0,False,False,False,False,False,False,False,False,True,False
18,2024_4,2024,103.20875,35.04275,47.118166,23.668166,27.51849275362319,321.0,64.62747826086957,104.0,1625.1065507246376,109068,9,16.0,17.53947368421053,58.10526315789474,1013.840789473684,0.0,26.710526315789473,1.6302631578947366,12.0,False,False,False,False,False,False,False,False,False,True
10,2024_4,2024,103.98175,37.15975,47.359,22.648666,27.630840579710146,322.0,86.7119420289855,104.0,1763.3459710144928,138494,9,17.0,17.53947368421053,58.10526315789474,1013.840789473684,0.0,26.710526315789473,1.6302631578947366,16.0,False,False,False,False,False,False,False,False,True,False
20,2024_4,2024,97.814666,35.078666,44.653444,20.617333,41.47379710144928,328.0,87.10904347826087,104.0,2452.7487536231883,138748,9,18.0,17.53947368421053,58.10526315789474,1013.840789473684,0.0,26.710526315789473,1.6302631578947366,13.0,False,True,False,False,False,False,False,False,False,False
2,2024_4,2024,100.80975,35.54125,45.984833,21.434833,27.995652173913044,322.0,80.16649275362319,104.0,2242.150666666667,128419,9,19.0,17.53947368421053,58.10526315789474,1013.840789473684,0.0,26.710526315789473,1.6302631578947366,17.0,False,False,False,False,False,True,False,False,False,False
24,2024_4,2024,103.10425,36.50475,46.169166,22.644,27.538666666666668,321.0,68.24173913043478,104.0,1543.1240579710145,108056,9,20.0,17.53947368421053,58.10526315789474,1013.840789473684,0.0,26.710526315789473,1.6302631578947366,18.0,False,False,False,False,False,False,False,True,False,False
1,2024_5,2024,109.208727,27.722166,34.02547,50.259647,67.5176187797269,336.0,26.51843706848054,104.0,4013.64220324247,142855,9,1.0,22.094186046511627,55.43023255813954,1007.45,0.0,33.88837209302326,1.6569767441860468,1.0,False,False,False,False,True,False,False,False,False,False
11,2024_5,2024,107.712545,27.889181,32.747705,50.50347,71.37651511277042,337.0,38.808213573364704,104.0,4160.588247327776,160124,9,2.0,22.094186046511627,55.43023255813954,1007.45,0.0,33.88837209302326,1.6569767441860468,3.0,False,False,False,False,True,False,False,False,False,False
14,2024_5,2024,112.005666,27.9021,34.2854,52.690857,56.44172249782642,336.0,55.68746483915512,104.0,3412.5791438653914,136354,9,3.0,22.094186046511627,55.43023255813954,1007.45,0.0,33.88837209302326,1.6569767441860468,7.0,False,False,False,False,False,False,False,False,False,True
4,2024_5,2024,104.825875,27.5018,34.157642,48.230461,55.75962767861709,332.0,73.78755178233519,104.0,3543.9813327878073,164995,9,4.0,22.094186046511627,55.43023255813954,1007.45,0.0,33.88837209302326,1.6569767441860468,2.0,False,False,True,False,False,False,False,False,False,False
81,2024_5,2024,104.758375,31.296909,33.996812,49.741214,60.22231882575563,331.0,55.8584360456196,104.0,3867.870556947783,138735,9,5.0,22.094186046511627,55.43023255813954,1007.45,0.0,33.88837209302326,1.6569767441860468,8.0,False,False,True,False,False,False,False,False,False,False
16,2024_5,2024,105.820833,27.938357,33.545052,48.915333,75.23101314376311,335.0,53.63586150462845,104.0,4731.128471334322,152848,9,6.0,22.094186046511627,55.43023255813954,1007.45,0.0,33.88837209302326,1.6569767441860468,4.0,True,False,False,False,False,False,False,False,False,False
55,2024_5,2024,109.2601,27.513545,33.095058,51.923176,67.66731447859664,337.0,38.91898941338925,104.0,4394.604459673707,158746,9,7.0,22.094186046511627,55.43023255813954,1007.45,0.0,33.88837209302326,1.6569767441860468,5.0,True,False,False,False,False,False,False,False,False,False
63,2024_5,2024,112.216916,30.325214,35.07745,49.920722,78.74264818697898,335.0,66.73129443052217,104.0,4690.742494757837,162023,9,8.0,22.094186046511627,55.43023255813954,1007.45,0.0,33.88837209302326,1.6569767441860468,6.0,False,False,False,True,False,False,False,False,False,False
27,2024_5,2024,107.4135,30.521533,33.183571,49.799,78.40551322047767,339.0,53.825448780238325,104.0,4695.824425919296,147662,9,9.0,22.094186046511627,55.43023255813954,1007.45,0.0,33.88837209302326,1.6569767441860468,10.0,False,True,False,False,False,False,False,False,False,False
77,2024_5,2024,106.23275,27.815,33.549785,49.751384,56.234337441824785,333.0,58.02766838848259,104.0,3295.4995141410527,135892,9,10.0,22.094186046511627,55.43023255813954,1007.45,0.0,33.88837209302326,1.6569767441860468,20.0,False,False,False,False,False,False,False,True,False,False
18,2024_5,2024,109.617714,27.98825,35.173916,50.915181,44.97049046182172,339.0,61.85506060451082,104.0,2764.5925944867795,135707,9,11.0,22.094186046511627,55.43023255813954,1007.45,0.0,33.88837209302326,1.6569767441860468,15.0,False,False,False,False,False,False,False,False,False,True
3,2024_5,2024,109.995,27.95525,34.100166,51.232363,44.83705825193065,337.0,59.17521607937401,104.0,2743.2441569068687,132088,9,12.0,22.094186046511627,55.43023255813954,1007.45,0.0,33.88837209302326,1.6569767441860468,18.0,False,False,False,False,False,False,True,False,False,False
31,2024_5,2024,106.535666,27.3916,34.144466,49.725142,56.33754411087813,331.0,61.282411906101366,104.0,3717.092568915256,147457,9,13.0,22.094186046511627,55.43023255813954,1007.45,0.0,33.88837209302326,1.6569767441860468,11.0,False,False,False,False,False,False,False,False,True,False
23,2024_5,2024,108.90325,27.328222,33.868857,50.131692,52.44734823300772,337.0,60.243236332020665,104.0,3192.589730476142,147385,9,14.0,22.094186046511627,55.43023255813954,1007.45,0.0,33.88837209302326,1.6569767441860468,12.0,False,False,False,False,False,True,False,False,False,False
10,2024_5,2024,109.140666,27.8169,35.4844,50.1075,56.37728225847696,331.0,70.3446018513783,104.0,3582.124073032271,158018,9,15.0,22.094186046511627,55.43023255813954,1007.45,0.0,33.88837209302326,1.6569767441860468,13.0,False,False,False,False,False,False,False,False,True,False
24,2024_5,2024,108.4882,26.7456,33.072875,49.145875,29.952948396665473,334.0,78.7858129187337,104.0,1825.7508310745152,142824,9,16.0,22.094186046511627,55.43023255813954,1007.45,0.0,33.88837209302326,1.6569767441860468,14.0,False,False,False,False,False,False,False,True,False,False
20,2024_5,2024,113.83275,29.60875,33.512666,52.1575,22.569886973865906,337.0,87.32900322201196,104.0,1802.6702807753288,166073,9,17.0,22.094186046511627,55.43023255813954,1007.45,0.0,33.88837209302326,1.6569767441860468,16.0,False,True,False,False,False,False,False,False,False,False
44,2024_5,2024,112.33575,28.88325,34.268166,50.603166,22.488058098501508,336.0,92.30823914488823,104.0,1259.9637395796042,157214,9,18.0,22.094186046511627,55.43023255813954,1007.45,0.0,33.88837209302326,1.6569767441860468,9.0,False,False,False,True,False,False,False,False,False,False
22,2024_5,2024,108.191166,27.776166,32.079777,49.916,33.79614381424845,335.0,75.03421469851173,104.0,2098.95074924564,128371,9,19.0,22.094186046511627,55.43023255813954,1007.45,0.0,33.88837209302326,1.6569767441860468,19.0,False,False,False,False,False,False,True,False,False,False
2,2024_5,2024,106.499333,36.5722,35.198857,54.941714,26.113742136756507,333.0,70.48821152764282,104.0,1968.6100342658417,102389,9,20.0,22.094186046511627,55.43023255813954,1007.45,0.0,33.88837209302326,1.6569767441860468,17.0,False,False,False,False,False,True,False,False,False,False
1,2024_6,2024,96.5404,33.547333,38.548833,31.154176,77.04483855762432,343.0,29.02563045015319,104.0,4371.096217299081,119014,9,1.0,29.06363636363637,54.87012987012987,1015.5207792207788,0.0,47.29480519480519,2.9428571428571426,2.0,False,False,False,False,True,False,False,False,False,False
16,2024_6,2024,103.185428,35.086066,39.239047,30.91115,89.93188781522508,340.0,57.161265613952395,104.0,5396.01361065284,140110,9,2.0,29.06363636363637,54.87012987012987,1015.5207792207788,0.0,47.29480519480519,2.9428571428571426,3.0,True,False,False,False,False,False,False,False,False,False
55,2024_6,2024,99.732333,34.279928,38.658666,33.5116,89.65478435069527,340.0,33.87155314635871,104.0,5357.0538534056095,125300,9,3.0,29.06363636363637,54.87012987012987,1015.5207792207788,0.0,47.29480519480519,2.9428571428571426,5.0,True,False,False,False,False,False,False,False,False,False
11,2024_6,2024,100.967818,33.405083,38.796444,31.479705,77.04366014612303,342.0,35.978729672401606,104.0,4202.5588027339145,124170,9,4.0,29.06363636363637,54.87012987012987,1015.5207792207788,0.0,47.29480519480519,2.9428571428571426,4.0,False,False,False,False,True,False,False,False,False,False
4,2024_6,2024,101.322642,34.0472,39.178238,30.3684,90.0950978081546,339.0,44.56699269384869,104.0,5260.720952156493,119616,9,5.0,29.06363636363637,54.87012987012987,1015.5207792207788,0.0,47.29480519480519,2.9428571428571426,1.0,False,False,True,False,False,False,False,False,False,False
81,2024_6,2024,106.415,37.18123,39.475105,33.375111,81.10688192316756,337.0,44.801496582606646,104.0,4761.085199151544,118412,9,6.0,29.06363636363637,54.87012987012987,1015.5207792207788,0.0,47.29480519480519,2.9428571428571426,13.0,False,False,True,False,False,False,False,False,False,False
63,2024_6,2024,101.024076,34.755785,39.339523,30.78495,89.65843742634928,339.0,46.081840678765026,104.0,5204.51325712939,126376,9,7.0,29.06363636363637,54.87012987012987,1015.5207792207788,0.0,47.29480519480519,2.9428571428571426,8.0,False,False,False,True,False,False,False,False,False,False
44,2024_6,2024,102.153384,32.595071,39.590761,32.24735,89.64176290360594,338.0,45.1756422342682,104.0,4888.771211407024,124520,9,8.0,29.06363636363637,54.87012987012987,1015.5207792207788,0.0,47.29480519480519,2.9428571428571426,6.0,False,False,False,True,False,False,False,False,False,False
27,2024_6,2024,103.932,36.491066,38.038047,30.56055,89.49051378741457,343.0,46.72878859297667,104.0,5340.582842328541,127136,9,9.0,29.06363636363637,54.87012987012987,1015.5207792207788,0.0,47.29480519480519,2.9428571428571426,11.0,False,True,False,False,False,False,False,False,False,False
22,2024_6,2024,104.492357,34.090666,39.653619,31.56485,89.50913268913504,337.0,44.85570351166627,104.0,5373.353287768088,123294,9,10.0,29.06363636363637,54.87012987012987,1015.5207792207788,0.0,47.29480519480519,2.9428571428571426,7.0,False,False,False,False,False,False,True,False,False,False
18,2024_6,2024,103.4905,35.72,38.987933,33.8744,63.70439547489983,344.0,57.373438604760786,104.0,3671.374558095687,121676,9,11.0,29.06363636363637,54.87012987012987,1015.5207792207788,0.0,47.29480519480519,2.9428571428571426,17.0,False,False,False,False,False,False,False,False,False,True
10,2024_6,2024,100.352888,33.854,37.909666,30.625714,63.89241102993165,342.0,54.65560923874617,104.0,4157.19520386519,123776,9,12.0,29.06363636363637,54.87012987012987,1015.5207792207788,0.0,47.29480519480519,2.9428571428571426,12.0,False,False,False,False,False,False,False,False,True,False
31,2024_6,2024,105.96,32.929,38.741533,33.768,64.06239688899363,342.0,56.571293895828425,104.0,4033.451685128447,123626,9,13.0,29.06363636363637,54.87012987012987,1015.5207792207788,0.0,47.29480519480519,2.9428571428571426,10.0,False,False,False,False,False,False,False,False,True,False
23,2024_6,2024,103.1687,34.915818,38.9496,31.153,64.02362715060099,346.0,58.46352816403488,104.0,3652.284998821589,124490,37,14.0,29.06363636363637,54.87012987012987,1015.5207792207788,0.0,47.29480519480519,2.9428571428571426,18.0,False,False,False,False,False,True,False,False,False,False
14,2024_6,2024,106.209909,37.117636,39.065733,31.0812,63.87667923638935,339.0,55.424522743341974,104.0,3731.822295545605,124030,9,15.0,29.06363636363637,54.87012987012987,1015.5207792207788,0.0,47.29480519480519,2.9428571428571426,9.0,False,False,False,False,False,False,False,False,False,True
77,2024_6,2024,98.001333,35.42025,38.544166,29.7888,25.309568701390525,346.0,68.07341503653076,104.0,1446.2748644826777,106942,9,16.0,29.06363636363637,54.87012987012987,1015.5207792207788,0.0,47.29480519480519,2.9428571428571426,16.0,False,False,False,False,False,False,False,True,False,False
2,2024_6,2024,102.1366,34.3196,38.011875,31.776,34.022448739099694,345.0,71.4769031345746,104.0,2133.203393825124,128988,9,17.0,29.06363636363637,54.87012987012987,1015.5207792207788,0.0,47.29480519480519,2.9428571428571426,20.0,False,False,False,False,False,True,False,False,False,False
3,2024_6,2024,101.958,36.650142,39.636111,33.680333,38.34934008955928,337.0,70.21965590384163,104.0,2375.4521564930474,122722,9,18.0,29.06363636363637,54.87012987012987,1015.5207792207788,0.0,47.29480519480519,2.9428571428571426,15.0,False,False,False,False,False,False,True,False,False,False
20,2024_6,2024,105.271166,39.328857,39.959333,34.239777,38.46771152486448,343.0,72.32394532170633,104.0,2187.8574711289184,122918,9,19.0,29.06363636363637,54.87012987012987,1015.5207792207788,0.0,47.29480519480519,2.9428571428571426,19.0,False,True,False,False,False,False,False,False,False,False
24,2024_6,2024,99.900666,32.934333,37.887555,32.482888,38.27828187603111,344.0,72.30968654254066,104.0,2257.9011312750413,123232,9,20.0,29.06363636363637,54.87012987012987,1015.5207792207788,0.0,47.29480519480519,2.9428571428571426,14.0,False,False,False,False,False,False,False,True,False,False
1,2024_7,2024,86.196545,27.518833,32.290333,30.209764,71.49586529242569,340.0,28.69499041227229,104.0,4138.074784276127,125060,9,1.0,24.188,43.25333333333333,1008.0146666666668,0.0,41.55866666666667,2.8986666666666663,1.0,False,False,False,False,True,False,False,False,False,False
81,2024_7,2024,87.15775,27.605555,31.515133,32.033214,59.860858101629915,333.0,47.05740651965484,104.0,3704.2229745925215,106494,9,2.0,24.188,43.25333333333333,1008.0146666666668,0.0,41.55866666666667,2.8986666666666663,4.0,False,False,True,False,False,False,False,False,False,False
4,2024_7,2024,89.919416,30.066769,31.390947,30.802222,75.48166347075743,335.0,46.70074304889741,104.0,4544.33455177373,111094,9,3.0,24.188,43.25333333333333,1008.0146666666668,0.0,41.55866666666667,2.8986666666666663,2.0,False,False,True,False,False,False,False,False,False,False
16,2024_7,2024,89.238928,29.6614,31.402666,30.55705,83.80920421860019,333.0,48.070889261744966,104.0,4979.208473154363,134926,9,4.0,24.188,43.25333333333333,1008.0146666666668,0.0,41.55866666666667,2.8986666666666663,3.0,True,False,False,False,False,False,False,False,False,False
55,2024_7,2024,91.83123,30.970642,32.21845,31.352631,79.5945589645254,336.0,51.52223154362416,104.0,4956.87368168744,134632,9,5.0,24.188,43.25333333333333,1008.0146666666668,0.0,41.55866666666667,2.8986666666666663,5.0,True,False,False,False,False,False,False,False,False,False
63,2024_7,2024,88.444,28.923636,31.368,31.914176,71.59461888782359,331.0,70.52259108341323,104.0,4175.942653403643,134552,9,6.0,24.188,43.25333333333333,1008.0146666666668,0.0,41.55866666666667,2.8986666666666663,7.0,False,False,False,True,False,False,False,False,False,False
22,2024_7,2024,86.387888,26.5594,32.036533,30.579642,60.00964765100671,333.0,48.45655560882071,104.0,3528.8690675934804,105154,9,7.0,24.188,43.25333333333333,1008.0146666666668,0.0,41.55866666666667,2.8986666666666663,10.0,False,False,False,False,False,False,True,False,False,False
44,2024_7,2024,88.463,27.198846,31.7325,31.049578,79.49790268456375,333.0,52.0414669223394,104.0,4374.612356184084,115810,9,8.0,24.188,43.25333333333333,1008.0146666666668,0.0,41.55866666666667,2.8986666666666663,6.0,False,False,False,True,False,False,False,False,False,False
3,2024_7,2024,87.859111,28.2909,32.010133,30.651357,59.794642857142854,333.0,48.40897651006711,104.0,3559.171800095877,105158,9,9.0,24.188,43.25333333333333,1008.0146666666668,0.0,41.55866666666667,2.8986666666666663,13.0,False,False,False,False,False,False,True,False,False,False
27,2024_7,2024,86.141384,31.028533,30.05138,30.7382,83.03739213806328,337.0,55.72920661553212,104.0,4710.11349472675,119390,9,10.0,24.188,43.25333333333333,1008.0146666666668,0.0,41.55866666666667,2.8986666666666663,11.0,False,True,False,False,False,False,False,False,False,False
11,2024_7,2024,92.496833,28.447833,32.3181,33.7011,39.538650527325025,337.0,45.43480345158198,104.0,2521.3613974113136,133482,9,11.0,24.188,43.25333333333333,1008.0146666666668,0.0,41.55866666666667,2.8986666666666663,8.0,False,False,False,False,True,False,False,False,False,False
31,2024_7,2024,89.98,27.7881,31.1366,31.276133,59.771632310642374,329.0,67.13530680728667,104.0,3844.351869606903,134782,9,12.0,24.188,43.25333333333333,1008.0146666666668,0.0,41.55866666666667,2.8986666666666663,14.0,False,False,False,False,False,False,False,False,True,False
18,2024_7,2024,94.468909,31.865181,31.300533,31.401133,59.80830536912752,336.0,73.12541946308725,104.0,3615.4723154362414,134202,9,13.0,24.188,43.25333333333333,1008.0146666666668,0.0,41.55866666666667,2.8986666666666663,9.0,False,False,False,False,False,False,False,False,False,True
23,2024_7,2024,88.40025,27.5655,31.189166,30.562583,47.555848513902205,335.0,81.27900287631832,104.0,2731.969618887824,134512,9,14.0,24.188,43.25333333333333,1008.0146666666668,0.0,41.55866666666667,2.8986666666666663,20.0,False,False,False,False,False,True,False,False,False,False
10,2024_7,2024,88.752777,27.239111,31.597928,31.525285,55.98549856184084,329.0,65.07562320230106,104.0,3985.6362655800576,132522,9,15.0,24.188,43.25333333333333,1008.0146666666668,0.0,41.55866666666667,2.8986666666666663,16.0,False,False,False,False,False,False,False,False,True,False
77,2024_7,2024,90.20125,27.5445,31.527333,31.315333,23.955716682646212,334.0,69.50910834132311,104.0,1330.713027325024,104116,9,16.0,24.188,43.25333333333333,1008.0146666666668,0.0,41.55866666666667,2.8986666666666663,18.0,False,False,False,False,False,False,False,True,False,False
24,2024_7,2024,100.425571,34.242,32.501888,33.183888,35.61187679769895,333.0,75.74244966442953,104.0,2037.6656879194632,120666,9,17.0,24.188,43.25333333333333,1008.0146666666668,0.0,41.55866666666667,2.8986666666666663,15.0,False,False,False,False,False,False,False,True,False,False
20,2024_7,2024,92.9206,29.248,32.01275,31.406375,31.47153643336529,334.0,74.13734419942473,104.0,2619.033616970278,117538,9,18.0,24.188,43.25333333333333,1008.0146666666668,0.0,41.55866666666667,2.8986666666666663,12.0,False,True,False,False,False,False,False,False,False,False
14,2024_7,2024,106.9465,39.5535,32.433,34.287142,27.91149328859061,336.0,86.72279482262704,104.0,1996.9995805369128,120810,9,19.0,24.188,43.25333333333333,1008.0146666666668,0.0,41.55866666666667,2.8986666666666663,19.0,False,False,False,False,False,False,False,False,False,True
2,2024_7,2024,90.2844,28.02975,30.858428,32.41625,31.634108341323103,337.0,69.30021572387344,104.0,2048.9600910834133,89621,9,20.0,24.188,43.25333333333333,1008.0146666666668,0.0,41.55866666666667,2.8986666666666663,17.0,False,False,False,False,False,True,False,False,False,False
16,2024_8,2024,85.258761,23.568346,38.207115,24.26619,66.9051679136941,291.0,46.99535989791775,104.0,5053.985441679717,132650,9,1.0,21.242105263157892,60.85526315789474,1016.865789473684,0.0,44.72631578947369,1.142105263157895,1.0,True,False,False,False,False,False,False,False,False,False
81,2024_8,2024,85.396444,24.091916,39.138416,22.851166,62.273998027956615,287.0,43.272605997331944,104.0,4463.808131778899,125610,8,2.0,21.242105263157892,60.85526315789474,1016.865789473684,0.0,44.72631578947369,1.142105263157895,2.0,False,False,True,False,False,False,False,False,False,False
55,2024_8,2024,88.41759,24.764592,40.226892,24.444826,72.46598225160953,289.0,40.94901687837133,104.0,5582.017806391741,139472,8,3.0,21.242105263157892,60.85526315789474,1016.865789473684,0.0,44.72631578947369,1.142105263157895,3.0,True,False,False,False,False,False,False,False,False,False
4,2024_8,2024,85.939454,23.011814,38.793962,25.108636,69.63459196102315,287.0,44.964851226726985,104.0,4884.943158749493,140182,8,4.0,21.242105263157892,60.85526315789474,1016.865789473684,0.0,44.72631578947369,1.142105263157895,4.0,False,False,True,False,False,False,False,False,False,False
63,2024_8,2024,89.435458,23.461857,40.3115,25.541583,72.56939852676759,290.0,51.76747288440346,104.0,5195.402180847978,139750,8,5.0,21.242105263157892,60.85526315789474,1016.865789473684,0.0,44.72631578947369,1.142105263157895,5.0,False,False,False,True,False,False,False,False,False,False
1,2024_8,2024,86.622478,23.537785,39.280142,23.614086,72.57212458674091,289.0,37.939968679310944,104.0,4926.497534945769,137222,8,6.0,21.242105263157892,60.85526315789474,1016.865789473684,0.0,44.72631578947369,1.142105263157895,6.0,False,False,False,False,True,False,False,False,False,False
44,2024_8,2024,87.085541,24.219071,39.722571,24.238125,72.16762368772113,291.0,51.96798329563251,104.0,4942.357461864161,139706,9,7.0,21.242105263157892,60.85526315789474,1016.865789473684,0.0,44.72631578947369,1.142105263157895,7.0,False,False,False,True,False,False,False,False,False,False
22,2024_8,2024,85.92221,24.80596,39.383,22.190842,64.27365002030045,289.0,35.38014036308799,104.0,4690.962241169305,125964,8,8.0,21.242105263157892,60.85526315789474,1016.865789473684,0.0,44.72631578947369,1.142105263157895,8.0,False,False,False,False,False,False,True,False,False,False
23,2024_8,2024,87.10068,23.173896,39.506862,24.31936,75.3950466910272,289.0,45.40589292964445,104.0,5283.076329679253,139222,9,9.0,21.242105263157892,60.85526315789474,1016.865789473684,0.0,44.72631578947369,1.142105263157895,9.0,False,False,False,False,False,True,False,False,False,False
10,2024_8,2024,85.561541,24.9717,39.6098,22.284958,77.29238443245751,290.0,45.65912650078302,104.0,5697.918334203352,139444,8,10.0,21.242105263157892,60.85526315789474,1016.865789473684,0.0,44.72631578947369,1.142105263157895,10.0,False,False,False,False,False,False,False,False,True,False
31,2024_8,2024,87.4545,24.3951,38.5239,23.615937,51.49567890493591,289.0,58.36732208108578,104.0,4193.679194942289,139246,8,11.0,21.242105263157892,60.85526315789474,1016.865789473684,0.0,44.72631578947369,1.142105263157895,17.0,False,False,False,False,False,False,False,False,True,False
3,2024_8,2024,88.310176,24.2252,39.2381,23.86247,54.255611623455714,286.0,48.493996867931095,104.0,4025.759468708311,125588,8,12.0,21.242105263157892,60.85526315789474,1016.865789473684,0.0,44.72631578947369,1.142105263157895,12.0,False,False,False,False,False,False,True,False,False,False
18,2024_8,2024,87.593846,25.374411,39.373117,24.446461,43.74473638420045,291.0,56.80668174699843,104.0,3077.9124760744735,125164,8,13.0,21.242105263157892,60.85526315789474,1016.865789473684,0.0,44.72631578947369,1.142105263157895,14.0,False,False,False,False,False,False,False,False,False,True
27,2024_8,2024,84.589812,23.29065,39.4503,22.05125,51.4134330955281,292.0,61.491328809233806,104.0,4387.85163273592,140282,9,14.0,21.242105263157892,60.85526315789474,1016.865789473684,0.0,44.72631578947369,1.142105263157895,19.0,False,True,False,False,False,False,False,False,False,False
14,2024_8,2024,85.249,23.853454,39.572545,22.638777,28.31657096456122,291.0,63.077721709877615,104.0,2332.6519923438314,102864,8,14.0,21.242105263157892,60.85526315789474,1016.865789473684,0.0,44.72631578947369,1.142105263157895,11.0,False,False,False,False,False,False,False,False,False,True
2,2024_8,2024,86.8529,22.54125,39.7245,25.3118,31.49799895597703,288.0,69.09796415521141,104.0,2507.2239429267443,140314,9,15.0,21.242105263157892,60.85526315789474,1016.865789473684,0.0,44.72631578947369,1.142105263157895,15.0,False,False,False,False,False,True,False,False,False,False
20,2024_8,2024,88.19,25.223833,40.967666,28.4808,46.430601473232414,294.0,67.4840786497303,104.0,3574.3308392784643,138978,8,15.0,21.242105263157892,60.85526315789474,1016.865789473684,0.0,44.72631578947369,1.142105263157895,20.0,False,True,False,False,False,False,False,False,False,False
11,2024_8,2024,88.6021,25.606333,39.694833,30.796272,31.072327591207006,289.0,66.7431703497477,104.0,2215.809465808248,138782,9,16.0,21.242105263157892,60.85526315789474,1016.865789473684,0.0,44.72631578947369,1.142105263157895,18.0,False,False,False,False,True,False,False,False,False,False
77,2024_8,2024,91.619666,24.757636,39.901818,26.462,28.503915086131897,289.0,70.25468360303927,104.0,2070.086363900006,124550,8,17.0,21.242105263157892,60.85526315789474,1016.865789473684,0.0,44.72631578947369,1.142105263157895,13.0,False,False,False,False,False,False,False,True,False,False
24,2024_8,2024,89.128666,23.777454,40.314818,24.644444,28.44747984455658,288.0,67.23171509773215,104.0,2082.79380546372,124620,9,18.0,21.242105263157892,60.85526315789474,1016.865789473684,0.0,44.72631578947369,1.142105263157895,16.0,False,False,False,False,False,False,False,True,False,False
63,2024_9,2024,87.270666,23.94388,27.191923,36.266863,88.10518398518862,334.0,49.48906503124277,104.0,4988.728072205508,116572,9,1.0,20.55384615384616,66.88461538461539,1000.7628205128208,0.1794871794871795,31.116666666666653,1.8564102564102565,3.0,False,False,False,True,False,False,False,False,False,False
1,2024_9,2024,90.646363,27.663,27.206,34.77409,92.19839157602406,330.0,36.900138856746125,104.0,5330.339446887295,135708,9,2.0,20.55384615384616,66.88461538461539,1000.7628205128208,0.1794871794871795,31.116666666666653,1.8564102564102565,1.0,False,False,False,False,True,False,False,False,False,False
4,2024_9,2024,85.313,25.685,25.83308,33.42495,85.14458458690117,329.0,49.48142791020597,104.0,4926.470782226336,124618,9,3.0,20.55384615384616,66.88461538461539,1000.7628205128208,0.1794871794871795,31.116666666666653,1.8564102564102565,2.0,False,False,True,False,False,False,False,False,False,False
81,2024_9,2024,88.464041,27.062379,27.093931,34.50975,98.58296690580885,329.0,43.88023605646841,104.0,5704.904246702153,122332,9,4.0,20.55384615384616,66.88461538461539,1000.7628205128208,0.1794871794871795,31.116666666666653,1.8564102564102565,5.0,False,False,True,False,False,False,False,False,False,False
3,2024_9,2024,87.104578,26.05348,25.96976,34.715473,85.09557972691506,333.0,39.166338810460545,104.0,5210.347894006017,121442,9,5.0,20.55384615384616,66.88461538461539,1000.7628205128208,0.1794871794871795,31.116666666666653,1.8564102564102565,8.0,False,False,False,False,False,False,True,False,False,False
14,2024_9,2024,88.47947,26.855913,25.471173,34.896647,77.88434390187457,333.0,51.65737097894006,104.0,4624.130641055312,122044,9,6.0,20.55384615384616,66.88461538461539,1000.7628205128208,0.1794871794871795,31.116666666666653,1.8564102564102565,6.0,False,False,False,False,False,False,False,False,False,True
44,2024_9,2024,85.35245,25.0704,26.816269,34.059142,88.03054848414719,327.0,47.618780374913214,104.0,4754.596274010646,115568,9,7.0,20.55384615384616,66.88461538461539,1000.7628205128208,0.1794871794871795,31.116666666666653,1.8564102564102565,4.0,False,False,False,True,False,False,False,False,False,False
22,2024_9,2024,86.895444,26.788916,26.543541,33.857111,81.67733163619532,334.0,39.66876880351771,104.0,5019.148403147419,119910,9,8.0,20.55384615384616,66.88461538461539,1000.7628205128208,0.1794871794871795,31.116666666666653,1.8564102564102565,14.0,False,False,False,False,False,False,True,False,False,False
18,2024_9,2024,87.412,27.85708,26.20488,33.550842,84.7074172645221,337.0,52.09118259662115,104.0,5071.895163156677,128592,9,9.0,20.55384615384616,66.88461538461539,1000.7628205128208,0.1794871794871795,31.116666666666653,1.8564102564102565,7.0,False,False,False,False,False,False,False,False,False,True
23,2024_9,2024,86.7505,26.341692,27.159076,33.299,88.5945961582967,336.0,46.92495950011571,104.0,5206.989122888221,127472,9,10.0,20.55384615384616,66.88461538461539,1000.7628205128208,0.1794871794871795,31.116666666666653,1.8564102564102565,17.0,False,False,False,False,False,True,False,False,False,False
16,2024_9,2024,89.381157,26.591142,26.303142,36.125157,71.49357787549178,331.0,65.9008909974543,104.0,4597.929935200185,141548,9,11.0,20.55384615384616,66.88461538461539,1000.7628205128208,0.1794871794871795,31.116666666666653,1.8564102564102565,19.0,True,False,False,False,False,False,False,False,False,False
55,2024_9,2024,88.42205,25.992409,26.614909,36.2114,74.5622541078454,330.0,67.16234667900949,104.0,4899.51324924786,143524,9,12.0,20.55384615384616,66.88461538461539,1000.7628205128208,0.1794871794871795,31.116666666666653,1.8564102564102565,16.0,True,False,False,False,False,False,False,False,False,False
2,2024_9,2024,89.648526,25.667681,25.921772,37.900789,75.31740337884749,334.0,60.31005554269845,104.0,4415.924265216385,135570,9,13.0,20.55384615384616,66.88461538461539,1000.7628205128208,0.1794871794871795,31.116666666666653,1.8564102564102565,20.0,False,False,False,False,False,True,False,False,False,False
20,2024_9,2024,87.924583,25.824187,26.374187,35.011583,54.372251793566306,332.0,67.75630641055311,104.0,4067.883418190234,140652,9,14.0,20.55384615384616,66.88461538461539,1000.7628205128208,0.1794871794871795,31.116666666666653,1.8564102564102565,12.0,False,True,False,False,False,False,False,False,False,False
10,2024_9,2024,85.801615,25.180705,26.470055,34.378071,61.26718352233279,326.0,55.78332561906966,104.0,4047.1440638741033,128142,9,15.0,20.55384615384616,66.88461538461539,1000.7628205128208,0.1794871794871795,31.116666666666653,1.8564102564102565,9.0,False,False,False,False,False,False,False,False,True,False
11,2024_9,2024,92.783444,28.234909,27.018818,36.152222,37.45302013422819,331.0,67.0213492247165,104.0,2354.7620342513305,139702,9,16.0,20.55384615384616,66.88461538461539,1000.7628205128208,0.1794871794871795,31.116666666666653,1.8564102564102565,18.0,False,False,False,False,True,False,False,False,False,False
77,2024_9,2024,90.3605,25.2963,26.7896,38.41225,33.993462161536684,332.0,72.02979634343902,104.0,1860.3968410090256,113716,9,17.0,20.55384615384616,66.88461538461539,1000.7628205128208,0.1794871794871795,31.116666666666653,1.8564102564102565,13.0,False,False,False,False,False,False,False,True,False,False
31,2024_9,2024,86.538625,25.0955,26.626272,35.850555,37.24832214765101,329.0,78.12254107845406,104.0,2357.130409627401,138414,9,18.0,20.55384615384616,66.88461538461539,1000.7628205128208,0.1794871794871795,31.116666666666653,1.8564102564102565,10.0,False,False,False,False,False,False,False,False,True,False
27,2024_9,2024,88.021625,25.288,26.1108,36.2855,33.8178662346679,327.0,70.58290904883128,104.0,2425.2797384864616,118208,9,19.0,20.55384615384616,66.88461538461539,1000.7628205128208,0.1794871794871795,31.116666666666653,1.8564102564102565,11.0,False,True,False,False,False,False,False,False,False,False
24,2024_9,2024,84.634375,24.5152,27.527727,33.780777,37.21106225410784,333.0,74.07376764637816,104.0,2082.163966674381,125042,9,20.0,20.55384615384616,66.88461538461539,1000.7628205128208,0.1794871794871795,31.116666666666653,1.8564102564102565,15.0,False,False,False,False,False,False,False,True,False,False
4,2024_10,2024,90.7435,25.14525,35.188833,31.165583,44.2124647556391,326.0,55.86266447368421,104.0,2757.9669290413535,108156,9,1.0,24.089473684210525,68.35526315789474,1003.7065789473684,0.0,36.535526315789475,1.3618421052631582,2.0,False,False,True,False,False,False,False,False,False,False
1,2024_10,2024,83.377571,24.986625,35.719166,25.561272,44.207413063909776,330.0,36.81138392857143,104.0,2585.4962993421054,127880,9,2.0,24.089473684210525,68.35526315789474,1003.7065789473684,0.0,36.535526315789475,1.3618421052631582,1.0,False,False,False,False,True,False,False,False,False,False
44,2024_10,2024,82.828909,30.150307,34.440055,27.572294,66.36771616541354,329.0,71.72932330827068,104.0,3814.7524083646617,138446,9,3.0,24.089473684210525,68.35526315789474,1003.7065789473684,0.0,36.535526315789475,1.3618421052631582,3.0,False,False,False,True,False,False,False,False,False,False
63,2024_10,2024,83.903555,25.875,35.627,30.409533,59.41188909774437,330.0,66.46516682330827,104.0,3917.482260338346,137866,9,4.0,24.089473684210525,68.35526315789474,1003.7065789473684,0.0,36.535526315789475,1.3618421052631582,4.0,False,False,False,True,False,False,False,False,False,False
16,2024_10,2024,81.089857,24.239125,34.4205,26.541454,44.14127114661654,329.0,68.50370065789474,104.0,3101.686795112782,137670,9,5.0,24.089473684210525,68.35526315789474,1003.7065789473684,0.0,36.535526315789475,1.3618421052631582,5.0,True,False,False,False,False,False,False,False,False,False
55,2024_10,2024,84.475714,25.908375,35.196166,27.346272,44.25599154135338,330.0,58.33294172932331,104.0,3127.3576715225563,137506,9,6.0,24.089473684210525,68.35526315789474,1003.7065789473684,0.0,36.535526315789475,1.3618421052631582,6.0,True,False,False,False,False,False,False,False,False,False
10,2024_10,2024,85.603818,25.6115,35.776722,27.214058,66.38762922932331,324.0,43.66083176691729,104.0,4260.648026315789,108134,9,7.0,24.089473684210525,68.35526315789474,1003.7065789473684,0.0,36.535526315789475,1.3618421052631582,9.0,False,False,False,False,False,False,False,False,True,False
11,2024_10,2024,91.131454,26.10475,35.209333,29.440352,66.4093045112782,326.0,35.40718984962406,104.0,3839.0259046052633,135264,9,8.0,24.089473684210525,68.35526315789474,1003.7065789473684,0.0,36.535526315789475,1.3618421052631582,8.0,False,False,False,False,True,False,False,False,False,False
31,2024_10,2024,88.392272,25.821583,36.180666,29.251882,66.43879229323308,324.0,50.072544642857146,104.0,3894.0261983082705,108356,9,9.0,24.089473684210525,68.35526315789474,1003.7065789473684,0.0,36.535526315789475,1.3618421052631582,10.0,False,False,False,False,False,False,False,False,True,False
81,2024_10,2024,87.471,26.5444,35.1845,30.933133,59.11295817669173,323.0,45.816964285714285,104.0,3847.158482142858,108968,9,10.0,24.089473684210525,68.35526315789474,1003.7065789473684,0.0,36.535526315789475,1.3618421052631582,7.0,False,False,True,False,False,False,False,False,False,False
14,2024_10,2024,93.390625,26.36775,35.857416,31.793083,44.2844219924812,327.0,51.64268092105263,104.0,2748.9662828947367,107868,9,11.0,24.089473684210525,68.35526315789474,1003.7065789473684,0.0,36.535526315789475,1.3618421052631582,12.0,False,False,False,False,False,False,False,False,False,True
77,2024_10,2024,92.96475,26.417375,35.3615,30.9305,44.49424342105263,328.0,57.6578947368421,104.0,2569.69842575188,107110,9,12.0,24.089473684210525,68.35526315789474,1003.7065789473684,0.0,36.535526315789475,1.3618421052631582,16.0,False,False,False,False,False,False,False,True,False,False
27,2024_10,2024,89.196875,23.636,34.640166,30.966,44.56191259398496,331.0,53.51057330827068,104.0,2776.8379934210525,107516,9,13.0,24.089473684210525,68.35526315789474,1003.7065789473684,0.0,36.535526315789475,1.3618421052631582,11.0,False,True,False,False,False,False,False,False,False,False
18,2024_10,2024,90.4404,31.610545,35.492733,29.8776,55.82747885338346,328.0,59.12082941729323,104.0,3355.8504464285716,116979,9,14.0,24.089473684210525,68.35526315789474,1003.7065789473684,0.0,36.535526315789475,1.3618421052631582,14.0,False,False,False,False,False,False,False,False,False,True
24,2024_10,2024,90.1964,25.6458,35.248,30.028266,55.69807330827068,329.0,62.95077537593985,104.0,3183.5457589285716,116730,9,15.0,24.089473684210525,68.35526315789474,1003.7065789473684,0.0,36.535526315789475,1.3618421052631582,13.0,False,False,False,False,False,False,False,True,False,False
20,2024_10,2024,89.028,27.391,37.109833,25.657166,22.289708646616543,331.0,69.68479793233082,104.0,1331.4415531015038,106640,9,16.0,24.089473684210525,68.35526315789474,1003.7065789473684,0.0,36.535526315789475,1.3618421052631582,17.0,False,True,False,False,False,False,False,False,False,False
22,2024_10,2024,92.617166,25.161833,34.774222,31.578,33.52690319548872,329.0,67.64003759398496,104.0,2030.008928571429,115652,9,17.0,24.089473684210525,68.35526315789474,1003.7065789473684,0.0,36.535526315789475,1.3618421052631582,19.0,False,False,False,False,False,False,True,False,False,False
3,2024_10,2024,91.788,24.888,34.517777,32.007333,33.543056860902254,329.0,69.62558740601504,104.0,2018.7559915413533,116066,9,18.0,24.089473684210525,68.35526315789474,1003.7065789473684,0.0,36.535526315789475,1.3618421052631582,15.0,False,False,False,False,False,False,True,False,False,False
23,2024_10,2024,87.0795,25.872,35.560833,27.530166,22.2249765037594,324.0,67.43562030075188,104.0,1517.022145206767,101549,9,19.0,24.089473684210525,68.35526315789474,1003.7065789473684,0.0,36.535526315789475,1.3618421052631582,18.0,False,False,False,False,False,True,False,False,False,False
2,2024_10,2024,90.914166,23.899166,34.717444,33.572444,33.97550516917293,326.0,70.29910714285714,104.0,2113.480615601504,112210,9,20.0,24.089473684210525,68.35526315789474,1003.7065789473684,0.0,36.535526315789475,1.3618421052631582,20.0,False,False,False,False,False,True,False,False,False,False
1,2024_11,2024,77.179333,18.50975,35.213388,25.119555,61.40186970493719,324.0,36.457785568215016,104.0,3336.975810692375,123096,9,1.0,31.32894736842105,37.69736842105263,938.5013157894732,0.0,46.107894736842105,1.335526315789474,5.0,False,False,False,False,True,False,False,False,False,False
4,2024_11,2024,81.138714,21.034,35.50765,25.40885,68.00782938942449,323.0,49.80035056967572,104.0,4059.319777972539,118936,9,2.0,31.32894736842105,37.69736842105263,938.5013157894732,0.0,46.107894736842105,1.335526315789474,20.0,False,False,True,False,False,False,False,False,False,False
63,2024_11,2024,79.696363,19.484166,36.220277,26.692117,61.33812445223488,323.0,72.0314344142565,104.0,3643.7302950628105,140904,9,3.0,31.32894736842105,37.69736842105263,938.5013157894732,0.0,46.107894736842105,1.335526315789474,1.0,False,False,False,True,False,False,False,False,False,False
55,2024_11,2024,77.902727,19.305166,34.711777,25.86647,61.03984808647385,324.0,57.563131755769795,104.0,3771.281273736488,140158,9,4.0,31.32894736842105,37.69736842105263,938.5013157894732,0.0,46.107894736842105,1.335526315789474,3.0,True,False,False,False,False,False,False,False,False,False
44,2024_11,2024,78.196454,18.678416,36.290222,25.703823,60.97172071282501,322.0,73.26906222611744,104.0,3312.2945369558865,139272,9,5.0,31.32894736842105,37.69736842105263,938.5013157894732,0.0,46.107894736842105,1.335526315789474,4.0,False,False,False,True,False,False,False,False,False,False
16,2024_11,2024,74.838769,18.352214,34.475545,25.168,74.33152205667542,323.0,54.38737949167397,104.0,4797.492375109553,141040,9,6.0,31.32894736842105,37.69736842105263,938.5013157894732,0.0,46.107894736842105,1.335526315789474,11.0,True,False,False,False,False,False,False,False,False,False
81,2024_11,2024,76.9112,19.214909,35.771529,24.86575,57.7758691206544,322.0,68.57657026000584,104.0,4037.795384165936,140090,9,7.0,31.32894736842105,37.69736842105263,938.5013157894732,0.0,46.107894736842105,1.335526315789474,2.0,False,False,True,False,False,False,False,False,False,False
11,2024_11,2024,78.724,19.030071,34.704095,26.1141,71.58977505112475,324.0,40.28676599474146,104.0,4126.598889862694,139586,9,8.0,31.32894736842105,37.69736842105263,938.5013157894732,0.0,46.107894736842105,1.335526315789474,7.0,False,False,False,False,True,False,False,False,False,False
27,2024_11,2024,73.928,17.8365,34.925285,24.54745,71.83488168273445,325.0,48.265264387963775,104.0,4186.13853345019,117784,9,9.0,31.32894736842105,37.69736842105263,938.5013157894732,0.0,46.107894736842105,1.335526315789474,6.0,False,True,False,False,False,False,False,False,False,False
31,2024_11,2024,78.6648,18.632187,37.093208,25.361173,81.57592754893368,322.0,61.16032719836401,104.0,4750.404791118902,139930,9,10.0,31.32894736842105,37.69736842105263,938.5013157894732,0.0,46.107894736842105,1.335526315789474,12.0,False,False,False,False,False,False,False,False,True,False
3,2024_11,2024,75.250222,19.056,35.462533,24.222142,51.49144025708443,325.0,52.60514168857727,104.0,3071.548641542506,116806,9,11.0,31.32894736842105,37.69736842105263,938.5013157894732,0.0,46.107894736842105,1.335526315789474,9.0,False,False,False,False,False,False,True,False,False,False
20,2024_11,2024,75.7252,18.4417,35.223266,25.693133,51.125270230791706,325.0,57.541513292433535,104.0,3030.9287174992696,115638,9,12.0,31.32894736842105,37.69736842105263,938.5013157894732,0.0,46.107894736842105,1.335526315789474,8.0,False,True,False,False,False,False,False,False,False,False
10,2024_11,2024,77.857363,18.281416,35.869222,26.032941,61.25801928133217,320.0,69.27227578147823,104.0,3657.738767163307,134470,9,13.0,31.32894736842105,37.69736842105263,938.5013157894732,0.0,46.107894736842105,1.335526315789474,10.0,False,False,False,False,False,False,False,False,True,False
22,2024_11,2024,78.7981,19.2864,35.6456,25.7204,51.19053461875548,325.0,55.439439088518846,104.0,3031.5627227578148,117020,9,14.0,31.32894736842105,37.69736842105263,938.5013157894732,0.0,46.107894736842105,1.335526315789474,14.0,False,False,False,False,False,False,True,False,False,False
14,2024_11,2024,76.978,18.448,35.148533,25.787266,51.16862401402279,322.0,53.10762489044698,104.0,2991.9765118317264,119570,9,15.0,31.32894736842105,37.69736842105263,938.5013157894732,0.0,46.107894736842105,1.335526315789474,18.0,False,False,False,False,False,False,False,False,False,True
23,2024_11,2024,81.284,18.758666,35.712222,27.727777,30.514052001168565,324.0,65.88349401110138,104.0,2254.550686532282,100412,9,16.0,31.32894736842105,37.69736842105263,938.5013157894732,0.0,46.107894736842105,1.335526315789474,15.0,False,False,False,False,False,True,False,False,False,False
18,2024_11,2024,82.188,19.214666,35.283111,28.401333,30.528133216476775,325.0,64.90452819164476,104.0,2127.106397896582,118120,9,17.0,31.32894736842105,37.69736842105263,938.5013157894732,0.0,46.107894736842105,1.335526315789474,13.0,False,False,False,False,False,False,False,False,False,True
77,2024_11,2024,80.460833,19.226833,34.442222,27.739333,30.50417762196903,326.0,68.44446392053754,104.0,1695.6215016067777,112116,9,18.0,31.32894736842105,37.69736842105263,938.5013157894732,0.0,46.107894736842105,1.335526315789474,16.0,False,False,False,False,False,False,False,True,False,False
2,2024_11,2024,76.302166,17.958166,34.956444,27.007444,30.531463628396143,324.0,80.49716622845457,104.0,2020.881565877885,95575,9,19.0,31.32894736842105,37.69736842105263,938.5013157894732,0.0,46.107894736842105,1.335526315789474,19.0,False,False,False,False,False,True,False,False,False,False
24,2024_11,2024,76.939666,18.839,34.956888,25.289444,30.607186678352324,324.0,71.1065731814198,104.0,1645.3638328951213,112596,9,20.0,31.32894736842105,37.69736842105263,938.5013157894732,0.0,46.107894736842105,1.335526315789474,17.0,False,False,False,False,False,False,False,True,False,False
63,2024_12,2024,98.492277,32.22621,41.37536,27.095875,105.583951449764,325.0,49.99610975673012,104.0,5700.510192437367,141349,9,1.0,13.69764705882353,74.38823529411765,987.349411764706,0.0705882352941176,21.21529411764706,1.7694117647058825,19.0,False,False,False,True,False,False,False,False,False,False
44,2024_12,2024,97.752529,31.218388,40.6225,27.392869,101.21972093988278,324.0,67.66995176098345,104.0,5269.9212096063075,163924,9,2.0,13.69764705882353,74.38823529411765,987.349411764706,0.0705882352941176,21.21529411764706,1.7694117647058825,1.0,False,False,False,True,False,False,False,False,False,False
4,2024_12,2024,102.134428,34.682529,41.866714,28.96555,89.02370454899113,320.0,48.36780953368951,104.0,4934.234503864308,138572,9,3.0,13.69764705882353,74.38823529411765,987.349411764706,0.0705882352941176,21.21529411764706,1.7694117647058825,3.0,False,False,True,False,False,False,False,False,False,False
1,2024_12,2024,99.217294,31.863333,40.889291,27.605173,97.58192852326366,325.0,33.27070906167332,104.0,5126.741895326521,147073,9,4.0,13.69764705882353,74.38823529411765,987.349411764706,0.0705882352941176,21.21529411764706,1.7694117647058825,2.0,False,False,False,False,True,False,False,False,False,False
81,2024_12,2024,101.952647,34.387789,40.773833,28.674727,96.96820374500751,335.0,47.19025883085222,104.0,5225.28777426215,138962,9,5.0,13.69764705882353,74.38823529411765,987.349411764706,0.0705882352941176,21.21529411764706,1.7694117647058825,4.0,False,False,True,False,False,False,False,False,False,False
27,2024_12,2024,95.946272,30.546166,41.221882,27.01875,69.28585507547072,328.0,72.93116862907827,104.0,3992.518854712381,161969,9,6.0,13.69764705882353,74.38823529411765,987.349411764706,0.0705882352941176,21.21529411764706,1.7694117647058825,6.0,False,True,False,False,False,False,False,False,False,False
55,2024_12,2024,98.216187,35.554277,40.313043,28.062545,97.21085118522744,326.0,45.91114684371596,104.0,5454.464858135795,160788,9,7.0,13.69764705882353,74.38823529411765,987.349411764706,0.0705882352941176,21.21529411764706,1.7694117647058825,5.0,True,False,False,False,False,False,False,False,False,False
18,2024_12,2024,100.750941,31.7855,42.03575,28.871826,101.20265573940556,327.0,48.32071165516883,104.0,5506.010892681155,140451,9,8.0,13.69764705882353,74.38823529411765,987.349411764706,0.0705882352941176,21.21529411764706,1.7694117647058825,7.0,False,False,False,False,False,False,False,False,False,True
23,2024_12,2024,101.510933,31.69075,43.809409,28.386666,93.44198350536854,326.0,65.27003475283988,104.0,5139.050002593495,162894,9,9.0,13.69764705882353,74.38823529411765,987.349411764706,0.0705882352941176,21.21529411764706,1.7694117647058825,9.0,False,False,False,False,False,True,False,False,False,False
14,2024_12,2024,102.077875,31.939882,41.125086,29.222772,96.9936200010374,327.0,50.20021785362312,104.0,5257.329270190363,140605,9,10.0,13.69764705882353,74.38823529411765,987.349411764706,0.0705882352941176,21.21529411764706,1.7694117647058825,8.0,False,False,False,False,False,False,False,False,False,True
16,2024_12,2024,101.341923,32.610071,41.445722,29.069705,77.48244203537529,323.0,62.742725245085325,104.0,4763.867887338555,164952,9,11.0,13.69764705882353,74.38823529411765,987.349411764706,0.0705882352941176,21.21529411764706,1.7694117647058825,14.0,True,False,False,False,False,False,False,False,False,False
2,2024_12,2024,105.773312,35.646705,43.154526,29.159631,81.44286529384304,325.0,70.54146999325691,104.0,4478.988899839203,163194,9,12.0,13.69764705882353,74.38823529411765,987.349411764706,0.0705882352941176,21.21529411764706,1.7694117647058825,11.0,False,False,False,False,False,True,False,False,False,False
22,2024_12,2024,99.084833,33.384076,40.368687,29.348125,69.02904714974844,325.0,48.654390787903935,104.0,3682.423725296955,138030,9,13.0,13.69764705882353,74.38823529411765,987.349411764706,0.0705882352941176,21.21529411764706,1.7694117647058825,10.0,False,False,False,False,False,False,True,False,False,False
24,2024_12,2024,103.960235,35.370444,42.500904,29.192857,89.90865708802323,323.0,56.40162871518232,104.0,4728.79257222885,141165,9,14.0,13.69764705882353,74.38823529411765,987.349411764706,0.0705882352941176,21.21529411764706,1.7694117647058825,18.0,False,False,False,False,False,False,False,True,False,False
3,2024_12,2024,101.247846,34.061357,41.713058,29.322588,73.45604025105037,326.0,49.759323616370146,104.0,4041.9941905700503,138565,9,15.0,13.69764705882353,74.38823529411765,987.349411764706,0.0705882352941176,21.21529411764706,1.7694117647058825,13.0,False,False,False,False,False,False,True,False,False,False
77,2024_12,2024,103.690857,37.886125,43.2087,29.3984,44.81025986825043,306.0,71.00238601587219,104.0,2376.9842834171895,148149,9,16.0,13.69764705882353,74.38823529411765,987.349411764706,0.0705882352941176,21.21529411764706,1.7694117647058825,15.0,False,False,False,False,False,False,False,True,False,False
20,2024_12,2024,104.139333,30.395,44.9064,31.6916,24.39239587115514,312.0,90.87405985787645,104.0,1665.4493490326263,169444,9,17.0,13.69764705882353,74.38823529411765,987.349411764706,0.0705882352941176,21.21529411764706,1.7694117647058825,12.0,False,True,False,False,False,False,False,False,False,False
31,2024_12,2024,103.418625,35.38,42.753,28.8688,44.75392914570258,303.0,78.49831422791638,104.0,3010.5085326002386,164904,9,18.0,13.69764705882353,74.38823529411765,987.349411764706,0.0705882352941176,21.21529411764706,1.7694117647058825,16.0,False,False,False,False,False,False,False,False,True,False
11,2024_12,2024,108.355333,40.88775,43.5648,32.78875,18.298200114113804,306.0,77.23460760412884,104.0,1161.9451216349396,171602,58,19.0,13.69764705882353,74.38823529411765,987.349411764706,0.0705882352941176,21.21529411764706,1.7694117647058825,17.0,False,False,False,False,True,False,False,False,False,False
10,2024_12,2024,110.5938,34.3484,45.953,31.828428,28.452150007780485,298.0,77.76731158255096,104.0,2183.331708076145,166214,9,20.0,13.69764705882353,74.38823529411765,987.349411764706,0.0705882352941176,21.21529411764706,1.7694117647058825,20.0,False,False,False,False,False,False,False,False,True,False
4,2024_13,2024,87.209769,30.227307,31.8263,27.5122,57.68388826815642,318.0,47.42753072625698,104.0,3812.5690726256985,167693,9,1.0,24.375238095238096,61.80952380952381,984.0123809523808,0.7619047619047619,30.31333333333333,0.9419047619047618,2.0,False,False,True,False,False,False,False,False,False,False
81,2024_13,2024,87.696416,31.751,31.761947,27.616578,55.116245810055865,317.0,49.07208938547486,104.0,3607.194413407821,168054,9,2.0,24.375238095238096,61.80952380952381,984.0123809523808,0.7619047619047619,30.31333333333333,0.9419047619047618,1.0,False,False,True,False,False,False,False,False,False,False
1,2024_13,2024,88.490538,32.430857,32.78785,25.169789,54.93331843575419,321.0,43.1435530726257,104.0,3351.719374301676,188030,9,3.0,24.375238095238096,61.80952380952381,984.0123809523808,0.7619047619047619,30.31333333333333,0.9419047619047618,5.0,False,False,False,False,True,False,False,False,False,False
55,2024_13,2024,93.101352,34.773055,32.5558,26.273478,67.9334972067039,319.0,43.8635530726257,104.0,4597.12366480447,187571,9,4.0,24.375238095238096,61.80952380952381,984.0123809523808,0.7619047619047619,30.31333333333333,0.9419047619047618,6.0,True,False,False,False,False,False,False,False,False,False
44,2024_13,2024,86.589133,31.34,31.871217,25.261772,62.96612290502793,320.0,59.26149720670391,104.0,3814.820290502794,184581,9,5.0,24.375238095238096,61.80952380952381,984.0123809523808,0.7619047619047619,30.31333333333333,0.9419047619047618,3.0,False,False,False,True,False,False,False,False,False,False
16,2024_13,2024,88.426461,30.374357,32.33925,26.5961,57.72120670391062,319.0,46.547754189944136,104.0,4075.757363128492,185264,9,6.0,24.375238095238096,61.80952380952381,984.0123809523808,0.7619047619047619,30.31333333333333,0.9419047619047618,4.0,True,False,False,False,False,False,False,False,False,False
14,2024_13,2024,90.30909,31.644916,33.3515,26.702,47.07401117318436,326.0,61.66940782122905,104.0,3187.8132290502795,170450,9,7.0,24.375238095238096,61.80952380952381,984.0123809523808,0.7619047619047619,30.31333333333333,0.9419047619047618,11.0,False,False,False,False,False,False,False,False,False,True
18,2024_13,2024,94.328384,34.393357,34.359428,26.477,57.38654748603352,323.0,48.388513966480446,104.0,3795.7812737430168,167702,9,8.0,24.375238095238096,61.80952380952381,984.0123809523808,0.7619047619047619,30.31333333333333,0.9419047619047618,10.0,False,False,False,False,False,False,False,False,False,True
3,2024_13,2024,88.730083,31.910153,33.304736,26.044777,52.22753072625699,314.0,51.353564245810055,104.0,3450.969653631285,172116,9,9.0,24.375238095238096,61.80952380952381,984.0123809523808,0.7619047619047619,30.31333333333333,0.9419047619047618,12.0,False,False,False,False,False,False,True,False,False,False
22,2024_13,2024,89.559153,31.501857,33.11945,26.615789,50.81707262569832,314.0,58.984759776536315,104.0,3331.036245810056,170320,9,10.0,24.375238095238096,61.80952380952381,984.0123809523808,0.7619047619047619,30.31333333333333,0.9419047619047618,9.0,False,False,False,False,False,False,True,False,False,False
27,2024_13,2024,88.3328,30.763,32.134333,27.4124,41.93434636871508,324.0,67.43369832402234,104.0,2744.7085139664805,167397,9,11.0,24.375238095238096,61.80952380952381,984.0123809523808,0.7619047619047619,30.31333333333333,0.9419047619047618,13.0,False,True,False,False,False,False,False,False,False,False
77,2024_13,2024,91.604846,31.999307,32.494611,28.291277,49.88344134078212,318.0,66.4069720670391,104.0,3106.455642458101,165626,9,12.0,24.375238095238096,61.80952380952381,984.0123809523808,0.7619047619047619,30.31333333333333,0.9419047619047618,16.0,False,False,False,False,False,False,False,True,False,False
23,2024_13,2024,90.651916,32.429666,33.562562,26.094437,41.58055865921788,320.0,63.51736312849162,104.0,2864.503240223464,164683,9,13.0,24.375238095238096,61.80952380952381,984.0123809523808,0.7619047619047619,30.31333333333333,0.9419047619047618,14.0,False,False,False,False,False,True,False,False,False,False
2,2024_13,2024,89.340625,35.269888,34.442076,27.240307,33.843620111731845,319.0,75.62020111731843,104.0,2423.772782122905,173350,36,14.0,24.375238095238096,61.80952380952381,984.0123809523808,0.7619047619047619,30.31333333333333,0.9419047619047618,17.0,False,False,False,False,False,True,False,False,False,False
20,2024_13,2024,88.6516,31.9217,32.011214,27.3735,39.26596648044693,326.0,67.98122905027932,104.0,2570.60625698324,165623,9,15.0,24.375238095238096,61.80952380952381,984.0123809523808,0.7619047619047619,30.31333333333333,0.9419047619047618,15.0,False,True,False,False,False,False,False,False,False,False
11,2024_13,2024,95.229,33.565,34.426333,26.4814,14.838033519553072,320.0,84.36357541899442,104.0,905.2293184357542,188299,9,16.0,24.375238095238096,61.80952380952381,984.0123809523808,0.7619047619047619,30.31333333333333,0.9419047619047618,7.0,False,False,False,False,True,False,False,False,False,False
63,2024_13,2024,89.377285,30.932857,31.676222,27.241666,24.107977653631284,320.0,87.77827932960894,104.0,1681.2438882681563,194026,9,17.0,24.375238095238096,61.80952380952381,984.0123809523808,0.7619047619047619,30.31333333333333,0.9419047619047618,8.0,False,False,False,True,False,False,False,False,False,False
24,2024_13,2024,92.9093,32.3729,32.60525,28.508416,31.616581005586593,316.0,77.57224581005586,104.0,1925.2380782122905,162929,9,18.0,24.375238095238096,61.80952380952381,984.0123809523808,0.7619047619047619,30.31333333333333,0.9419047619047618,19.0,False,False,False,False,False,False,False,True,False,False
31,2024_13,2024,98.181,39.2424,33.162,26.638833,15.982614525139663,318.0,82.01430167597765,104.0,1587.4286033519554,176079,9,19.0,24.375238095238096,61.80952380952381,984.0123809523808,0.7619047619047619,30.31333333333333,0.9419047619047618,18.0,False,False,False,False,False,False,False,False,True,False
10,2024_13,2024,101.241,40.4728,33.204,28.4305,15.995307262569831,314.0,89.86194413407821,104.0,1435.744,187209,9,20.0,24.375238095238096,61.80952380952381,984.0123809523808,0.7619047619047619,30.31333333333333,0.9419047619047618,20.0,False,False,False,False,False,False,False,False,True,False
1,2024_14,2024,122.314166,37.559,60.690714,36.630761,112.297159837705,320.0,32.88656494656838,104.0,5986.475684324819,141421,9,1.0,18.001265822784816,92.70886075949367,966.5139240506332,0.4177215189873418,22.02278481012658,1.1481012658227847,4.0,False,False,False,False,True,False,False,False,False,False
16,2024_14,2024,122.028333,37.344055,59.250909,37.870909,117.41659523401336,320.0,43.60820618321047,104.0,6370.866106634665,132120,9,2.0,18.001265822784816,92.70886075949367,966.5139240506332,0.4177215189873418,22.02278481012658,1.1481012658227847,3.0,True,False,False,False,False,False,False,False,False,False
11,2024_14,2024,127.203857,37.395529,58.303,38.581666,112.41333790502314,318.0,39.029258814789415,104.0,6080.18972512715,150277,9,3.0,18.001265822784816,92.70886075949367,966.5139240506332,0.4177215189873418,22.02278481012658,1.1481012658227847,7.0,False,False,False,False,True,False,False,False,False,False
44,2024_14,2024,123.8225,37.831894,58.51059,36.005952,117.21829818846793,322.0,65.23029887422139,104.0,5876.85799188525,157235,9,4.0,18.001265822784816,92.70886075949367,966.5139240506332,0.4177215189873418,22.02278481012658,1.1481012658227847,1.0,False,False,False,True,False,False,False,False,False,False
4,2024_14,2024,126.415529,36.636047,58.5935,36.304434,128.39790845191155,320.0,44.16966683810504,104.0,6927.5977484427685,137898,9,5.0,18.001265822784816,92.70886075949367,966.5139240506332,0.4177215189873418,22.02278481012658,1.1481012658227847,5.0,False,False,True,False,False,False,False,False,False,False
81,2024_14,2024,125.593266,38.91505,58.990478,36.116863,123.14812274987142,320.0,43.87204983141894,104.0,6659.881764672267,137799,9,6.0,18.001265822784816,92.70886075949367,966.5139240506332,0.4177215189873418,22.02278481012658,1.1481012658227847,2.0,False,False,True,False,False,False,False,False,False,False
63,2024_14,2024,124.954285,38.289631,59.317863,36.032857,117.51871535516317,320.0,45.16138065032288,104.0,6311.007943311046,125956,9,7.0,18.001265822784816,92.70886075949367,966.5139240506332,0.4177215189873418,22.02278481012658,1.1481012658227847,20.0,False,False,False,True,False,False,False,False,False,False
55,2024_14,2024,127.138437,37.028894,58.874956,36.53709,122.76924395679752,320.0,39.89193668209612,104.0,6602.1337790730895,134694,9,8.0,18.001265822784816,92.70886075949367,966.5139240506332,0.4177215189873418,22.02278481012658,1.1481012658227847,6.0,True,False,False,False,False,False,False,False,False,False
14,2024_14,2024,121.699083,38.513526,61.489652,36.219045,122.93742499571404,316.0,41.234070518315335,104.0,6640.572604148809,137530,9,9.0,18.001265822784816,92.70886075949367,966.5139240506332,0.4177215189873418,22.02278481012658,1.1481012658227847,8.0,False,False,False,False,False,False,False,False,False,True
31,2024_14,2024,125.21225,36.811789,57.804434,34.581727,122.94999714269387,324.0,44.97685582033259,104.0,6419.672209840563,131382,9,10.0,18.001265822784816,92.70886075949367,966.5139240506332,0.4177215189873418,22.02278481012658,1.1481012658227847,9.0,False,False,False,False,False,False,False,False,True,False
23,2024_14,2024,124.1147,35.022666,58.55775,36.032533,86.05657466140923,321.0,63.648608491913826,104.0,4708.414823704212,146119,9,11.0,18.001265822784816,92.70886075949367,966.5139240506332,0.4177215189873418,22.02278481012658,1.1481012658227847,12.0,False,False,False,False,False,True,False,False,False,False
10,2024_14,2024,127.813153,38.012066,58.438411,34.896352,91.29955997485573,318.0,67.92828161609235,104.0,5415.039316532373,156041,9,12.0,18.001265822784816,92.70886075949367,966.5139240506332,0.4177215189873418,22.02278481012658,1.1481012658227847,13.0,False,False,False,False,False,False,False,False,True,False
3,2024_14,2024,130.6998,36.2988,59.191357,37.680714,75.11303503057317,317.0,56.4028230184582,104.0,4208.77993028173,129241,9,13.0,18.001265822784816,92.70886075949367,966.5139240506332,0.4177215189873418,22.02278481012658,1.1481012658227847,10.0,False,False,False,False,False,False,True,False,False,False
77,2024_14,2024,128.477181,39.6764,61.190411,36.903176,91.21944111092064,319.0,56.70689753700211,104.0,4770.541173781359,137430,9,14.0,18.001265822784816,92.70886075949367,966.5139240506332,0.4177215189873418,22.02278481012658,1.1481012658227847,15.0,False,False,False,False,False,False,False,True,False,False
18,2024_14,2024,126.025545,39.328,60.171117,37.885882,91.02365849477113,316.0,54.27110120578319,104.0,4951.974912852163,137248,9,15.0,18.001265822784816,92.70886075949367,966.5139240506332,0.4177215189873418,22.02278481012658,1.1481012658227847,11.0,False,False,False,False,False,False,False,False,False,True
27,2024_14,2024,124.9265,33.816285,58.602333,40.159333,49.38882221841248,322.0,69.35402022972741,104.0,2616.681238927939,137475,9,16.0,18.001265822784816,92.70886075949367,966.5139240506332,0.4177215189873418,22.02278481012658,1.1481012658227847,18.0,False,True,False,False,False,False,False,False,False,False
20,2024_14,2024,123.0508,35.174857,60.857,37.601333,48.80347448425624,320.0,78.75347162695012,104.0,2793.620835476313,156474,9,17.0,18.001265822784816,92.70886075949367,966.5139240506332,0.4177215189873418,22.02278481012658,1.1481012658227847,14.0,False,True,False,False,False,False,False,False,False,False
22,2024_14,2024,124.52975,37.413,58.502,38.300625,43.347276987256414,316.0,67.67260986342076,104.0,2483.80507457569,129204,9,18.0,18.001265822784816,92.70886075949367,966.5139240506332,0.4177215189873418,22.02278481012658,1.1481012658227847,16.0,False,False,False,False,False,False,True,False,False,False
2,2024_14,2024,122.221,33.354833,57.71175,39.25,43.2748157037545,326.0,67.92633864792273,104.0,2436.577061546374,86422,9,19.0,18.001265822784816,92.70886075949367,966.5139240506332,0.4177215189873418,22.02278481012658,1.1481012658227847,17.0,False,False,False,False,False,True,False,False,False,False
24,2024_14,2024,128.252857,35.427285,58.705111,38.043,49.04794559689125,318.0,69.31573232756158,104.0,2690.4342533859076,137376,9,20.0,18.001265822784816,92.70886075949367,966.5139240506332,0.4177215189873418,22.02278481012658,1.1481012658227847,19.0,False,False,False,False,False,False,False,True,False,False
4,2024_15,2024,83.480444,27.193444,29.482428,27.060428,45.18668245376635,331.0,72.61558412268832,104.0,2748.3416215606676,135778,9,1.0,24.481012658227858,66.32911392405063,1002.445569620253,0.0,30.14050632911392,4.1379746835443045,1.0,False,False,True,False,False,False,False,False,False,False
1,2024_15,2024,81.50925,27.672777,30.273785,25.558538,45.36851601262968,330.0,35.90296571944069,104.0,2580.372744700045,119668,9,2.0,24.481012658227858,66.32911392405063,1002.445569620253,0.0,30.14050632911392,4.1379746835443045,2.0,False,False,False,False,True,False,False,False,False,False
81,2024_15,2024,84.8915,29.593272,30.547125,26.429533,51.78743797925124,333.0,54.60515336039693,104.0,3275.882329724853,115770,9,3.0,24.481012658227858,66.32911392405063,1002.445569620253,0.0,30.14050632911392,4.1379746835443045,4.0,False,False,True,False,False,False,False,False,False,False
63,2024_15,2024,87.3545,31.818923,31.259833,25.674882,58.413734776725306,336.0,72.15149977447001,104.0,3691.317151556157,144882,9,4.0,24.481012658227858,66.32911392405063,1002.445569620253,0.0,30.14050632911392,4.1379746835443045,7.0,False,False,False,True,False,False,False,False,False,False
11,2024_15,2024,88.110363,31.6845,30.264117,26.531812,55.1990302210194,336.0,33.84804916553902,104.0,3338.882949932341,123276,9,5.0,24.481012658227858,66.32911392405063,1002.445569620253,0.0,30.14050632911392,4.1379746835443045,6.0,False,False,False,False,True,False,False,False,False,False
16,2024_15,2024,89.429294,33.608166,29.8105,26.391083,77.94102390617952,336.0,39.356619305367616,104.0,5181.115640505187,138534,9,6.0,24.481012658227858,66.32911392405063,1002.445569620253,0.0,30.14050632911392,4.1379746835443045,3.0,True,False,False,False,False,False,False,False,False,False
14,2024_15,2024,84.102181,28.403363,30.515875,26.546312,52.04420387911592,333.0,53.78033378439333,104.0,3268.2598105548036,117880,9,7.0,24.481012658227858,66.32911392405063,1002.445569620253,0.0,30.14050632911392,4.1379746835443045,10.0,False,False,False,False,False,False,False,False,False,True
18,2024_15,2024,87.465571,30.029142,31.694421,25.948684,61.71752368064953,334.0,52.98945647271087,104.0,3738.9723161930538,118722,9,8.0,24.481012658227858,66.32911392405063,1002.445569620253,0.0,30.14050632911392,4.1379746835443045,13.0,False,False,False,False,False,False,False,False,False,True
10,2024_15,2024,84.3615,28.661538,30.37365,25.976947,65.2628552097429,333.0,47.89078709968426,104.0,4049.80700270636,118346,9,9.0,24.481012658227858,66.32911392405063,1002.445569620253,0.0,30.14050632911392,4.1379746835443045,9.0,False,False,False,False,False,False,False,False,True,False
55,2024_15,2024,90.550153,33.579153,30.944555,26.546611,58.80046233649075,334.0,53.3015899864682,104.0,4317.920782589084,130808,9,10.0,24.481012658227858,66.32911392405063,1002.445569620253,0.0,30.14050632911392,4.1379746835443045,5.0,True,False,False,False,False,False,False,False,False,False
23,2024_15,2024,85.022333,31.08523,30.5265,25.037588,58.664185836716285,331.0,62.617050067659,104.0,4041.389941362201,144130,9,10.0,24.481012658227858,66.32911392405063,1002.445569620253,0.0,30.14050632911392,4.1379746835443045,14.0,False,False,False,False,False,True,False,False,False,False
44,2024_15,2024,90.740666,32.930111,30.659692,28.055923,42.0968651330627,335.0,74.61953089760938,104.0,2695.4211208840775,143240,9,11.0,24.481012658227858,66.32911392405063,1002.445569620253,0.0,30.14050632911392,4.1379746835443045,8.0,False,False,False,True,False,False,False,False,False,False
22,2024_15,2024,84.808272,29.222545,30.086133,26.088533,48.823297248534054,330.0,54.40713802435724,104.0,2946.7399075327016,112666,9,12.0,24.481012658227858,66.32911392405063,1002.445569620253,0.0,30.14050632911392,4.1379746835443045,17.0,False,False,False,False,False,False,True,False,False,False
27,2024_15,2024,81.656,27.271583,29.357,26.099294,55.40398060442039,337.0,61.73883626522328,104.0,3746.737257555255,121284,9,13.0,24.481012658227858,66.32911392405063,1002.445569620253,0.0,30.14050632911392,4.1379746835443045,11.0,False,True,False,False,False,False,False,False,False,False
20,2024_15,2024,86.3979,35.544181,31.996066,26.255933,49.06698240866035,334.0,59.56574199368516,104.0,2907.0842918358144,116916,9,14.0,24.481012658227858,66.32911392405063,1002.445569620253,0.0,30.14050632911392,4.1379746835443045,18.0,False,True,False,False,False,False,False,False,False,False
3,2024_15,2024,86.853571,29.786428,29.164555,27.800222,29.25287550744249,330.0,65.58671628326567,104.0,1771.6897271087057,112058,9,15.0,24.481012658227858,66.32911392405063,1002.445569620253,0.0,30.14050632911392,4.1379746835443045,12.0,False,False,False,False,False,False,True,False,False,False
31,2024_15,2024,84.4335,28.3285,30.144444,26.941333,29.351544880469103,332.0,64.00789354984212,104.0,2439.9274921064502,116840,9,16.0,24.481012658227858,66.32911392405063,1002.445569620253,0.0,30.14050632911392,4.1379746835443045,15.0,False,False,False,False,False,False,False,False,True,False
77,2024_15,2024,84.362,37.371,30.256444,26.996222,29.4064050518719,331.0,71.74289580514208,104.0,1670.1892196662156,116244,9,17.0,24.481012658227858,66.32911392405063,1002.445569620253,0.0,30.14050632911392,4.1379746835443045,19.0,False,False,False,False,False,False,False,True,False,False
24,2024_15,2024,85.222166,28.8635,30.587888,27.251222,30.66153585926928,328.0,72.51945196211096,104.0,1742.2673658096526,119220,9,18.0,24.481012658227858,66.32911392405063,1002.445569620253,0.0,30.14050632911392,4.1379746835443045,20.0,False,False,False,False,False,False,False,True,False,False
4,2024_16,2024,92.280142,29.338,33.6625,32.105909,53.78082270481443,350.0,65.66379409399057,104.0,2847.015569343904,118410,9,1.0,33.44556962025317,36.83544303797469,995.8670886075956,0.0,48.73037974683544,1.3708860759493673,3.0,False,False,True,False,False,False,False,False,False,False
81,2024_16,2024,95.166166,31.211384,33.596526,32.212111,85.25600367689303,349.0,52.67838676318511,104.0,4456.612834654717,119676,9,2.0,33.44556962025317,36.83544303797469,995.8670886075956,0.0,48.73037974683544,1.3708860759493673,2.0,False,False,True,False,False,False,False,False,False,False
63,2024_16,2024,93.570636,30.622,33.401777,33.444,80.47644490405607,349.0,71.21394921291508,104.0,4357.022923129955,141788,9,3.0,33.44556962025317,36.83544303797469,995.8670886075956,0.0,48.73037974683544,1.3708860759493673,7.0,False,False,False,True,False,False,False,False,False,False
16,2024_16,2024,95.171928,31.847933,32.370476,32.58685,94.38693553946916,352.0,55.91347811099621,104.0,5083.684878777433,140979,9,4.0,33.44556962025317,36.83544303797469,995.8670886075956,0.0,48.73037974683544,1.3708860759493673,1.0,True,False,False,False,False,False,False,False,False,False
55,2024_16,2024,95.972333,32.767538,32.881055,32.516529,80.70613581523612,351.0,62.74503044927037,104.0,4350.59559921866,141142,9,5.0,33.44556962025317,36.83544303797469,995.8670886075956,0.0,48.73037974683544,1.3708860759493673,4.0,True,False,False,False,False,False,False,False,False,False
44,2024_16,2024,95.354636,31.720416,33.671722,32.642411,80.37935194760428,349.0,48.81012294611054,104.0,4034.671090428588,113392,9,6.0,33.44556962025317,36.83544303797469,995.8670886075956,0.0,48.73037974683544,1.3708860759493673,5.0,False,False,False,True,False,False,False,False,False,False
1,2024_16,2024,94.046818,30.906083,33.121277,32.812176,80.73991726990693,348.0,35.88050097667471,104.0,4192.955992186602,140600,9,7.0,33.44556962025317,36.83544303797469,995.8670886075956,0.0,48.73037974683544,1.3708860759493673,6.0,False,False,False,False,True,False,False,False,False,False
11,2024_16,2024,95.9586,30.321272,32.959823,32.753562,76.1696541422498,347.0,31.839825347581293,104.0,3928.450132138343,134358,9,8.0,33.44556962025317,36.83544303797469,995.8670886075956,0.0,48.73037974683544,1.3708860759493673,8.0,False,False,False,False,True,False,False,False,False,False
23,2024_16,2024,92.236818,31.28975,32.403,31.163294,80.35229231299552,348.0,52.156267953579224,104.0,4328.447087211306,120116,9,9.0,33.44556962025317,36.83544303797469,995.8670886075956,0.0,48.73037974683544,1.3708860759493673,9.0,False,False,False,False,False,True,False,False,False,False
27,2024_16,2024,91.800818,29.18675,32.498333,32.895823,80.76628748707343,351.0,52.95984143398828,104.0,4301.502240606687,123882,9,10.0,33.44556962025317,36.83544303797469,995.8670886075956,0.0,48.73037974683544,1.3708860759493673,17.0,False,True,False,False,False,False,False,False,False,False
14,2024_16,2024,94.678714,29.519285,32.765636,34.255181,48.94904056072619,354.0,57.92761116856256,104.0,2773.0380328622314,113970,9,11.0,33.44556962025317,36.83544303797469,995.8670886075956,0.0,48.73037974683544,1.3708860759493673,11.0,False,False,False,False,False,False,False,False,False,True
3,2024_16,2024,95.425,30.762,32.67425,33.684916,53.64937377915661,353.0,55.25341836148455,104.0,2898.9204297368724,117694,9,12.0,33.44556962025317,36.83544303797469,995.8670886075956,0.0,48.73037974683544,1.3708860759493673,13.0,False,False,False,False,False,False,True,False,False,False
20,2024_16,2024,98.197571,31.260857,33.37709,33.664818,49.30294151442031,352.0,70.29598988854418,104.0,2635.0683097782376,123094,9,13.0,33.44556962025317,36.83544303797469,995.8670886075956,0.0,48.73037974683544,1.3708860759493673,10.0,False,True,False,False,False,False,False,False,False,False
10,2024_16,2024,97.960454,30.991363,32.720125,34.696187,71.19590945650926,354.0,57.69711593703321,104.0,4213.094105480869,123202,9,14.0,33.44556962025317,36.83544303797469,995.8670886075956,0.0,48.73037974683544,1.3708860759493673,15.0,False,False,False,False,False,False,False,False,True,False
31,2024_16,2024,96.795727,30.701636,32.435875,34.562687,71.40066643686086,353.0,60.498678616569,104.0,3954.449672526715,124070,9,15.0,33.44556962025317,36.83544303797469,995.8670886075956,0.0,48.73037974683544,1.3708860759493673,14.0,False,False,False,False,False,False,False,False,True,False
22,2024_16,2024,96.71175,29.6625,34.028833,33.640166,26.72090083879122,349.0,69.59042858784328,104.0,1454.3694702975986,116776,9,16.0,33.44556962025317,36.83544303797469,995.8670886075956,0.0,48.73037974683544,1.3708860759493673,20.0,False,False,False,False,False,False,True,False,False,False
18,2024_16,2024,96.08025,30.52025,32.884333,33.651333,26.967137768585545,351.0,69.4055498104102,104.0,1560.745087900724,105547,9,17.0,33.44556962025317,36.83544303797469,995.8670886075956,0.0,48.73037974683544,1.3708860759493673,19.0,False,False,False,False,False,False,False,False,False,True
43,2024_16,2024,95.6475,32.87625,31.9755,31.7915,26.612547397449156,348.0,86.27570952545099,104.0,1704.0610708950935,114218,9,18.0,33.44556962025317,36.83544303797469,995.8670886075956,0.0,48.73037974683544,1.3708860759493673,12.0,False,False,False,False,False,True,False,False,False,False
77,2024_16,2024,96.462,30.43625,32.64,33.971833,26.826554061817763,353.0,72.73974491554637,104.0,1397.691485694588,112314,9,19.0,33.44556962025317,36.83544303797469,995.8670886075956,0.0,48.73037974683544,1.3708860759493673,16.0,False,False,False,False,False,False,False,True,False,False
24,2024_16,2024,92.048833,29.3455,32.167,33.345777,40.12587613466621,353.0,77.17132023440193,104.0,2002.7895553257497,123206,9,20.0,33.44556962025317,36.83544303797469,995.8670886075956,0.0,48.73037974683544,1.3708860759493673,18.0,False,False,False,False,False,False,False,True,False,False
16,2024_17,2024,118.385714,45.427437,49.41245,27.886526,94.08479515123258,345.0,59.24069001690075,104.0,5814.655632612623,139863,9,1.0,27.024358974358975,36.51282051282051,1016.1615384615382,0.0,36.74871794871795,1.4166666666666667,2.0,True,False,False,False,False,False,False,False,False,False
81,2024_17,2024,119.036083,42.087615,49.903105,28.705666,89.6868698642112,343.0,44.04557375138411,104.0,5227.13264176234,116722,9,2.0,27.024358974358975,36.51282051282051,1016.1615384615382,0.0,36.74871794871795,1.4166666666666667,1.0,False,False,True,False,False,False,False,False,False,False
55,2024_17,2024,122.465875,45.29,51.963478,28.871363,108.0805991025118,346.0,49.264525904773,104.0,6538.941138761,140274,86,3.0,27.024358974358975,36.51282051282051,1016.1615384615382,0.0,36.74871794871795,1.4166666666666667,18.0,True,False,False,False,False,False,False,False,False,False
11,2024_17,2024,117.0993,41.325818,47.0422,28.512428,70.62888280202809,342.0,55.386560988402586,104.0,4042.5316743399967,138988,9,4.0,27.024358974358975,36.51282051282051,1016.1615384615382,0.0,36.74871794871795,1.4166666666666667,17.0,False,False,False,False,True,False,False,False,False,False
63,2024_17,2024,118.057769,44.478733,49.48875,28.041368,94.35252637100064,348.0,55.794335334226936,104.0,5704.881927851274,140816,9,5.0,27.024358974358975,36.51282051282051,1016.1615384615382,0.0,36.74871794871795,1.4166666666666667,3.0,False,False,False,True,False,False,False,False,False,False
1,2024_17,2024,113.585076,40.001571,46.94885,27.865631,93.91712803776444,343.0,36.20782096858791,104.0,5186.057753948366,125494,9,6.0,27.024358974358975,36.51282051282051,1016.1615384615382,0.0,36.74871794871795,1.4166666666666667,5.0,False,False,False,False,True,False,False,False,False,False
44,2024_17,2024,120.236625,44.773882,48.985954,28.331047,103.89882860306544,344.0,51.97301707558716,104.0,5976.76834314354,140370,9,7.0,27.024358974358975,36.51282051282051,1016.1615384615382,0.0,36.74871794871795,1.4166666666666667,9.0,False,False,False,True,False,False,False,False,False,False
14,2024_17,2024,117.707083,41.255538,48.172947,28.955722,88.99632845736932,346.0,47.04091147502768,104.0,5152.48423567807,119924,9,8.0,27.024358974358975,36.51282051282051,1016.1615384615382,0.0,36.74871794871795,1.4166666666666667,6.0,False,False,False,False,False,False,False,False,False,True
43,2024_17,2024,114.944923,41.398285,47.784,27.637947,93.93531091555452,342.0,42.64432659245877,104.0,5500.508246401306,125786,9,9.0,27.024358974358975,36.51282051282051,1016.1615384615382,0.0,36.74871794871795,1.4166666666666667,8.0,False,False,False,False,False,True,False,False,False,False
23,2024_17,2024,117.25225,43.548307,47.305263,27.896722,89.2968121685413,349.0,42.51669677720147,104.0,5275.1673174427415,125902,9,10.0,27.024358974358975,36.51282051282051,1016.1615384615382,0.0,36.74871794871795,1.4166666666666667,7.0,False,False,False,False,False,True,False,False,False,False
50,2024_17,2024,116.1192,40.6696,48.322142,28.1405,66.20397459059386,339.0,57.42094527653126,104.0,3939.304096975348,125060,9,11.0,27.024358974358975,36.51282051282051,1016.1615384615382,0.0,36.74871794871795,1.4166666666666667,10.0,False,True,False,False,False,False,False,False,False,False
22,2024_17,2024,121.302166,43.649833,47.993625,29.216562,75.22320648056413,350.0,54.12121918526721,104.0,4563.555685063232,124524,9,12.0,27.024358974358975,36.51282051282051,1016.1615384615382,0.0,36.74871794871795,1.4166666666666667,20.0,False,False,False,False,False,False,True,False,False,False
27,2024_17,2024,118.0615,41.4052,47.642357,28.655,66.45037589603123,344.0,60.3623754298036,104.0,3810.914272393496,125358,9,13.0,27.024358974358975,36.51282051282051,1016.1615384615382,0.0,36.74871794871795,1.4166666666666667,11.0,False,True,False,False,False,False,False,False,False,False
18,2024_17,2024,119.3506,41.3956,49.205285,29.3715,65.88594906463081,344.0,56.54595256133808,104.0,3870.7856518445137,118984,9,14.0,27.024358974358975,36.51282051282051,1016.1615384615382,0.0,36.74871794871795,1.4166666666666667,19.0,False,False,False,False,False,False,False,False,False,True
3,2024_17,2024,119.925857,46.903125,50.019222,27.787666,42.068302348621714,347.0,73.09219651494843,104.0,2573.0828719622355,123892,9,15.0,27.024358974358975,36.51282051282051,1016.1615384615382,0.0,36.74871794871795,1.4166666666666667,13.0,False,False,False,False,False,False,True,False,False,False
10,2024_17,2024,117.6002,45.292,47.456733,29.371666,71.01701730870097,342.0,63.54694329506381,104.0,4447.581852089283,133338,9,15.0,27.024358974358975,36.51282051282051,1016.1615384615382,0.0,36.74871794871795,1.4166666666666667,12.0,False,False,False,False,False,False,False,False,True,False
4,2024_17,2024,119.442,42.0028,49.489,29.796714,32.863453581211026,341.0,70.56774870330439,104.0,1954.45585407075,115180,9,16.0,27.024358974358975,36.51282051282051,1016.1615384615382,0.0,36.74871794871795,1.4166666666666667,4.0,False,False,True,False,False,False,False,False,False,False
77,2024_17,2024,122.7522,43.2748,49.712142,30.063571,32.80622413893583,347.0,75.09190512267615,104.0,1962.5115682732096,123522,9,17.0,27.024358974358975,36.51282051282051,1016.1615384615382,0.0,36.74871794871795,1.4166666666666667,16.0,False,False,False,False,False,False,False,True,False,False
24,2024_17,2024,122.20825,43.49325,48.9117,29.625,46.95553353925054,344.0,71.03112069467917,104.0,2551.9895681566527,124202,9,18.0,27.024358974358975,36.51282051282051,1016.1615384615382,0.0,36.74871794871795,1.4166666666666667,14.0,False,False,False,False,False,False,False,True,False,False
31,2024_17,2024,121.8132,43.269,48.270285,33.9055,37.37222448860656,344.0,68.66478232997261,104.0,2450.5289935310916,124284,9,19.0,27.024358974358975,36.51282051282051,1016.1615384615382,0.0,36.74871794871795,1.4166666666666667,15.0,False,False,False,False,False,False,False,False,True,False
4,2024_18,2024,103.373142,29.6931,46.849062,35.3885,51.22037845705968,316.0,53.024502668607475,104.0,3453.3450752062104,147199,9,1.0,29.43333333333332,79.03225806451613,1007.5903225806454,0.0,31.96344086021505,1.358064516129032,1.0,False,False,True,False,False,False,False,False,False,False
1,2024_18,2024,100.791777,31.311454,44.479352,34.2625,57.302911208151386,317.0,44.86331877729258,104.0,3560.57166424066,157783,9,2.0,29.43333333333332,79.03225806451613,1007.5903225806454,0.0,31.96344086021505,1.358064516129032,2.0,False,False,False,False,True,False,False,False,False,False
44,2024_18,2024,102.355285,31.3563,46.134866,34.706571,51.102037845705965,317.0,67.64124211547792,104.0,3443.1225133430376,171011,9,3.0,29.43333333333332,79.03225806451613,1007.5903225806454,0.0,31.96344086021505,1.358064516129032,6.0,False,False,False,True,False,False,False,False,False,False
63,2024_18,2024,102.589571,31.780636,47.056187,35.256214,53.98801552644347,317.0,67.29471130519165,104.0,3741.1583212032992,172370,9,4.0,29.43333333333332,79.03225806451613,1007.5903225806454,0.0,31.96344086021505,1.358064516129032,4.0,False,False,False,True,False,False,False,False,False,False
81,2024_18,2024,102.893777,31.41209,46.858764,34.701937,57.40271712760796,316.0,51.91707908782145,104.0,3830.669286754003,147085,9,5.0,29.43333333333332,79.03225806451613,1007.5903225806454,0.0,31.96344086021505,1.358064516129032,3.0,False,False,True,False,False,False,False,False,False,False
27,2024_18,2024,104.0359,29.021545,45.713647,33.766625,57.243182920912176,319.0,45.08981077147016,104.0,3800.275982532751,141454,9,6.0,29.43333333333332,79.03225806451613,1007.5903225806454,0.0,31.96344086021505,1.358064516129032,9.0,False,True,False,False,False,False,False,False,False,False
14,2024_18,2024,106.957888,31.1173,48.326875,33.675866,54.02595827268316,318.0,47.20402717127608,104.0,3569.6237748665694,143073,9,7.0,29.43333333333332,79.03225806451613,1007.5903225806454,0.0,31.96344086021505,1.358064516129032,8.0,False,False,False,False,False,False,False,False,False,True
22,2024_18,2024,107.885444,31.22509,47.689062,33.0938,53.91659388646288,312.0,42.293740902474525,104.0,3744.928529839883,140327,9,8.0,29.43333333333332,79.03225806451613,1007.5903225806454,0.0,31.96344086021505,1.358064516129032,12.0,False,False,False,False,False,False,True,False,False,False
16,2024_18,2024,107.426727,31.9545,44.587444,35.480294,60.67049975739932,317.0,51.51310043668122,104.0,4239.496409509947,171557,9,9.0,29.43333333333332,79.03225806451613,1007.5903225806454,0.0,31.96344086021505,1.358064516129032,5.0,True,False,False,False,False,False,False,False,False,False
55,2024_18,2024,108.225666,33.395181,47.421687,36.080142,51.013051916545365,317.0,50.21756428918001,104.0,3419.832023289666,156016,9,10.0,29.43333333333332,79.03225806451613,1007.5903225806454,0.0,31.96344086021505,1.358064516129032,7.0,True,False,False,False,False,False,False,False,False,False
23,2024_18,2024,106.132857,31.04775,47.295083,35.282833,38.11960213488598,314.0,60.59825327510917,104.0,2661.6742358078604,136800,9,11.0,29.43333333333332,79.03225806451613,1007.5903225806454,0.0,31.96344086021505,1.358064516129032,20.0,False,False,False,False,False,True,False,False,False,False
43,2024_18,2024,107.154,32.559,46.851083,36.743416,38.03483745754488,315.0,60.63328481319748,104.0,2550.933236293062,112295,9,12.0,29.43333333333332,79.03225806451613,1007.5903225806454,0.0,31.96344086021505,1.358064516129032,11.0,False,False,False,False,False,True,False,False,False,False
11,2024_18,2024,107.624,31.6556,44.704285,36.440571,44.53541969917516,319.0,62.16293061620573,104.0,2880.0852498787,173300,9,13.0,29.43333333333332,79.03225806451613,1007.5903225806454,0.0,31.96344086021505,1.358064516129032,10.0,False,False,False,False,True,False,False,False,False,False
20,2024_18,2024,106.717625,30.528625,46.22025,34.197,38.09073265405143,318.0,61.20698689956332,104.0,2513.682096069869,140112,9,14.0,29.43333333333332,79.03225806451613,1007.5903225806454,0.0,31.96344086021505,1.358064516129032,19.0,False,True,False,False,False,False,False,False,False,False
31,2024_18,2024,107.435,33.188272,47.781333,35.939866,47.741339155749635,316.0,59.35414847161572,104.0,3677.6153808830663,156729,9,15.0,29.43333333333332,79.03225806451613,1007.5903225806454,0.0,31.96344086021505,1.358064516129032,13.0,False,False,False,False,False,False,False,False,True,False
3,2024_18,2024,107.427666,34.28425,48.400166,37.023666,18.899272197962155,312.0,71.83532265890345,104.0,1271.1467248908298,135208,9,16.0,29.43333333333332,79.03225806451613,1007.5903225806454,0.0,31.96344086021505,1.358064516129032,18.0,False,False,False,False,False,False,True,False,False,False
18,2024_18,2024,100.392666,30.58825,47.607,39.245666,18.827753517709848,316.0,68.15337214944202,104.0,1438.625473071325,100907,9,17.0,29.43333333333332,79.03225806451613,1007.5903225806454,0.0,31.96344086021505,1.358064516129032,14.0,False,False,False,False,False,False,False,False,False,True
10,2024_18,2024,111.239166,35.034714,44.751111,39.557777,28.696215429403203,315.0,83.49893255701116,104.0,2319.1902959728286,166430,9,18.0,29.43333333333332,79.03225806451613,1007.5903225806454,0.0,31.96344086021505,1.358064516129032,17.0,False,False,False,False,False,False,False,False,True,False
77,2024_18,2024,107.458833,35.325857,46.356111,35.027777,28.66419213973799,316.0,74.76545366327025,104.0,1854.176370693838,148858,9,19.0,29.43333333333332,79.03225806451613,1007.5903225806454,0.0,31.96344086021505,1.358064516129032,16.0,False,False,False,False,False,False,False,True,False,False
24,2024_18,2024,115.074,35.111,47.613111,33.878111,28.720572537603104,315.0,74.51140223192625,104.0,1831.0113537117904,148830,9,20.0,29.43333333333332,79.03225806451613,1007.5903225806454,0.0,31.96344086021505,1.358064516129032,15.0,False,False,False,False,False,False,False,True,False,False
4,2024_19,2024,109.019818,29.690454,42.4915,39.182,69.06365335202055,331.0,62.7555477692128,104.0,4439.593961691194,140054,9,1.0,28.561333333333327,38.653333333333336,1005.4373333333332,0.0,38.217333333333336,2.225333333333334,4.0,False,False,True,False,False,False,False,False,False,False
1,2024_19,2024,105.33509,28.834,43.596882,35.893823,73.58566923615977,331.0,30.70953048353189,104.0,4225.243459472086,118118,9,2.0,28.561333333333327,38.653333333333336,1005.4373333333332,0.0,38.217333333333336,2.225333333333334,3.0,False,False,False,False,True,False,False,False,False,False
55,2024_19,2024,111.278846,30.610692,45.051473,38.29621,81.94025928521374,331.0,47.275052557813595,104.0,5265.912345246437,139476,9,3.0,28.561333333333327,38.653333333333336,1005.4373333333332,0.0,38.217333333333336,2.225333333333334,2.0,True,False,False,False,False,False,False,False,False,False
16,2024_19,2024,109.609714,29.827285,43.7579,38.42845,86.19761737911703,334.0,50.902884839990655,104.0,5627.497780892315,138945,9,4.0,28.561333333333327,38.653333333333336,1005.4373333333332,0.0,38.217333333333336,2.225333333333334,1.0,True,False,False,False,False,False,False,False,False,False
81,2024_19,2024,110.500538,30.477153,43.305421,38.894421,82.38133613641672,330.0,42.687047418827376,104.0,5018.56797477225,114372,9,5.0,28.561333333333327,38.653333333333336,1005.4373333333332,0.0,38.217333333333336,2.225333333333334,5.0,False,False,True,False,False,False,False,False,False,False
63,2024_19,2024,109.74225,31.207875,45.205214,39.443928,64.5652300864284,332.0,69.78562251810325,104.0,4068.4246671338474,139382,9,6.0,28.561333333333327,38.653333333333336,1005.4373333333332,0.0,38.217333333333336,2.225333333333334,6.0,False,False,False,True,False,False,False,False,False,False
10,2024_19,2024,107.496307,32.289928,43.28165,37.6662,86.35949544498949,333.0,41.141789301565055,104.0,5341.968523709414,121852,9,7.0,28.561333333333327,38.653333333333336,1005.4373333333332,0.0,38.217333333333336,2.225333333333334,12.0,False,False,False,False,False,False,False,False,True,False
14,2024_19,2024,105.478916,33.624615,44.357333,37.063944,77.80506890913338,329.0,46.409950946040645,104.0,4553.376897921046,121522,9,8.0,28.561333333333327,38.653333333333336,1005.4373333333332,0.0,38.217333333333336,2.225333333333334,13.0,False,False,False,False,False,False,False,False,False,True
20,2024_19,2024,103.945727,29.151454,43.819,37.399764,73.29706844195282,333.0,62.59618079887877,104.0,4910.699310908666,138840,9,9.0,28.561333333333327,38.653333333333336,1005.4373333333332,0.0,38.217333333333336,2.225333333333334,11.0,False,True,False,False,False,False,False,False,False,False
11,2024_19,2024,107.7674,28.90609,43.958529,36.954687,73.51553375379584,334.0,45.62549637935062,104.0,4253.808222377949,141371,9,10.0,28.561333333333327,38.653333333333336,1005.4373333333332,0.0,38.217333333333336,2.225333333333334,7.0,False,False,False,False,True,False,False,False,False,False
22,2024_19,2024,105.414444,28.752666,44.763928,35.985071,60.64190609670638,334.0,51.65592151366503,104.0,3843.528906797477,119880,9,11.0,28.561333333333327,38.653333333333336,1005.4373333333332,0.0,38.217333333333336,2.225333333333334,14.0,False,False,False,False,False,False,True,False,False,False
27,2024_19,2024,108.067625,28.869,44.5565,39.4155,51.97407147862649,333.0,67.36965662228451,104.0,3703.155220742817,134980,9,12.0,28.561333333333327,38.653333333333336,1005.4373333333332,0.0,38.217333333333336,2.225333333333334,8.0,False,True,False,False,False,False,False,False,False,False
31,2024_19,2024,105.7462,32.592636,43.336266,36.521066,64.91888577435179,331.0,53.7806003270264,104.0,4007.141497313712,121278,9,13.0,28.561333333333327,38.653333333333336,1005.4373333333332,0.0,38.217333333333336,2.225333333333334,18.0,False,False,False,False,False,False,False,False,True,False
18,2024_19,2024,105.239333,28.326888,42.977214,40.193857,60.85015183368372,328.0,63.01973837888344,104.0,4161.898913805186,139526,9,14.0,28.561333333333327,38.653333333333336,1005.4373333333332,0.0,38.217333333333336,2.225333333333334,15.0,False,False,False,False,False,False,False,False,False,True
30,2024_19,2024,105.6782,35.674333,45.991272,37.763454,47.346064003737446,333.0,51.1090282644242,104.0,3086.7738262088296,119356,9,15.0,28.561333333333327,38.653333333333336,1005.4373333333332,0.0,38.217333333333336,2.225333333333334,9.0,False,False,False,False,False,False,True,False,False,False
23,2024_19,2024,110.838,42.343333,44.956875,37.374125,34.42799579537491,330.0,64.40200887643074,104.0,2306.2998715253448,97954,9,16.0,28.561333333333327,38.653333333333336,1005.4373333333332,0.0,38.217333333333336,2.225333333333334,16.0,False,False,False,False,False,True,False,False,False,False
43,2024_19,2024,116.378666,28.293666,45.695833,40.053166,25.822471385190376,328.0,64.28731604765241,104.0,1881.3452464377483,70985,9,17.0,28.561333333333327,38.653333333333336,1005.4373333333332,0.0,38.217333333333336,2.225333333333334,10.0,False,False,False,False,False,True,False,False,False,False
77,2024_19,2024,107.384333,36.585285,43.565,39.452333,38.90189208128942,331.0,66.70631861714553,104.0,2340.51588413922,119688,9,18.0,28.561333333333327,38.653333333333336,1005.4373333333332,0.0,38.217333333333336,2.225333333333334,17.0,False,False,False,False,False,False,False,True,False,False
44,2024_19,2024,112.65025,32.24675,44.359166,38.570833,26.387292688624154,333.0,83.70807054426535,104.0,1721.1429572529782,134480,9,19.0,28.561333333333327,38.653333333333336,1005.4373333333332,0.0,38.217333333333336,2.225333333333334,20.0,False,False,False,True,False,False,False,False,False,False
24,2024_19,2024,112.867571,32.200285,45.012111,38.178,38.73242233123102,331.0,69.57568325157673,104.0,2233.3310558280778,119730,9,20.0,28.561333333333327,38.653333333333336,1005.4373333333332,0.0,38.217333333333336,2.225333333333334,19.0,False,False,False,False,False,False,False,True,False,False
55,2024_20,2024,91.739,34.873533,34.736333,23.48615,66.24046217571397,350.0,46.72536516241552,104.0,4533.971495530848,149545,9,1.0,21.96296296296296,40.53086419753087,784.7111111111112,0.0,39.41234567901235,1.432098765432099,1.0,True,False,False,False,False,False,False,False,False,False
1,2024_20,2024,88.855166,31.31075,35.394611,23.772722,57.07608458687595,348.0,34.74318726836712,104.0,3352.524362328319,132112,9,2.0,21.96296296296296,40.53086419753087,784.7111111111112,0.0,39.41234567901235,1.432098765432099,6.0,False,False,False,False,True,False,False,False,False,False
4,2024_20,2024,88.2324,30.3407,34.049866,24.956733,47.19724220623501,348.0,58.10606060606061,104.0,3427.2634619577066,124960,9,3.0,21.96296296296296,40.53086419753087,784.7111111111112,0.0,39.41234567901235,1.432098765432099,2.0,False,False,True,False,False,False,False,False,False,False
16,2024_20,2024,90.303928,33.397933,35.025809,23.8413,66.37459123610203,351.0,46.69702419882276,104.0,4339.310115543928,146963,9,4.0,21.96296296296296,40.53086419753087,784.7111111111112,0.0,39.41234567901235,1.432098765432099,3.0,True,False,False,False,False,False,False,False,False,False
63,2024_20,2024,89.1741,31.548818,35.788555,24.655352,59.79289295836058,349.0,70.05608240680183,104.0,3824.6510246348375,153331,9,5.0,21.96296296296296,40.53086419753087,784.7111111111112,0.0,39.41234567901235,1.432098765432099,5.0,False,False,False,True,False,False,False,False,False,False
44,2024_20,2024,88.5988,31.008909,34.626333,24.99,59.583878351863966,351.0,50.93596032265097,104.0,3724.71299324177,126503,9,6.0,21.96296296296296,40.53086419753087,784.7111111111112,0.0,39.41234567901235,1.432098765432099,4.0,False,False,False,True,False,False,False,False,False,False
20,2024_20,2024,87.7645,32.005909,34.568764,24.37375,56.84565075212557,351.0,70.47362110311751,104.0,3792.5325376062783,151593,9,7.0,21.96296296296296,40.53086419753087,784.7111111111112,0.0,39.41234567901235,1.432098765432099,7.0,False,True,False,False,False,False,False,False,False,False
10,2024_20,2024,88.602,30.810545,35.992705,24.031062,56.77883148027033,349.0,46.054992369740575,104.0,4078.6385437104864,130425,9,8.0,21.96296296296296,40.53086419753087,784.7111111111112,0.0,39.41234567901235,1.432098765432099,10.0,False,False,False,False,False,False,False,False,True,False
23,2024_20,2024,85.896454,30.485,34.705444,23.551941,56.90854589056027,345.0,71.26433398735557,104.0,3621.2381730978855,151701,9,9.0,21.96296296296296,40.53086419753087,784.7111111111112,0.0,39.41234567901235,1.432098765432099,19.0,False,False,False,False,False,True,False,False,False,False
27,2024_20,2024,85.9705,30.365181,35.66547,23.3425,56.69958578591672,350.0,68.90832788314803,104.0,3869.4995094833225,152014,9,10.0,21.96296296296296,40.53086419753087,784.7111111111112,0.0,39.41234567901235,1.432098765432099,9.0,False,True,False,False,False,False,False,False,False,False
22,2024_20,2024,91.214166,32.346142,35.624727,23.5239,34.0511227381731,345.0,46.81196860693264,104.0,2169.181654676259,120448,9,11.0,21.96296296296296,40.53086419753087,784.7111111111112,0.0,39.41234567901235,1.432098765432099,20.0,False,False,False,False,False,False,True,False,False,False
30,2024_20,2024,88.05,30.271714,34.8382,24.5319,34.6294964028777,344.0,54.34837584477872,104.0,2277.3664704599955,120682,9,12.0,21.96296296296296,40.53086419753087,784.7111111111112,0.0,39.41234567901235,1.432098765432099,16.0,False,False,False,False,False,False,True,False,False,False
14,2024_20,2024,94.334,33.86,36.297083,25.668166,41.00218007412252,348.0,57.555973403095706,104.0,2885.8895247438413,133646,9,13.0,21.96296296296296,40.53086419753087,784.7111111111112,0.0,39.41234567901235,1.432098765432099,18.0,False,False,False,False,False,False,False,False,False,True
18,2024_20,2024,91.910444,33.509555,36.550307,24.456538,44.01896664486593,350.0,56.36260082842816,104.0,2955.644974929148,127398,9,14.0,21.96296296296296,40.53086419753087,784.7111111111112,0.0,39.41234567901235,1.432098765432099,11.0,False,False,False,False,False,False,False,False,False,True
77,2024_20,2024,87.741375,30.391444,34.465428,24.498153,43.85148245040332,346.0,64.09990189666449,104.0,2661.830553738827,133788,9,15.0,21.96296296296296,40.53086419753087,784.7111111111112,0.0,39.41234567901235,1.432098765432099,14.0,False,False,False,False,False,False,False,True,False,False
43,2024_20,2024,87.72275,30.1845,34.686333,24.362833,19.05842598648354,342.0,93.00670372792676,104.0,1132.6570743405275,147754,9,16.0,21.96296296296296,40.53086419753087,784.7111111111112,0.0,39.41234567901235,1.432098765432099,12.0,False,False,False,False,False,True,False,False,False,False
81,2024_20,2024,88.292833,31.010833,35.067125,23.47475,25.318835840418576,347.0,71.09210813167648,104.0,2071.377370830608,120884,9,17.0,21.96296296296296,40.53086419753087,784.7111111111112,0.0,39.41234567901235,1.432098765432099,8.0,False,False,True,False,False,False,False,False,False,False
11,2024_20,2024,90.570714,32.244142,34.441333,24.507333,28.380749945498145,348.0,78.27926749509483,104.0,1697.0015260518858,150533,9,18.0,21.96296296296296,40.53086419753087,784.7111111111112,0.0,39.41234567901235,1.432098765432099,17.0,False,False,False,False,True,False,False,False,False,False
31,2024_20,2024,90.7385,31.002666,35.953444,25.550888,28.228362764333987,349.0,68.47285807717462,104.0,2296.839056027905,126354,9,19.0,21.96296296296296,40.53086419753087,784.7111111111112,0.0,39.41234567901235,1.432098765432099,13.0,False,False,False,False,False,False,False,False,True,False
24,2024_20,2024,87.726166,31.796,34.531222,23.554,28.449531284063656,345.0,73.44882275997384,104.0,1713.3435251798562,126756,9,20.0,21.96296296296296,40.53086419753087,784.7111111111112,0.0,39.41234567901235,1.432098765432099,15.0,False,False,False,False,False,False,False,True,False,False
4,2024_21,2024,95.641904,25.286958,49.084107,20.866571,78.24062187395799,310.0,46.956485495165055,104.0,5063.812270756919,215794,9,1.0,20.271962616822428,93.35514018691588,927.6383177570092,0.8130841121495327,23.379439252336446,0.5803738317757009,6.0,False,False,True,False,False,False,False,False,False,False
63,2024_21,2024,97.445294,24.546142,50.00496,21.929875,71.34132210736912,312.0,49.84669889963321,104.0,4666.028717905969,216015,9,2.0,20.271962616822428,93.35514018691588,927.6383177570092,0.8130841121495327,23.379439252336446,0.5803738317757009,4.0,False,False,False,True,False,False,False,False,False,False
22,2024_21,2024,97.530222,24.497909,49.50673,22.03796,71.16292930976992,308.0,42.80881127042347,104.0,4806.316688896299,215841,9,3.0,20.271962616822428,93.35514018691588,927.6383177570092,0.8130841121495327,23.379439252336446,0.5803738317757009,7.0,False,False,False,False,False,False,True,False,False,False
31,2024_21,2024,94.490833,24.295083,49.285555,21.1846,75.86549683227743,310.0,42.84786595531844,104.0,4987.410011670557,215791,9,4.0,20.271962616822428,93.35514018691588,927.6383177570092,0.8130841121495327,23.379439252336446,0.5803738317757009,2.0,False,False,False,False,False,False,False,False,True,False
30,2024_21,2024,96.606722,25.543904,49.288807,22.92412,73.65717739246415,308.0,36.182310770256755,104.0,4816.537054018006,216032,83,5.0,20.271962616822428,93.35514018691588,927.6383177570092,0.8130841121495327,23.379439252336446,0.5803738317757009,9.0,False,False,False,False,False,False,True,False,False,False
16,2024_21,2024,95.597437,24.35305,50.67548,21.674608,69.06414638212738,312.0,37.997540846948986,104.0,4511.193356118706,215794,9,6.0,20.271962616822428,93.35514018691588,927.6383177570092,0.8130841121495327,23.379439252336446,0.5803738317757009,5.0,True,False,False,False,False,False,False,False,False,False
23,2024_21,2024,96.415823,24.572,50.715375,20.866652,63.935978659553186,315.0,36.05668556185395,104.0,4081.732869289763,216168,9,7.0,20.271962616822428,93.35514018691588,927.6383177570092,0.8130841121495327,23.379439252336446,0.5803738317757009,18.0,False,False,False,False,False,True,False,False,False,False
81,2024_21,2024,93.880062,24.03621,50.77784,20.223695,66.47774258086028,309.0,48.156552184061354,104.0,4314.892964321441,215792,9,8.0,20.271962616822428,93.35514018691588,927.6383177570092,0.8130841121495327,23.379439252336446,0.5803738317757009,8.0,False,False,True,False,False,False,False,False,False,False
14,2024_21,2024,97.987583,25.313375,50.587952,22.497647,51.52617539179727,306.0,66.29989163054351,104.0,3243.145715238413,215978,9,9.0,20.271962616822428,93.35514018691588,927.6383177570092,0.8130841121495327,23.379439252336446,0.5803738317757009,14.0,False,False,False,False,False,False,False,False,False,True
18,2024_21,2024,97.67975,25.712076,50.593187,22.771812,43.32802600866955,308.0,72.05322607535845,104.0,2843.2311603867956,215914,75,10.0,20.271962616822428,93.35514018691588,927.6383177570092,0.8130841121495327,23.379439252336446,0.5803738317757009,19.0,False,False,False,False,False,False,False,False,False,True
77,2024_21,2024,98.690785,26.729125,50.666052,22.394222,50.048016005335114,300.0,68.2810520173391,104.0,3161.3398216072023,215792,9,11.0,20.271962616822428,93.35514018691588,927.6383177570092,0.8130841121495327,23.379439252336446,0.5803738317757009,13.0,False,False,False,False,False,False,False,True,False,False
1,2024_21,2024,99.649416,26.1632,51.448687,23.821,45.16309603201067,308.0,61.23299433144381,104.0,2973.91734744915,215844,9,12.0,20.271962616822428,93.35514018691588,927.6383177570092,0.8130841121495327,23.379439252336446,0.5803738317757009,1.0,False,False,False,False,True,False,False,False,False,False
11,2024_21,2024,98.197818,25.417714,50.243812,23.669533,42.97690896965655,310.0,56.51092030676893,104.0,2879.0215488496165,191434,9,13.0,20.271962616822428,93.35514018691588,927.6383177570092,0.8130841121495327,23.379439252336446,0.5803738317757009,11.0,False,False,False,False,True,False,False,False,False,False
55,2024_21,2024,96.937916,27.689071,50.87675,21.483333,38.13483661220407,308.0,71.83577859286429,104.0,2479.681477159053,215792,9,14.0,20.271962616822428,93.35514018691588,927.6383177570092,0.8130841121495327,23.379439252336446,0.5803738317757009,16.0,True,False,False,False,False,False,False,False,False,False
10,2024_21,2024,99.9785,25.410882,52.225777,21.6945,49.99083027675892,310.0,64.38108536178726,104.0,3905.5085028342783,215791,9,15.0,20.271962616822428,93.35514018691588,927.6383177570092,0.8130841121495327,23.379439252336446,0.5803738317757009,3.0,False,False,False,False,False,False,False,False,True,False
44,2024_21,2024,97.759375,24.526333,51.5422,22.3296,26.034719906635544,308.0,83.04343114371457,104.0,1656.0735661887295,214276,9,16.0,20.271962616822428,93.35514018691588,927.6383177570092,0.8130841121495327,23.379439252336446,0.5803738317757009,10.0,False,False,False,True,False,False,False,False,False,False
50,2024_21,2024,98.017375,24.197625,52.5718,22.1296,26.161637212404138,305.0,80.9245998666222,104.0,2479.996457152384,157888,9,17.0,20.271962616822428,93.35514018691588,927.6383177570092,0.8130841121495327,23.379439252336446,0.5803738317757009,12.0,False,True,False,False,False,False,False,False,False,False
43,2024_21,2024,100.811,25.43375,55.2225,22.27625,9.65113371123708,309.0,95.82748416138712,104.0,697.772757585862,215791,9,18.0,20.271962616822428,93.35514018691588,927.6383177570092,0.8130841121495327,23.379439252336446,0.5803738317757009,17.0,False,False,False,False,False,True,False,False,False,False
27,2024_21,2024,96.198444,24.5588,50.482636,21.776272,28.72219906635545,308.0,79.9145965321774,104.0,2344.571148716239,184183,9,19.0,20.271962616822428,93.35514018691588,927.6383177570092,0.8130841121495327,23.379439252336446,0.5803738317757009,20.0,False,True,False,False,False,False,False,False,False,False
24,2024_21,2024,97.091777,24.887,52.688,22.044454,28.61541347115705,297.0,84.42426642214072,104.0,1809.1610536845617,215790,9,20.0,20.271962616822428,93.35514018691588,927.6383177570092,0.8130841121495327,23.379439252336446,0.5803738317757009,15.0,False,False,False,False,False,False,False,True,False,False
63,2024_22,2024,109.223052,34.51275,36.06628,41.83276,93.974340375374,347.0,61.28538398766887,104.0,4926.93449088766,160218,9,1.0,11.834693877551018,26.755102040816325,941.3316326530612,0.0,14.06530612244898,0.6734693877551022,1.0,False,False,False,True,False,False,False,False,False,False
55,2024_22,2024,113.11815,33.65985,35.541875,43.429625,90.04578837609938,354.0,62.21946686009611,104.0,5357.60050775229,175644,9,2.0,11.834693877551018,26.755102040816325,941.3316326530612,0.0,14.06530612244898,0.6734693877551022,3.0,True,False,False,False,False,False,False,False,False,False
10,2024_22,2024,107.927222,30.811947,35.57208,43.00164,93.73732886027744,354.0,63.03649469580198,104.0,5360.0952942243175,178084,9,3.0,11.834693877551018,26.755102040816325,941.3316326530612,0.0,14.06530612244898,0.6734693877551022,20.0,False,False,False,False,False,False,False,False,True,False
16,2024_22,2024,106.665235,32.300736,35.526347,41.379636,86.3294496327863,353.0,70.16252606763986,104.0,4997.356650648291,176151,9,4.0,11.834693877551018,26.755102040816325,941.3316326530612,0.0,14.06530612244898,0.6734693877551022,4.0,True,False,False,False,False,False,False,False,False,False
1,2024_22,2024,102.880437,30.039823,34.42538,39.3123,79.04955118324418,349.0,65.04488167558256,104.0,4128.824009429685,179820,9,5.0,11.834693877551018,26.755102040816325,941.3316326530612,0.0,14.06530612244898,0.6734693877551022,5.0,False,False,False,False,True,False,False,False,False,False
4,2024_22,2024,104.743769,28.778214,34.831,41.241947,74.80669144981412,351.0,62.57829358962734,104.0,3804.8353431861456,151656,9,6.0,11.834693877551018,26.755102040816325,941.3316326530612,0.0,14.06530612244898,0.6734693877551022,6.0,False,False,True,False,False,False,False,False,False,False
22,2024_22,2024,107.830777,30.048578,35.37364,43.355041,93.48322604043884,352.0,57.11333756460241,104.0,5027.491749025297,158024,9,7.0,11.834693877551018,26.755102040816325,941.3316326530612,0.0,14.06530612244898,0.6734693877551022,9.0,False,False,False,False,False,False,True,False,False,False
81,2024_22,2024,108.112071,29.667333,36.089571,42.38805,78.68374285973343,352.0,61.434490887659805,104.0,4009.223002992112,153810,9,8.0,11.834693877551018,26.755102040816325,941.3316326530612,0.0,14.06530612244898,0.6734693877551022,7.0,False,False,True,False,False,False,False,False,False,False
27,2024_22,2024,108.637818,29.5025,35.647764,43.613375,63.77649832260404,352.0,66.9540756188231,104.0,3643.5921207725087,161504,9,9.0,11.834693877551018,26.755102040816325,941.3316326530612,0.0,14.06530612244898,0.6734693877551022,8.0,False,True,False,False,False,False,False,False,False,False
44,2024_22,2024,110.883263,33.07895,35.90925,42.289086,89.86707770423429,353.0,58.4734336748572,104.0,4548.199882128933,150648,9,10.0,11.834693877551018,26.755102040816325,941.3316326530612,0.0,14.06530612244898,0.6734693877551022,2.0,False,False,False,True,False,False,False,False,False,False
31,2024_22,2024,108.968714,30.241428,34.837777,43.51,67.58228307190136,356.0,72.07784023936894,104.0,4582.777586363224,177814,9,11.0,11.834693877551018,26.755102040816325,941.3316326530612,0.0,14.06530612244898,0.6734693877551022,17.0,False,False,False,False,False,False,False,False,True,False
20,2024_22,2024,114.531,31.756777,37.963416,44.31775,45.140629250158675,351.0,64.99696255326866,104.0,2332.5987850213073,137550,9,12.0,11.834693877551018,26.755102040816325,941.3316326530612,0.0,14.06530612244898,0.6734693877551022,12.0,False,True,False,False,False,False,False,False,False,False
24,2024_22,2024,110.026846,29.614846,35.720058,44.637,63.69883942333847,354.0,69.77681566778493,104.0,3258.398857557349,158378,9,13.0,11.834693877551018,26.755102040816325,941.3316326530612,0.0,14.06530612244898,0.6734693877551022,13.0,False,False,False,False,False,False,False,True,False,False
43,2024_22,2024,106.670454,29.47675,34.937687,41.9196,59.66864629612839,359.0,69.02466225405749,104.0,3115.961238552906,158792,9,14.0,11.834693877551018,26.755102040816325,941.3316326530612,0.0,14.06530612244898,0.6734693877551022,14.0,False,False,False,False,False,True,False,False,False,False
30,2024_22,2024,107.779769,29.597769,35.535941,43.217588,63.63133556986128,351.0,67.93122676579925,104.0,3352.598921026385,157128,9,15.0,11.834693877551018,26.755102040816325,941.3316326530612,0.0,14.06530612244898,0.6734693877551022,16.0,False,False,False,False,False,False,True,False,False,False
11,2024_22,2024,109.946666,32.376111,36.0693,41.3113,37.53232387342461,349.0,76.80179526702331,104.0,2135.116828361592,174366,9,16.0,11.834693877551018,26.755102040816325,941.3316326530612,0.0,14.06530612244898,0.6734693877551022,10.0,False,False,False,False,True,False,False,False,False,False
14,2024_22,2024,108.499571,29.040142,37.186777,42.975333,33.99288240094297,352.0,74.38367032369209,104.0,2335.517725995104,89660,9,17.0,11.834693877551018,26.755102040816325,941.3316326530612,0.0,14.06530612244898,0.6734693877551022,11.0,False,False,False,False,False,False,False,False,False,True
23,2024_22,2024,107.69225,30.291375,36.5292,41.0452,38.98726085773869,352.0,79.98168464956025,104.0,2359.9756550911234,90727,9,18.0,11.834693877551018,26.755102040816325,941.3316326530612,0.0,14.06530612244898,0.6734693877551022,19.0,False,False,False,False,False,True,False,False,False,False
77,2024_22,2024,108.3335,31.76925,35.6319,41.638,37.37102185148245,351.0,79.40579381630248,104.0,1894.0403028379728,156470,9,19.0,11.834693877551018,26.755102040816325,941.3316326530612,0.0,14.06530612244898,0.6734693877551022,18.0,False,False,False,False,False,False,False,True,False,False
18,2024_22,2024,109.006,29.577,35.113666,51.660666,12.89609212077251,350.0,77.03962281258501,104.0,1114.5374920663703,156406,9,20.0,11.834693877551018,26.755102040816325,941.3316326530612,0.0,14.06530612244898,0.6734693877551022,15.0,False,False,False,False,False,False,False,False,False,True
1,2024_23,2024,98.320375,38.481352,31.629227,30.925863,91.09035326086956,325.0,52.83254076086956,104.0,5033.652740036232,142582,9,1.0,18.807692307692307,59.52564102564103,1017.724358974359,0.0,21.72051282051282,2.115384615384615,1.0,False,False,False,False,True,False,False,False,False,False
63,2024_23,2024,102.044909,39.935863,31.154392,30.586464,115.87788722826087,322.0,47.58656023550725,104.0,6432.088315217391,119576,9,2.0,18.807692307692307,59.52564102564103,1017.724358974359,0.0,21.72051282051282,2.115384615384615,4.0,False,False,False,True,False,False,False,False,False,False
4,2024_23,2024,95.24875,34.683,30.86309,29.252818,91.45697463768116,320.0,53.18421648550725,104.0,4948.764719202899,114854,9,3.0,18.807692307692307,59.52564102564103,1017.724358974359,0.0,21.72051282051282,2.115384615384615,10.0,False,False,True,False,False,False,False,False,False,False
81,2024_23,2024,101.29975,36.137529,31.78909,32.145285,91.38315217391305,320.0,70.79664855072464,104.0,5331.786854619565,142422,9,4.0,18.807692307692307,59.52564102564103,1017.724358974359,0.0,21.72051282051282,2.115384615384615,3.0,False,False,True,False,False,False,False,False,False,False
16,2024_23,2024,97.0919,36.877523,31.66723,28.88832,107.80729166666669,324.0,48.91819519927536,104.0,6243.055423460145,131628,9,5.0,18.807692307692307,59.52564102564103,1017.724358974359,0.0,21.72051282051282,2.115384615384615,2.0,True,False,False,False,False,False,False,False,False,False
44,2024_23,2024,102.15245,39.169428,31.020037,30.830307,111.59369338768116,324.0,44.20301177536232,104.0,5971.89305932971,114082,9,6.0,18.807692307692307,59.52564102564103,1017.724358974359,0.0,21.72051282051282,2.115384615384615,12.0,False,False,False,True,False,False,False,False,False,False
55,2024_23,2024,103.43855,40.442095,31.762615,30.40516,107.71223958333331,324.0,44.17136548913044,104.0,6272.572690217391,131368,9,7.0,18.807692307692307,59.52564102564103,1017.724358974359,0.0,21.72051282051282,2.115384615384615,6.0,True,False,False,False,False,False,False,False,False,False
14,2024_23,2024,95.60025,35.831615,31.611789,31.527722,79.19967164855072,327.0,54.47073143115942,104.0,4388.583389945652,118458,9,8.0,18.807692307692307,59.52564102564103,1017.724358974359,0.0,21.72051282051282,2.115384615384615,7.0,False,False,False,False,False,False,False,False,False,True
11,2024_23,2024,98.973333,35.29175,30.820272,31.848,91.3427875905797,327.0,40.030457427536234,104.0,5203.295742753623,139660,9,9.0,18.807692307692307,59.52564102564103,1017.724358974359,0.0,21.72051282051282,2.115384615384615,17.0,False,False,False,False,True,False,False,False,False,False
20,2024_23,2024,96.031263,35.9675,31.919115,28.7886,107.9889605978261,325.0,66.7950634057971,104.0,6057.93993432971,141004,9,10.0,18.807692307692307,59.52564102564103,1017.724358974359,0.0,21.72051282051282,2.115384615384615,9.0,False,True,False,False,False,False,False,False,False,False
10,2024_23,2024,102.1125,37.169,31.642611,32.248333,75.05061141304348,325.0,49.29908288043478,104.0,4711.037137681159,118282,9,11.0,18.807692307692307,59.52564102564103,1017.724358974359,0.0,21.72051282051282,2.115384615384615,5.0,False,False,False,False,False,False,False,False,True,False
24,2024_23,2024,99.149066,34.716733,31.726789,31.906052,79.07484148550725,322.0,60.610677083333336,104.0,4209.734544836957,118840,9,12.0,18.807692307692307,59.52564102564103,1017.724358974359,0.0,21.72051282051282,2.115384615384615,8.0,False,False,False,False,False,False,False,True,False,False
77,2024_23,2024,97.629071,36.334133,31.413789,30.173722,78.8990036231884,322.0,58.90324954710145,104.0,4320.526551177536,118422,9,13.0,18.807692307692307,59.52564102564103,1017.724358974359,0.0,21.72051282051282,2.115384615384615,11.0,False,False,False,False,False,False,False,True,False,False
22,2024_23,2024,100.781083,36.504833,31.485062,31.84575,66.70595561594203,323.0,56.393738677536234,104.0,3705.6163383152175,118122,9,14.0,18.807692307692307,59.52564102564103,1017.724358974359,0.0,21.72051282051282,2.115384615384615,13.0,False,False,False,False,False,False,True,False,False,False
18,2024_23,2024,101.5672,36.595,31.812857,34.397642,58.52456974637681,325.0,60.88971920289855,104.0,3352.2035778985505,118612,9,15.0,18.807692307692307,59.52564102564103,1017.724358974359,0.0,21.72051282051282,2.115384615384615,18.0,False,False,False,False,False,False,False,False,False,True
23,2024_23,2024,98.879857,36.529714,31.503555,31.514555,37.638360507246375,319.0,64.3268795289855,104.0,2503.0417232789855,92555,9,16.0,18.807692307692307,59.52564102564103,1017.724358974359,0.0,21.72051282051282,2.115384615384615,15.0,False,False,False,False,False,True,False,False,False,False
30,2024_23,2024,95.475285,35.2875,31.6532,29.935555,41.98562047101449,322.0,67.90523097826087,104.0,2344.79834692029,117580,9,17.0,18.807692307692307,59.52564102564103,1017.724358974359,0.0,21.72051282051282,2.115384615384615,14.0,False,False,False,False,False,False,True,False,False,False
27,2024_23,2024,101.018625,35.281625,32.2283,32.2803,41.89402173913044,326.0,83.71257925724638,104.0,2490.443104619565,138998,9,18.0,18.807692307692307,59.52564102564103,1017.724358974359,0.0,21.72051282051282,2.115384615384615,16.0,False,True,False,False,False,False,False,False,False,False
43,2024_23,2024,94.047714,34.604714,31.555111,28.430444,37.74303668478261,319.0,85.30332880434783,104.0,2244.6063179347825,123638,9,19.0,18.807692307692307,59.52564102564103,1017.724358974359,0.0,21.72051282051282,2.115384615384615,19.0,False,False,False,False,False,True,False,False,False,False
31,2024_23,2024,99.854125,37.083625,30.2762,31.8288,41.8984375,323.0,65.39294610507247,104.0,2947.786571557971,117848,9,20.0,18.807692307692307,59.52564102564103,1017.724358974359,0.0,21.72051282051282,2.115384615384615,20.0,False,False,False,False,False,False,False,False,True,False
4,2024_24,2024,97.1908,18.5459,42.606125,38.930437,65.49055734684477,324.0,47.941904652233994,104.0,4011.0745624136343,115752,9,1.0,25.811111111111103,65.79012345679013,1017.3358024691356,0.0,29.67283950617285,1.474074074074074,1.0,False,False,True,False,False,False,False,False,False,False
81,2024_24,2024,99.0109,19.259,42.612312,39.377187,65.44190465223399,327.0,47.94276830953478,104.0,3962.929007369876,115518,9,2.0,25.811111111111103,65.79012345679013,1017.3358024691356,0.0,29.67283950617285,1.474074074074074,10.0,False,False,True,False,False,False,False,False,False,False
55,2024_24,2024,98.7393,20.1921,43.030937,39.488687,65.53011285122064,329.0,41.51151543067711,104.0,4482.572547213265,138962,9,3.0,25.811111111111103,65.79012345679013,1017.3358024691356,0.0,29.67283950617285,1.474074074074074,2.0,True,False,False,False,False,False,False,False,False,False
27,2024_24,2024,94.936727,18.614,41.830882,37.628352,69.31385306310456,332.0,44.82542607093505,104.0,4186.233245048365,115690,9,4.0,25.811111111111103,65.79012345679013,1017.3358024691356,0.0,29.67283950617285,1.474074074074074,8.0,False,True,False,False,False,False,False,False,False,False
1,2024_24,2024,93.741222,19.9805,43.025,35.9325,61.4745508982036,333.0,33.7205204974666,104.0,3463.046695071396,128182,9,5.0,25.811111111111103,65.79012345679013,1017.3358024691356,0.0,29.67283950617285,1.474074074074074,6.0,False,False,False,False,True,False,False,False,False,False
10,2024_24,2024,95.864545,19.505916,42.471388,38.030647,73.6173998157531,327.0,45.38041225241824,104.0,4495.256909258406,115678,9,6.0,25.811111111111103,65.79012345679013,1017.3358024691356,0.0,29.67283950617285,1.474074074074074,7.0,False,False,False,False,False,False,False,False,True,False
63,2024_24,2024,96.888181,21.209,42.958736,38.440833,77.52187931828651,327.0,52.90217641639797,104.0,4488.594484108706,120462,9,7.0,25.811111111111103,65.79012345679013,1017.3358024691356,0.0,29.67283950617285,1.474074074074074,5.0,False,False,False,True,False,False,False,False,False,False
14,2024_24,2024,97.951166,19.038916,42.766894,39.167842,77.49746660525103,330.0,44.10047213265776,104.0,4613.386457853524,122468,9,8.0,25.811111111111103,65.79012345679013,1017.3358024691356,0.0,29.67283950617285,1.474074074074074,9.0,False,False,False,False,False,False,False,False,False,True
77,2024_24,2024,94.746555,19.5515,41.729066,37.7745,61.206701980654074,332.0,55.53932519576232,104.0,3532.5909143251956,115248,9,9.0,25.811111111111103,65.79012345679013,1017.3358024691356,0.0,29.67283950617285,1.474074074074074,18.0,False,False,False,False,False,False,False,True,False,False
11,2024_24,2024,100.281333,20.4525,42.907222,37.566666,73.51589129433441,335.0,37.15442192538001,104.0,4358.152752187932,142010,9,10.0,25.811111111111103,65.79012345679013,1017.3358024691356,0.0,29.67283950617285,1.474074074074074,20.0,False,False,False,False,True,False,False,False,False,False
22,2024_24,2024,98.455875,20.22925,44.278333,37.460416,48.7360663288807,329.0,55.03454629203132,104.0,2964.4488714877934,114332,9,11.0,25.811111111111103,65.79012345679013,1017.3358024691356,0.0,29.67283950617285,1.474074074074074,12.0,False,False,False,False,False,False,True,False,False,False
30,2024_24,2024,97.3265,20.08125,42.7115,38.051333,48.83008982035928,329.0,52.94737448180562,104.0,2877.942192538001,113950,9,12.0,25.811111111111103,65.79012345679013,1017.3358024691356,0.0,29.67283950617285,1.474074074074074,17.0,False,False,False,False,False,False,True,False,False,False
18,2024_24,2024,98.583,26.7449,42.805142,40.001928,56.69132888070014,330.0,58.596672040534315,104.0,3397.6770497466605,121714,9,13.0,25.811111111111103,65.79012345679013,1017.3358024691356,0.0,29.67283950617285,1.474074074074074,14.0,False,False,False,False,False,False,False,False,False,True
16,2024_24,2024,95.640625,19.2295,42.234666,37.381416,48.7535697835099,328.0,68.9415016121603,104.0,3653.7057807462,141229,9,14.0,25.811111111111103,65.79012345679013,1017.3358024691356,0.0,29.67283950617285,1.474074074074074,3.0,True,False,False,False,False,False,False,False,False,False
20,2024_24,2024,99.918571,18.742,44.585,40.12,44.56932289267618,330.0,78.72547213265776,104.0,2968.342411331184,139494,9,15.0,25.811111111111103,65.79012345679013,1017.3358024691356,0.0,29.67283950617285,1.474074074074074,16.0,False,True,False,False,False,False,False,False,False,False
23,2024_24,2024,95.8845,19.161,41.8145,37.594333,24.278443113772457,329.0,85.33429295255642,104.0,1693.124251497006,80305,9,16.0,25.811111111111103,65.79012345679013,1017.3358024691356,0.0,29.67283950617285,1.474074074074074,11.0,False,False,False,False,False,True,False,False,False,False
24,2024_24,2024,99.449,19.7035,43.665,38.788333,24.41910409949332,333.0,74.07513818516813,104.0,1355.0766927683096,113954,9,17.0,25.811111111111103,65.79012345679013,1017.3358024691356,0.0,29.67283950617285,1.474074074074074,13.0,False,False,False,False,False,False,False,True,False,False
44,2024_24,2024,102.507,22.85125,43.747714,40.573857,28.418182865039153,332.0,73.65321280515892,104.0,1564.3394173192078,117296,9,18.0,25.811111111111103,65.79012345679013,1017.3358024691356,0.0,29.67283950617285,1.474074074074074,4.0,False,False,False,True,False,False,False,False,False,False
43,2024_24,2024,90.71975,17.91425,39.3965,38.784166,24.217584062643944,333.0,71.87488484569323,104.0,1506.229329801935,98239,9,19.0,25.811111111111103,65.79012345679013,1017.3358024691356,0.0,29.67283950617285,1.474074074074074,19.0,False,False,False,False,False,True,False,False,False,False
61,2024_24,2024,98.8495,20.1825,43.704166,39.148,24.26445186549977,326.0,66.20215338553662,104.0,1711.8810456011054,113326,9,20.0,25.811111111111103,65.79012345679013,1017.3358024691356,0.0,29.67283950617285,1.474074074074074,15.0,False,False,False,False,False,False,False,False,True,False
