Driver,session_id,season,Avg_Lap_Time,Avg_Sector_1_Time,Avg_Sector_2_Time,Avg_Sector_3_Time
44,2019_1,2019,99.887,34.987722,26.688277,38.263285
77,2019_1,2019,102.112642,34.605052,26.578421,41.077666
5,2019_1,2019,102.006363,35.413562,26.63025,39.076916
33,2019_1,2019,99.37825,35.317647,27.301647,36.97225
16,2019_1,2019,98.392416,34.423823,26.681176,38.623153
8,2019_1,2019,99.417818,35.334,26.329294,38.308916
20,2019_1,2019,99.417583,35.048611,26.330722,39.184833
4,2019_1,2019,101.005571,35.275571,26.733238,38.995
7,2019_1,2019,98.836,34.564117,26.601352,38.496846
11,2019_1,2019,96.3608,34.164933,26.0284,37.8289
27,2019_1,2019,101.53,36.8127,28.3845,39.9195
3,2019_1,2019,101.87375,35.870666,26.7115,40.785625
23,2019_1,2019,101.5546,35.972214,26.429428,39.8614
99,2019_1,2019,97.4908,34.257,25.489714,39.1294
26,2019_1,2019,104.576,36.177538,28.433384,40.394444
18,2019_1,2019,97.77925,34.3715,25.488666,38.7165
10,2019_1,2019,104.0316,35.676333,28.386666,39.7824
55,2019_1,2019,96.343,34.6905,27.49,37.42075
63,2019_1,2019,98.411333,33.714111,25.500333,39.350333
88,2019_1,2019,99.2254,34.4,25.861,37.4552
16,2019_2,2019,100.829333,31.715111,44.660538,25.840307
5,2019_2,2019,107.276222,33.973222,45.113769,29.28723
44,2019_2,2019,105.722727,32.752181,46.831333,27.507466
77,2019_2,2019,104.067,32.6393,45.130466,26.787866
33,2019_2,2019,97.752142,31.90425,44.823583,25.76009
20,2019_2,2019,102.2517,32.0233,46.372866,28.045466
55,2019_2,2019,102.615545,31.289909,47.070941,30.128294
8,2019_2,2019,104.015272,31.477909,47.01847,29.637
7,2019_2,2019,101.081833,31.893416,44.211166,28.202166
4,2019_2,2019,103.684583,31.45075,46.298777,29.071388
3,2019_2,2019,104.006625,32.692375,47.755083,29.09125
23,2019_2,2019,101.0647,31.9042,44.2858,28.1554
10,2019_2,2019,100.935625,31.609875,45.772916,29.028416
11,2019_2,2019,100.675625,31.851,47.77725,28.649583
26,2019_2,2019,100.291,31.732166,44.8555,26.3846
99,2019_2,2019,101.47075,32.71475,46.508333,27.549666
27,2019_2,2019,101.0675,32.7565,45.467666,28.545
18,2019_2,2019,100.09025,31.9845,46.053333,29.768
63,2019_2,2019,100.3926,31.3448,44.853375,27.638875
88,2019_2,2019,100.8736,31.3356,44.67025,27.975375
77,2019_3,2019,107.5048,26.6415,33.737,51.739333
44,2019_3,2019,107.7746,27.0649,33.605066,50.129933
5,2019_3,2019,106.092818,26.635909,32.381687,50.662687
16,2019_3,2019,107.234909,26.754454,33.610437,50.189062
33,2019_3,2019,109.023666,27.253666,34.296071,52.168785
10,2019_3,2019,109.742444,27.836,35.791857,51.2985
3,2019_3,2019,107.401916,27.925916,34.215111,52.116055
27,2019_3,2019,109.1545,27.2593,34.168,52.477066
20,2019_3,2019,112.2707,28.2327,34.743937,53.356687
8,2019_3,2019,113.019888,27.997888,35.198733,54.4744
26,2019_3,2019,106.40875,27.065875,33.867,50.88625
11,2019_3,2019,107.242,26.9925,34.374833,52.541166
7,2019_3,2019,108.53275,27.491125,33.784833,50.507833
55,2019_3,2019,108.545625,27.306125,34.575166,51.63025
4,2019_3,2019,107.47275,26.41175,33.613416,52.46775
18,2019_3,2019,103.4455,26.55025,33.634,51.724333
63,2019_3,2019,106.713666,26.826666,32.064222,50.643444
88,2019_3,2019,104.652,26.857666000000002,32.155666,48.08
23,2019_3,2019,,,,
99,2019_3,2019,136.522,29.619,38.256,65.6825
77,2019_4,2019,111.195538,39.304066,47.007052,27.536333
44,2019_4,2019,113.043857,40.2505,47.2015,27.77
5,2019_4,2019,112.829687,39.861833,47.428363,27.265952
33,2019_4,2019,113.2407,39.887636,46.475571,27.717071
11,2019_4,2019,112.478363,41.268916,46.264764,28.398941
26,2019_4,2019,114.675411,38.893444,46.676272,29.293909
4,2019_4,2019,116.04147,39.370823,47.051478,29.629956
99,2019_4,2019,116.150285,39.827,47.01665,29.4588
16,2019_4,2019,111.824375,39.101555,47.975909,26.4974
55,2019_4,2019,115.48,38.868923,47.144588,28.687937
3,2019_4,2019,110.6641,39.965636,46.6612,28.468533
23,2019_4,2019,115.248769,39.407214,47.358352,29.318235
20,2019_4,2019,117.43975,40.429083,47.740937,29.068812
18,2019_4,2019,109.1508,41.2695,46.06125,28.53275
8,2019_4,2019,111.112285,41.379625,47.5537,27.8328
27,2019_4,2019,120.8898,44.924,50.806625,29.78275
63,2019_4,2019,115.825857,38.899428,46.829333,30.608444
88,2019_4,2019,118.5628,40.9845,49.627428,27.798285
7,2019_4,2019,116.226857,39.994571,47.38775,29.6855
10,2019_4,2019,118.60975,42.77375,48.0938,27.652
77,2019_5,2019,89.148272,24.1645,33.546722,33.840294
44,2019_5,2019,92.751181,25.628833,34.431647,34.406062
5,2019_5,2019,94.945538,27.777769,33.742882,33.213705
33,2019_5,2019,88.574571,26.210375,34.163,32.711818
16,2019_5,2019,95.887214,28.341,34.593631,33.073055
10,2019_5,2019,88.80009,25.3085,34.070294,32.420125
8,2019_5,2019,89.006,23.4355,33.357812,34.4518
20,2019_5,2019,90.632333,24.5401,32.9816,35.1885
26,2019_5,2019,88.45023,24.525642,33.36565,33.155
3,2019_5,2019,91.69525,24.464846,34.849842,34.442666
4,2019_5,2019,90.9363,23.8468,33.649857,35.344142
23,2019_5,2019,88.7876,24.9126,33.132071,32.178285
55,2019_5,2019,92.51875,24.588375,33.603416,35.979333
7,2019_5,2019,91.9689,25.3468,34.986642,32.799785
11,2019_5,2019,86.739,24.307625,32.874083,32.522636
27,2019_5,2019,90.1325,24.9292,41.708285000000004,32.659571
18,2019_5,2019,86.659,23.902833,32.651666,32.196333
99,2019_5,2019,90.2398,25.227166,35.28225,32.935571
63,2019_5,2019,95.074166,25.864166,34.741125,34.84775
88,2019_5,2019,92.959666,24.206333,32.936222,34.998444
44,2019_6,2019,82.302173,21.834428,37.893892,23.039695
77,2019_6,2019,82.277,21.613925000000002,37.744111,23.507363
33,2019_6,2019,81.288642,22.142842,37.131842,23.200214
5,2019_6,2019,81.018666,21.64637,37.455037,22.365714
10,2019_6,2019,81.845947,22.340666,37.822708,22.456157
20,2019_6,2019,84.27121,22.564958,38.114291,24.198894
3,2019_6,2019,81.2557,22.58768,37.641,22.44685
26,2019_6,2019,82.155958,21.943433,37.947266,23.475875
55,2019_6,2019,82.34275,21.943433,38.0922,23.000791
23,2019_6,2019,82.659,22.555129,37.80658,22.99016
27,2019_6,2019,82.421937,22.41955,38.15185,22.31225
4,2019_6,2019,82.316944,22.536409,38.436863,21.822277
8,2019_6,2019,85.213176,22.207142,39.091047,23.275588
7,2019_6,2019,84.004764,23.081095,39.000523,22.50247
99,2019_6,2019,83.7105,23.04759,37.780454,23.439111
16,2019_6,2019,81.499857,21.227,37.6465,21.837
11,2019_6,2019,84.215333,22.394909,38.413454,24.463666
18,2019_6,2019,86.482,22.19509,38.850636,25.473
63,2019_6,2019,84.778166,22.308692,37.969461,25.088916
88,2019_6,2019,85.997333,22.911692,39.136538,24.123916
5,2019_7,2019,83.977222,23.470045,27.015818,34.310833
44,2019_7,2019,83.181687,23.457238,26.02238,33.766125
16,2019_7,2019,81.896842,23.098272,26.1525,33.043666
3,2019_7,2019,84.491785,24.5673,27.24005,35.254071
10,2019_7,2019,78.754333,23.409705,25.231588,31.024333
77,2019_7,2019,86.835,23.588473,27.011473,37.992642000000004
27,2019_7,2019,83.732066,24.149476,27.307904,34.1148
4,2019_7,2019,83.981071,23.929,27.41985,33.654214
55,2019_7,2019,83.873,24.061,26.086,34.523538
20,2019_7,2019,88.444272,23.963666,27.367333,36.349727
33,2019_7,2019,80.939,23.190916,25.84675,31.779
26,2019_7,2019,83.56223,23.883,26.897529,32.999153
99,2019_7,2019,86.4525,23.505375,26.567187,36.3105
23,2019_7,2019,85.251916,24.830687,27.535687,34.2485
8,2019_7,2019,86.204727,24.8868,28.0128,33.866727
11,2019_7,2019,86.16975,24.3815,26.343,37.56625
7,2019_7,2019,86.062125,24.1059,26.891,35.392
18,2019_7,2019,84.515833,24.025888,26.965222,33.481666
63,2019_7,2019,87.080375,24.4662,27.1904,36.029
88,2019_7,2019,84.056875,24.0837,27.0708,33.561375
44,2019_8,2019,109.559066,28.4566,33.24455,47.281562
77,2019_8,2019,103.392428,27.142315,31.286315,45.713333
16,2019_8,2019,106.508785,28.242894,32.835736,46.388428
33,2019_8,2019,104.223428,27.267894,31.877315,46.116
4,2019_8,2019,108.235466,27.428047,33.459333,48.445933
55,2019_8,2019,109.2536,28.105904,32.512714,48.757733
5,2019_8,2019,109.739714,29.364894,32.900368,47.614857
3,2019_8,2019,114.540785,29.786842,33.593684,50.189142
10,2019_8,2019,107.855538,29.130631,32.609315,47.171076
99,2019_8,2019,109.31475,29.143588,33.443411,48.005583
23,2019_8,2019,111.5645,29.804785,33.350714,48.4586
7,2019_8,2019,108.4119,28.983285,32.814357,49.0747
27,2019_8,2019,110.807,29.131133,32.816533,48.582272
11,2019_8,2019,109.967454,29.653733,33.926933,47.186272
20,2019_8,2019,110.210666,29.827117,34.163941,50.371
26,2019_8,2019,117.03475,31.499,34.546,50.40175
8,2019_8,2019,109.441333,27.921888,34.247222,53.667
18,2019_8,2019,113.2435,30.550333,33.686,54.237285
63,2019_8,2019,106.7144,27.833625,31.50175,47.1714
88,2019_8,2019,107.293166,28.379875,32.35175,48.004166
16,2019_9,2019,77.744769,18.021384,34.560055,26.763444
44,2019_9,2019,77.16215,18.72545,34.899615,24.431923
33,2019_9,2019,74.49325,18.527,33.299588,25.357647
77,2019_9,2019,77.439611,18.21121,34.37484,26.732582999999998
20,2019_9,2019,79.146692,18.527928,36.12545,27.476210000000002
4,2019_9,2019,78.600583,18.230461,35.320526,27.305166
7,2019_9,2019,80.844437,19.274647,34.981304,26.689
99,2019_9,2019,80.6374,19.691,34.463909,26.887619
10,2019_9,2019,74.78275,17.775692,33.657722,25.549588
5,2019_9,2019,81.354,18.012571,35.005777,28.323444
8,2019_9,2019,79.986928,18.519,36.099722,26.386166
27,2019_9,2019,79.363,18.80775,33.684583,28.247666
23,2019_9,2019,81.169363,18.853727,34.6746,28.418333
3,2019_9,2019,78.543125,18.830625,34.312083,26.994916
55,2019_9,2019,82.016888,18.214777,35.462833,27.576666
11,2019_9,2019,73.6304,18.009666,35.243125,25.454
18,2019_9,2019,75.043,17.679666,35.364444,25.327888
26,2019_9,2019,77.343833,18.9245,34.79475,24.112
63,2019_9,2019,80.5759,18.453,35.72625,25.680583
88,2019_9,2019,74.1375,18.162875,32.493636,23.61109
77,2019_10,2019,95.638428,30.680285,39.08915,26.59115
44,2019_10,2019,96.462454,30.906636,39.101312,26.762687
16,2019_10,2019,97.432416,30.983583,40.326764,27.949294
33,2019_10,2019,97.789062,31.103,40.614523,26.673809
10,2019_10,2019,98.602466,31.613933,40.797476,28.600428
5,2019_10,2019,97.215615,31.301076,39.913842,27.689105
3,2019_10,2019,97.8006,30.976,40.708523,27.576428
4,2019_10,2019,98.480937,31.275375,40.695476,27.36719
23,2019_10,2019,99.040666,31.600888,40.689791,27.043208
27,2019_10,2019,97.648133,31.338266,40.181761,27.622904
99,2019_10,2019,97.8705,31.479928,40.370277,27.671111
7,2019_10,2019,99.142928,31.666357,40.716166,27.811388
55,2019_10,2019,97.727818,30.099272,40.3392,28.4204
8,2019_10,2019,98.929153,30.713384,41.217823,27.948235
11,2019_10,2019,96.9392,30.4662,39.589285,28.338
20,2019_10,2019,101.519428,31.026428,41.721333,29.318111
26,2019_10,2019,99.55525,32.252375,40.0911,28.095
18,2019_10,2019,93.761833,30.63,39.816666,26.507666
63,2019_10,2019,95.168285,30.288857,39.045777,27.525888
88,2019_10,2019,99.537375,30.861,39.9444,30.0282
44,2019_11,2019,90.363153,20.352714,45.740052,29.603
33,2019_11,2019,92.184818,20.347833,47.680823,30.22225
77,2019_11,2019,93.041384,19.385071,44.913578,32.383
10,2019_11,2019,89.16,19.3834,46.082733,30.995714
7,2019_11,2019,91.954384,19.88623,40.693166,32.377388
8,2019_11,2019,89.16123,18.509142,44.04795,29.842157
55,2019_11,2019,86.945571,17.8242,42.337714,30.09235
11,2019_11,2019,88.993,17.9995,44.671533,32.762933
27,2019_11,2019,83.059777,18.6328,42.828933,29.561571
16,2019_11,2019,92.438857,18.212571,42.981666,33.275777
99,2019_11,2019,87.0047,19.337454,40.1134,30.410285000000002
20,2019_11,2019,85.506714,18.146142,41.838181,30.42309
3,2019_11,2019,86.485,19.209875,44.390666,31.514833
26,2019_11,2019,91.308909,19.457181,43.2798,32.2962
18,2019_11,2019,84.0736,17.7764,41.805133,30.841
4,2019_11,2019,89.811142,18.735,42.796333,29.729666
23,2019_11,2019,91.848166,19.057428,45.633111,34.096375
63,2019_11,2019,86.883875,19.01925,41.66809,29.951636
88,2019_11,2019,89.843875,18.636625,40.831545,32.400363
5,2019_11,2019,,,57.411,35.222
33,2019_12,2019,87.7151,31.9695,33.255,25.824666
77,2019_12,2019,90.325,31.851692,33.233,27.233
44,2019_12,2019,92.9655,32.831875,34.217666,27.658857
16,2019_12,2019,87.149363,30.671,32.513,27.101941
5,2019_12,2019,86.044166,31.120538,31.870388,26.879294
10,2019_12,2019,88.959384,31.948642,34.095842,26.577333
4,2019_12,2019,86.481909,30.681083,33.577388,27.899823
55,2019_12,2019,87.397,30.550142,33.51625,26.732526
8,2019_12,2019,89.043928,30.965066,34.097476,26.2363
7,2019_12,2019,89.262076,32.272571,33.4025,27.666578
27,2019_12,2019,86.645,30.713,32.426083,28.974833
23,2019_12,2019,90.9016,31.6902,34.441571,27.811642
26,2019_12,2019,89.1392,31.7818,34.5615,28.289642
99,2019_12,2019,89.5648,32.0959,32.888857,26.856142
20,2019_12,2019,90.589222,32.094777,34.477923,29.191846
63,2019_12,2019,86.171833,30.287833,33.510111,28.306333
11,2019_12,2019,87.85575,30.71225,34.331333,27.482
3,2019_12,2019,87.22825,30.58225,33.905666,27.3215
18,2019_12,2019,84.96,29.526,32.727,28.549333
88,2019_12,2019,87.1575,31.279,33.614,28.143111
16,2019_13,2019,118.3764,33.6732,54.622666,37.800866
5,2019_13,2019,119.13,34.4131,54.193533,38.1994
44,2019_13,2019,116.0176,35.8485,54.566058,39.157941
77,2019_13,2019,114.038888,35.943583,54.979647,39.894312
33,2019_13,2019,115.044125,34.506555,54.338928,35.992615
3,2019_13,2019,118.828444,34.5816,56.909312,37.051642
27,2019_13,2019,117.284714,33.760222,57.956666,37.144916
7,2019_13,2019,116.734875,33.009727,53.713176,35.716333
11,2019_13,2019,118.069111,33.9157,56.94625,37.729533
20,2019_13,2019,119.182888,33.7352,54.083875,37.840266
8,2019_13,2019,119.8776,33.297666,55.2261,45.4362
4,2019_13,2019,116.8128,34.596333,55.9397,40.281888
18,2019_13,2019,116.37825,32.98825,56.127571,36.9395
23,2019_13,2019,122.54225,33.559,59.906428,41.574166
99,2019_13,2019,116.58,32.091,54.6695,34.9676
10,2019_13,2019,116.678,33.2955,57.3915,42.872333
55,2019_13,2019,115.9985,32.952,56.7485,38.51875
26,2019_13,2019,117.814,33.607,57.62625,41.814
63,2019_13,2019,119.1805,32.778,57.969,39.338
88,2019_13,2019,,31.722,54.3565,38.318
16,2019_14,2019,93.755666,28.545545,31.78125,32.5804
44,2019_14,2019,95.419888,31.1511,31.080571,33.7245
77,2019_14,2019,93.165888,30.0942,31.007214,33.658642
5,2019_14,2019,90.7765,30.4961,30.912125,32.152714
3,2019_14,2019,100.344428,29.601285,32.063916,35.933666
27,2019_14,2019,91.756875,29.33025,30.917615,32.264153
55,2019_14,2019,91.368363,29.066833,31.394277,32.799294
23,2019_14,2019,95.114444,29.4812,31.3902,34.229266
18,2019_14,2019,93.792076,30.249153,31.588166,33.061944
7,2019_14,2019,95.197777,29.9368,32.477133,32.920466
99,2019_14,2019,92.7778,29.8311,32.0755,33.049857
20,2019_14,2019,92.4702,28.6598,31.124428,32.948642
26,2019_14,2019,92.929666,30.8265,31.827187,32.295312
4,2019_14,2019,98.4848,30.9878,33.451928,35.274
10,2019_14,2019,97.6641,31.7407,32.889714,34.121642
8,2019_14,2019,91.701166,29.168,31.688375,32.132
11,2019_14,2019,97.78625,31.113,34.3474,34.628
63,2019_14,2019,97.845,30.765,32.551714,36.411857
88,2019_14,2019,98.156333,31.238666,33.086,34.861875
33,2019_14,2019,101.922,29.06,37.526,33.1125
16,2019_15,2019,113.5175,30.55075,44.971352,43.863764
44,2019_15,2019,113.199636,31.109583,42.854166,45.217777
5,2019_15,2019,109.928444,29.864909,44.261562,43.96
33,2019_15,2019,109.56525,31.9649,44.385333,45.49723
77,2019_15,2019,109.0369,29.730583,42.663166,44.753823
23,2019_15,2019,113.377444,31.239909,44.426937,46.5794
55,2019_15,2019,115.902416,29.462384,46.29321,47.234777
27,2019_15,2019,110.4624,30.53375,44.850777,48.053882
4,2019_15,2019,113.216454,30.590846,45.966842,46.892111
11,2019_15,2019,117.8752,30.3098,46.544857,47.6585
99,2019_15,2019,115.538555,31.3956,46.136714,45.559846
10,2019_15,2019,118.135375,32.381125,46.939083,45.58525
7,2019_15,2019,117.7808,31.7198,45.804071,44.836214
20,2019_15,2019,114.5449,30.0856,43.712928,43.501642
26,2019_15,2019,118.378,31.3354,45.976571,52.293714
18,2019_15,2019,112.716,31.2085,47.37625,44.75725
8,2019_15,2019,114.3564,30.838833,45.882625,43.629428
63,2019_15,2019,118.2086,30.076,47.447571,47.765285
88,2019_15,2019,118.7825,31.849666,47.698666,53.510666
3,2019_15,2019,113.274363,30.392833,46.338111,47.383705
16,2019_16,2019,107.241909,37.943583,36.841529,33.46825
44,2019_16,2019,106.3282,39.106636,36.558882,33.869937
5,2019_16,2019,106.358307,38.4122,35.542809,34.517842
33,2019_16,2019,101.987125,39.149,35.9798,32.497076
77,2019_16,2019,105.5235,37.174833,37.004352,37.045058
55,2019_16,2019,108.469384,38.194071,37.97535,36.153157
27,2019_16,2019,108.1543,38.765,37.438333,35.640066
4,2019_16,2019,107.822615,38.898071,37.53,34.417842
8,2019_16,2019,104.8881,38.305384,38.542526,38.759666
3,2019_16,2019,106.241,38.477333,37.379444,35.553705
10,2019_16,2019,109.68075,39.878333,38.043461,39.525692
11,2019_16,2019,109.008,38.0444,37.438714,38.58323
99,2019_16,2019,106.735,39.1481,36.719142,35.572153
20,2019_16,2019,109.346125,38.154666,39.635923,36.209083
18,2019_16,2019,108.540111,37.3359,37.256142,36.416384
7,2019_16,2019,109.038833,39.714333,36.702375,35.61825
63,2019_16,2019,110.39725,41.246,39.766428,43.876857
88,2019_16,2019,117.896833,39.227833,37.977625,39.804375
23,2019_16,2019,113.5295,38.974333,38.611,34.1525
26,2019_16,2019,,,,
5,2019_17,2019,99.880375,34.488333,45.483928,25.011571
16,2019_17,2019,101.487875,36.196,44.940285,23.414571
77,2019_17,2019,102.324785,36.720466,47.0006,21.839842
44,2019_17,2019,101.302833,37.906142,47.798421,22.771833
33,2019_17,2019,98.7486,35.0241,45.268066,22.5908
23,2019_17,2019,100.185727,34.219,46.626944,25.0215
55,2019_17,2019,105.625272,35.646833,47.65021,24.391684
4,2019_17,2019,102.112333,34.844153,46.15619,24.500368
10,2019_17,2019,102.25825,36.036333,46.544,24.481631
8,2019_17,2019,104.844333,35.609,47.582133,23.629333
99,2019_17,2019,100.816625,34.642625,46.5,25.835
18,2019_17,2019,97.465571,33.836857,45.774181,22.130727
7,2019_17,2019,102.078625,37.557333,45.508461,24.172692
26,2019_17,2019,98.750555,34.864,45.536785,24.455285
27,2019_17,2019,100.453833,34.888714,47.5325,23.401909
3,2019_17,2019,100.9535,36.7735,45.160666,22.688166
11,2019_17,2019,103.6554,35.0786,47.196285,22.074285
63,2019_17,2019,99.8156,34.259,45.803777,26.584125
20,2019_17,2019,,31.236,46.241,26.875
88,2019_17,2019,,,47.866,
33,2019_18,2019,87.3628,31.0482,33.180533,25.741066
16,2019_18,2019,86.026,29.806583,34.448117,24.261823
5,2019_18,2019,87.876,31.273916,32.984823,25.157117
44,2019_18,2019,88.785066,30.815133,33.32655,25.3707
23,2019_18,2019,89.637692,30.981615,34.148333,25.547222
77,2019_18,2019,86.446666,29.384538,32.875055,24.875555
55,2019_18,2019,88.344461,29.848923,34.359,26.736315
4,2019_18,2019,88.222428,30.8995,34.46555,25.52805
26,2019_18,2019,87.024125,30.788875,34.156636,24.687545
10,2019_18,2019,90.15475,31.053687,35.854681,25.625045
11,2019_18,2019,87.616,29.6827,35.300357,26.167214
27,2019_18,2019,87.8391,30.1322,34.856857,25.9485
3,2019_18,2019,89.115,30.9959,35.657357,25.738428
7,2019_18,2019,88.3544,31.168,34.641428,24.829571
99,2019_18,2019,87.3944,30.6697,34.134785,25.674857
18,2019_18,2019,87.910333,30.475,33.616375,26.513875
20,2019_18,2019,85.779166,29.978,33.151777,25.171555
8,2019_18,2019,90.859,31.594666,34.978222,25.718666
63,2019_18,2019,90.375714,30.116142,35.4867,26.355
88,2019_18,2019,91.4385,30.6485,36.321222,24.647333
77,2019_19,2019,107.739916,29.080166,42.85747,39.093294
5,2019_19,2019,107.654454,29.397272,43.186125,38.6935
33,2019_19,2019,104.4529,28.7747,42.5764,37.321066
16,2019_19,2019,106.85823,29.079923,43.218631,37.893368
44,2019_19,2019,110.6905,28.384416,43.980117,39.920941
23,2019_19,2019,106.4848,29.1152,43.068857,37.149857
55,2019_19,2019,107.9369,28.514,45.578466,40.640666
4,2019_19,2019,106.869166,29.479,44.433444,39.230277
3,2019_19,2019,106.2618,29.6333,44.974866,39.957533
10,2019_19,2019,110.58123,30.868769,44.434368,38.895105
27,2019_19,2019,104.671375,28.54,43.797666,39.19025
20,2019_19,2019,103.24675,27.83425,43.5565,37.93725
26,2019_19,2019,105.905,29.1184,43.052142,40.007714
18,2019_19,2019,104.1475,28.5431,42.05,38.294
8,2019_19,2019,106.8711,28.0893,44.484357,39.382785
99,2019_19,2019,108.797833,29.145833,43.560875,37.646
7,2019_19,2019,108.986666,30.4505,42.479875,37.39775
63,2019_19,2019,103.496833,28.041166,42.706333,36.868777
11,2019_19,2019,108.02625,29.1455,42.3928,37.2278
88,2019_19,2019,104.461,29.200166,42.849555,37.432333
33,2019_20,2019,78.7265,19.71525,42.189,18.994333
5,2019_20,2019,82.407,20.537,43.1868,19.577933
44,2019_20,2019,83.419545,21.76809,43.641312,19.17925
16,2019_20,2019,79.871076,20.3035,43.75505,18.208894
77,2019_20,2019,81.526727,20.730583,44.321647,19.084125
23,2019_20,2019,80.2763,20.087,42.684857,19.648
10,2019_20,2019,80.104,20.482812,42.477454,18.353285
8,2019_20,2019,80.9017,19.3966,43.998312,20.047125
7,2019_20,2019,81.563357,20.779785,41.80655,19.61205
20,2019_20,2019,77.560666,19.7699,43.543733,19.371571
4,2019_20,2019,81.818555,20.320555,44.106076,19.506153
3,2019_20,2019,80.831125,20.475375,43.411083,19.66375
99,2019_20,2019,81.116,19.9295,42.269714,19.281571
27,2019_20,2019,79.59775,20.0885,43.8965,19.24875
11,2019_20,2019,79.9632,20.1057,41.504428,19.480714
26,2019_20,2019,81.756,20.18475,42.2351,19.0716
18,2019_20,2019,85.124,21.124571,44.700444,20.631222
63,2019_20,2019,81.180666,21.001333,40.470111,20.385
88,2019_20,2019,81.994166,20.307333,43.536,19.638333
55,2019_20,2019,81.912,17.728,44.1735,23.78
44,2019_21,2019,109.465,20.398615,48.312388,47.891833
77,2019_21,2019,113.937818,19.91909,49.698666,48.186733
33,2019_21,2019,107.8677,19.1771,46.704466,46.196333
16,2019_21,2019,113.223545,20.36409,48.506,48.733
5,2019_21,2019,113.01509,21.292,47.922812,49.394062
23,2019_21,2019,111.772333,19.692133,47.806285,47.841476
4,2019_21,2019,112.44009,19.637909,47.89947,50.586882
3,2019_21,2019,111.9723,20.3421,47.335733,48.455666
55,2019_21,2019,114.423545,19.095909,48.965588,51.132529
27,2019_21,2019,110.019916,19.155416,47.235111,48.442611
11,2019_21,2019,114.493444,19.667333,48.985,51.627
10,2019_21,2019,113.321,21.337875,48.773833,48.610833
18,2019_21,2019,112.06,19.1472,49.349,48.152714
26,2019_21,2019,110.020375,19.642375,48.319583,49.882833
20,2019_21,2019,108.839444,19.5922,49.4115,50.099714
8,2019_21,2019,113.884333,19.694,48.9075,49.9655
99,2019_21,2019,110.33275,18.797,47.780333,48.897
7,2019_21,2019,112.95075,20.458,47.311,46.7795
63,2019_21,2019,115.5145,20.542833,47.56225,50.459625
88,2019_21,2019,108.269,20.9805,48.229833,50.084833
77,2020_1,2020,76.146083,17.841166,34.274333,26.129944
44,2020_1,2020,74.472857,18.251285,33.53105,25.13085
33,2020_1,2020,75.007437,18.155625,33.035909,25.060136
4,2020_1,2020,76.6824,17.83909,34.586352,26.337
23,2020_1,2020,75.224,18.423461,33.754388,25.092529
11,2020_1,2020,74.656416,17.769692,34.320157,26.271
16,2020_1,2020,74.711615,18.5745,34.7436,25.533684
55,2020_1,2020,74.012909,17.735916,34.052388,26.187588
18,2020_1,2020,79.9135,17.794583,34.851294,27.600294
3,2020_1,2020,76.545444,19.1244,34.8834,27.236857
5,2020_1,2020,79.666333,18.180111,34.275153,28.302615
10,2020_1,2020,76.9252,18.171,35.262857,25.693928
26,2020_1,2020,79.177,18.4244,33.733714,28.147071
31,2020_1,2020,73.583375,18.03525,33.146916,25.72825
8,2020_1,2020,77.0299,18.3476,34.208714,26.119071
20,2020_1,2020,76.666166,18.038666,34.70525,26.08075
63,2020_1,2020,79.7465,18.545125,34.8506,27.4299
99,2020_1,2020,75.6532,17.3028,34.834875,27.549375
7,2020_1,2020,76.6405,18.636166,34.569888,25.816222
6,2020_1,2020,76.628,18.2322,35.270583,24.306833
44,2020_2,2020,85.109933,19.632387,38.267558,28.020333
33,2020_2,2020,84.094333,19.8145,37.07103,28.386636
55,2020_2,2020,84.900206,19.9785,37.599129,28.190838
77,2020_2,2020,84.048344,19.913645,37.952757,27.086343
31,2020_2,2020,84.536964,20.734666,37.599515,27.134806
4,2020_2,2020,83.893413,20.0691,37.712909,27.370343
23,2020_2,2020,84.02523,19.661285,39.004266,27.803928
10,2020_2,2020,88.210821,21.242466,39.7625,28.946258
3,2020_2,2020,83.898925,19.858571,37.878709,27.366366
5,2020_2,2020,87.348642,21.551517,37.94675,28.001903
16,2020_2,2020,87.975047,22.300136,37.982291000000004,28.197043
63,2020_2,2020,88.864052,22.301,38.552904,29.599047
18,2020_2,2020,86.55155,21.627047,37.622,27.8955
26,2020_2,2020,85.58825,21.774,37.791782,26.952181
20,2020_2,2020,88.473578,21.82725,38.518772,29.681571
7,2020_2,2020,88.7618,23.966727,38.052833,27.509363
11,2020_2,2020,86.8204,22.069,38.423272,27.831818
6,2020_2,2020,86.8515,21.851181,37.990454,28.1807
99,2020_2,2020,89.6661,23.931363,37.682636,28.33009
8,2020_2,2020,,,49.014,34.192
44,2020_3,2020,85.95825,30.409875,30.548545,26.749863
77,2020_3,2020,86.287928,30.177785,31.0939,28.80905
18,2020_3,2020,83.785733,29.778312,31.0935,25.414571
11,2020_3,2020,85.480866,30.081625,31.900454,26.606047
5,2020_3,2020,86.794769,30.861571,32.2641,27.430842
16,2020_3,2020,85.502846,30.650857,33.3866,27.540526
33,2020_3,2020,85.443642,30.6638,31.268428,27.2111
4,2020_3,2020,87.077615,30.270428,31.9076,28.427526
55,2020_3,2020,87.819928,30.445133,32.102095,28.90355
10,2020_3,2020,94.287,32.9444,34.975857,28.88
3,2020_3,2020,86.7507,30.7253,31.594428,28.028
63,2020_3,2020,86.7569,30.2146,31.668785,28.208785
23,2020_3,2020,88.763416,31.695083,32.4535,27.841187
31,2020_3,2020,86.1069,30.1002,31.147642,27.6015
6,2020_3,2020,91.45,30.6521,32.479785,31.715857
20,2020_3,2020,84.624166,29.524166,30.854777,28.568
26,2020_3,2020,84.863166,30.101666,31.324888,29.870333
8,2020_3,2020,85.2372,29.7918,31.497625,31.758125
99,2020_3,2020,97.154454,37.066272,32.819583,28.07175
7,2020_3,2020,91.487,34.127909,31.141416,27.19575
44,2020_4,2020,96.395076,31.027066,42.932095,29.384476
77,2020_4,2020,99.236272,32.145,42.738375,31.957625
33,2020_4,2020,96.673333,31.0703,41.890571,29.0175
16,2020_4,2020,98.804,31.0197,43.705333,30.2898
4,2020_4,2020,100.712384,31.371928,42.84421,31.190473
18,2020_4,2020,97.871692,30.393357,41.51521,28.853894
55,2020_4,2020,99.253384,30.8185,42.724444,30.230555
3,2020_4,2020,98.743583,30.376076,41.183684,29.955111
31,2020_4,2020,97.507769,30.27323,41.540105,29.083157
5,2020_4,2020,99.331307,30.847461,43.382368,31.15121
10,2020_4,2020,102.436375,33.04025,43.143,28.412818
23,2020_4,2020,99.053714,33.02225,41.5412,28.5114
27,2020_4,2020,99.194333,31.529,41.5445,28.69
26,2020_4,2020,99.01075,32.561375,41.538636,27.313363
63,2020_4,2020,102.194,31.9095,41.824461,31.040846
20,2020_4,2020,94.265666,30.354666,39.848222,28.752333
99,2020_4,2020,95.527166,30.083166,40.343444,28.628666
7,2020_4,2020,98.846666,32.281333,40.700555,28.016777
8,2020_4,2020,94.2105,29.771333,40.509888,28.456777
6,2020_4,2020,111.3958,30.8472,49.350428,30.049142
77,2020_5,2020,99.478615,31.299285,45.31085,30.907947
44,2020_5,2020,98.271461,30.450357,45.0726,29.239736
27,2020_5,2020,101.5685,32.37423,45.636111,30.138882
33,2020_5,2020,95.147428,31.063875,45.06825,28.543818
3,2020_5,2020,99.484375,32.574111,44.336142,30.030692
18,2020_5,2020,95.265909,30.322416,46.132277,30.148823
10,2020_5,2020,98.108727,32.1105,44.075444,29.483647
16,2020_5,2020,95.303,32.961909,45.553,30.475133
23,2020_5,2020,99.276,32.552166,45.957111,30.721176
4,2020_5,2020,98.365181,31.291166,43.9395,29.005176
31,2020_5,2020,97.4495,31.231,42.874666,28.99
5,2020_5,2020,99.116555,31.8904,46.338,32.302857
55,2020_5,2020,99.48675,32.048875,44.657916,29.901333
8,2020_5,2020,100.450181,32.132454,44.134875,29.100562
63,2020_5,2020,106.469125,32.6785,46.100818,31.203636
26,2020_5,2020,99.13225,31.11075,44.776333,29.186333
20,2020_5,2020,96.697,30.518166,44.735666,28.560111
6,2020_5,2020,103.81575,31.98575,46.372333,31.209333
99,2020_5,2020,104.207,33.39725,46.507166,28.8565
7,2020_5,2020,102.7595,35.656,43.993166,28.4345
44,2020_6,2020,85.937777,24.1282,37.249533,36.6
77,2020_6,2020,89.106,25.9951,36.084066,34.321428
33,2020_6,2020,90.162777,25.1563,35.9616,36.784214
11,2020_6,2020,88.745888,23.8468,38.355533,38.761071
18,2020_6,2020,84.845666,22.966,36.688466,33.718538
23,2020_6,2020,89.880909,26.586833,36.161555,34.446588
55,2020_6,2020,88.3435,24.155545,35.130529,38.009062
4,2020_6,2020,87.712818,24.579333,36.351666,34.951647
16,2020_6,2020,87.440818,25.760916,34.6685,34.154235
10,2020_6,2020,90.058363,25.092666,35.008555,36.180647
5,2020_6,2020,88.59525,24.58575,36.099333,36.482416
26,2020_6,2020,88.529875,24.374375,35.3165,37.00925
3,2020_6,2020,91.997125,24.582625,35.911083,36.55925
7,2020_6,2020,91.4085,25.037875,34.30525,35.408666
31,2020_6,2020,88.733125,24.22675,35.571,35.04725
20,2020_6,2020,88.40575,23.976,36.274666,39.572333
8,2020_6,2020,88.38975,25.132,35.493,37.973166
63,2020_6,2020,89.2595,25.107333,35.603777,34.802444
6,2020_6,2020,95.5865,26.409,37.294,35.833666
99,2020_6,2020,91.8455,24.2635,36.301166,35.8815
44,2020_7,2020,114.754666,34.2497,54.352733,34.697428
77,2020_7,2020,113.677666,33.515636,54.808529,41.126062
33,2020_7,2020,112.4343,34.312833,53.522882,35.189125
3,2020_7,2020,118.347333,33.288571,57.343545,40.5436
23,2020_7,2020,114.6935,34.6172,55.0488,39.183571
31,2020_7,2020,115.187333,33.3997,57.345666,37.733214
55,2020_7,2020,118.352888,33.9766,56.392066,38.441642
11,2020_7,2020,120.0755,32.9393,56.077133,38.162533
18,2020_7,2020,118.0999,32.3361,54.870933,39.057933
4,2020_7,2020,114.610444,33.795636,55.250117,41.56875
26,2020_7,2020,117.411,33.580125,54.4115,40.670333
10,2020_7,2020,119.47625,33.904,55.935,36.204416
16,2020_7,2020,114.546571,34.458375,54.046,39.316833
5,2020_7,2020,118.8935,33.657125,55.37525,38.825083
63,2020_7,2020,118.465714,33.148857,55.251636,37.229454
7,2020_7,2020,117.75125,33.874,56.704333,39.275833
8,2020_7,2020,114.547,32.87475,52.467833,42.612
99,2020_7,2020,112.061,33.3245,56.621333,39.5722
6,2020_7,2020,120.67025,34.0965,58.4205,41.8715
20,2020_7,2020,117.8932,32.261,52.35375,36.013428
44,2020_8,2020,93.23625,29.735083,32.320111,33.875333
77,2020_8,2020,91.741181,30.179166,32.412277,32.585
55,2020_8,2020,91.38,29.523,31.726687,33.3118
11,2020_8,2020,90.675545,29.1825,31.619411,33.780187
33,2020_8,2020,90.202636,29.492333,31.565647,34.00425
4,2020_8,2020,91.887272,29.477,31.819888,34.319941
3,2020_8,2020,93.241333,28.6316,32.231812,35.7928
18,2020_8,2020,90.720166,28.577384,31.537157,34.142388
23,2020_8,2020,92.56525,30.104153,32.168263,34.515222
10,2020_8,2020,91.671923,29.8875,31.50425,34.030894
26,2020_8,2020,91.8573,29.7478,31.302428,34.860928
31,2020_8,2020,93.12075,28.842624999999998,31.732,35.852916
16,2020_8,2020,95.8977,30.2521,31.988733,35.6914
7,2020_8,2020,92.284333,29.188888,30.699428,34.318
20,2020_8,2020,91.865111,28.421777,31.268071,35.459214
8,2020_8,2020,90.0126,28.2856,30.471875,34.473125
5,2020_8,2020,90.601,29.400333,31.1116,33.6992
99,2020_8,2020,91.787333,29.337166,31.042444,33.616888
63,2020_8,2020,90.176,28.8348,30.898142,32.476428
6,2020_8,2020,92.379666,29.794333,30.881,33.141
44,2020_9,2020,102.21075,40.1115,29.774714,32.660888
77,2020_9,2020,111.301,38.569272,30.708272,38.185285
33,2020_9,2020,98.91975,36.7915,28.83025,32.3255
23,2020_9,2020,97.963,39.639285,29.852928,40.990888
16,2020_9,2020,99.648727,38.066333,29.075388,37.51975
11,2020_9,2020,98.0081,36.153312,28.842624999999998,36.489363
18,2020_9,2020,107.469,38.248357,29.885071,36.447777
3,2020_9,2020,106.123888,38.513928,29.507785,38.523333
55,2020_9,2020,99.380454,37.167705,28.013294,35.094909
31,2020_9,2020,99.478111,39.615071,27.539142,35.786666
4,2020_9,2020,99.810125,36.65125,27.665583,36.346125
26,2020_9,2020,99.827,35.866727,27.778909,35.917
7,2020_9,2020,97.388875,35.9055,27.6985,34.87525
5,2020_9,2020,98.73,37.336416,29.400583,38.546875
8,2020_9,2020,98.632875,35.30625,27.176166,35.58475
10,2020_9,2020,102.27275,37.757,28.944333,36.42575
99,2020_9,2020,99.343,37.1115,28.120833,33.8005
63,2020_9,2020,98.097,35.467555,27.662666,33.187666
6,2020_9,2020,98.774333,36.877,28.075333,34.959833
20,2020_9,2020,97.14175,36.372166,26.569833,34.187
44,2020_10,2020,102.5863,38.862846,38.804736,35.235588
33,2020_10,2020,102.39775,39.384142,38.48855,35.5
77,2020_10,2020,101.822777,36.695181,38.811666,37.534705
11,2020_10,2020,104.068142,39.280666,40.299266,38.133166
3,2020_10,2020,106.419888,39.407,38.1602,36.943214
55,2020_10,2020,104.927625,37.784666,38.800866,37.881076
31,2020_10,2020,106.65609,37.905666,38.844263,35.846388
4,2020_10,2020,105.6827,38.274181,38.670722,37.18147
10,2020_10,2020,109.236727,41.348384,39.7521,39.807315
23,2020_10,2020,106.2798,39.803083,39.75921,39.804882
16,2020_10,2020,109.07,38.2814,39.745222,37.537666
26,2020_10,2020,103.49775,39.279,39.208266,43.015866
18,2020_10,2020,105.8485,36.646714,40.6119,41.2591
63,2020_10,2020,108.944571,39.341571,40.321818,37.288
5,2020_10,2020,108.119166,38.883666,40.0667,40.6275
8,2020_10,2020,107.21425,40.8146,40.224,40.160285
99,2020_10,2020,106.82325,37.708,38.378833,37.1095
20,2020_10,2020,109.7696,39.033666,39.092875,45.232375
6,2020_10,2020,119.86,46.116666,41.9544,40.0526
7,2020_10,2020,118.141,46.824666,40.1022,43.4016
77,2020_11,2020,100.627785,31.316785,43.031894,27.454368
44,2020_11,2020,101.618153,32.022307,42.891111,27.091388
33,2020_11,2020,99.0519,31.4039,43.194066,27.1102
16,2020_11,2020,100.408769,31.853384,43.218277,27.712777
23,2020_11,2020,100.3171,30.9431,42.9772,29.653933
3,2020_11,2020,99.47175,31.54675,41.022944,28.543111
31,2020_11,2020,99.782857,31.1765,41.08385,28.5082
4,2020_11,2020,99.015,31.679,41.362611,27.108888
11,2020_11,2020,97.907833,30.941166,41.269823,27.438647
55,2020_11,2020,99.841714,31.729285,41.45825,28.18695
5,2020_11,2020,101.686333,32.557916,42.876812,27.962687
10,2020_11,2020,102.589666,33.100583,42.968687,28.30925
26,2020_11,2020,100.770333,31.824416,41.940062,28.6095
99,2020_11,2020,99.7402,31.3876,41.516142,27.913571
20,2020_11,2020,99.511083,31.406166,40.580937,27.150687
8,2020_11,2020,100.406375,31.98575,40.2867,27.9587
63,2020_11,2020,98.0425,31.415666,41.851111,27.503777
6,2020_11,2020,100.361166,32.151666,41.249333,28.059333
7,2020_11,2020,102.276166,33.047666,41.25725,28.115875
27,2020_11,2020,101.1005,31.9865,42.3594,27.1177
44,2020_12,2020,85.6612,24.905375,33.603142,28.56285
77,2020_12,2020,86.079181,25.0535,33.934823,27.925562
33,2020_12,2020,86.77647,25.364833,33.902478,28.211863
16,2020_12,2020,90.51,26.329444,35.428043,29.316545
11,2020_12,2020,87.285,25.0775,32.876523,29.9484
23,2020_12,2020,89.038863,25.564434,34.014896,29.403857
55,2020_12,2020,86.97621,23.922947,32.408958,30.340708
4,2020_12,2020,85.389263,23.926052,33.015666,28.465291
10,2020_12,2020,87.27195,25.384476,33.81273,29.10492
3,2020_12,2020,90.493153,25.689461,34.482352,29.820647
31,2020_12,2020,87.305,24.840928,33.624,29.800611
18,2020_12,2020,88.081444,24.559222,33.42909,29.89359
26,2020_12,2020,86.475444,24.797277,33.057636,29.607681
63,2020_12,2020,91.265307,25.654615,35.404176,30.336235
5,2020_12,2020,89.28725,25.570125,34.05885,30.1528
7,2020_12,2020,85.8502,24.4292,33.207333,29.858249999999998
99,2020_12,2020,87.8799,24.5622,33.538833,31.202166
8,2020_12,2020,87.6373,24.7709,33.1785,31.462583
20,2020_12,2020,90.231125,25.756625,35.6253,31.2618
6,2020_12,2020,90.028444,25.982222,34.791545,29.340909
77,2020_13,2020,86.360733,27.029812,29.157727,32.536238
44,2020_13,2020,84.545733,26.685812,29.486409,30.625142
33,2020_13,2020,87.8091,28.693636,30.054687,31.387533
10,2020_13,2020,88.154538,28.079785,31.283526,30.300777
3,2020_13,2020,85.060818,26.758083,29.397555,30.647647
23,2020_13,2020,89.120071,28.2734,31.245904,31.63455
16,2020_13,2020,88.446071,28.5936,31.16725,30.937736
26,2020_13,2020,86.0606,27.243687,29.938571,30.6209
4,2020_13,2020,86.839181,27.340833,30.21,31.380937
55,2020_13,2020,87.369916,27.317923,30.755631,31.196111
11,2020_13,2020,89.04525,26.878833,30.556062,32.65275
31,2020_13,2020,87.7089,27.4367,29.486714,31.462928
63,2020_13,2020,90.095785,28.244142,30.939222,31.632833
5,2020_13,2020,88.816937,28.359125,30.6422,30.15565
18,2020_13,2020,87.039833,27.097583,29.936125,31.370062
8,2020_13,2020,89.870125,27.074125,31.2674,32.3554
20,2020_13,2020,87.797555,28.364555,29.921272,29.853636
7,2020_13,2020,89.749875,28.7265,30.9131,31.4383
6,2020_13,2020,89.2849,28.1697,31.281916,31.776666
99,2020_13,2020,88.585333,27.301333,29.77025,31.844375
18,2020_14,2020,121.196062,47.467882,43.846909,34.396809
33,2020_14,2020,119.357684,45.78,42.73304,32.452875
11,2020_14,2020,121.78175,44.350875,44.711428,33.81875
23,2020_14,2020,118.725411,47.226904,43.5075,32.51526
3,2020_14,2020,120.368944,45.21535,44.429041,33.181625
44,2020_14,2020,121.974562,46.996555,44.525217,34.300045
31,2020_14,2020,122.856555,46.775761,44.92592,33.940791
7,2020_14,2020,120.540157,46.201952,44.14724,32.56296
77,2020_14,2020,124.042866,47.296823,45.122545,35.773863
99,2020_14,2020,123.768222,47.4636,46.01236,32.596166
4,2020_14,2020,126.156076,48.847714,46.384111,34.05275
5,2020_14,2020,124.017,48.590857,45.57847,34.3885
55,2020_14,2020,127.011636,52.141846,46.829437,34.883562
16,2020_14,2020,125.778166,50.166071,46.716235,34.581187
10,2020_14,2020,127.191,51.250692,45.927625,35.7138
20,2020_14,2020,136.949,51.9492,49.516125,35.803375
26,2020_14,2020,138.004666,56.1102,49.508285,36.581666
63,2020_14,2020,134.6108,49.5964,50.061375,35.612625
8,2020_14,2020,135.4035,54.80675,50.1046,35.5036
6,2020_14,2020,141.611,55.3605,54.6485,38.6325
44,2020_15,2020,101.235777,31.490444,50.1418,28.491
77,2020_15,2020,101.246888,31.136,50.4108,32.1898
33,2020_15,2020,99.24225,39.0666,47.8354,28.751928
23,2020_15,2020,103.0332,32.112454,47.883777,31.424312
11,2020_15,2020,101.41909,31.324615,48.975789,29.112777
3,2020_15,2020,100.747444,31.804272,49.098823,30.089466
31,2020_15,2020,100.613428,32.8305,49.46,33.414916
10,2020_15,2020,100.715285,32.031555,48.89023,28.98725
4,2020_15,2020,100.962888,31.0959,47.792437,29.427
26,2020_15,2020,99.278333,31.402454,48.283764,28.5748
5,2020_15,2020,104.485333,32.213714,48.3877,33.5348
16,2020_15,2020,103.512333,31.858857,47.3305,33.912
18,2020_15,2020,101.261,30.598666,48.6406,32.3805
63,2020_15,2020,102.681857,32.006857,49.908909,29.801363
55,2020_15,2020,103.1365,32.074,51.47275,37.7755
99,2020_15,2020,100.7095,31.069,48.6535,29.295166
7,2020_15,2020,100.20775,31.501,47.629833,29.0395
20,2020_15,2020,103.24525,33.50125,50.665333,30.153666
8,2020_15,2020,103.38125,33.35775,49.992166,31.717166
6,2020_15,2020,104.141,33.26175,54.1995,28.654333
77,2020_16,2020,64.971882,21.586764,23.88275,20.256041
63,2020_16,2020,64.200222,21.930777,23.59376,20.50712
33,2020_16,2020,66.074833,22.308333,25.552,20.423176
16,2020_16,2020,65.254733,22.0594,23.820619,20.819714
11,2020_16,2020,66.033454,22.43875,25.990941,21.077187
26,2020_16,2020,64.063,21.57385,24.553038,20.25156
3,2020_16,2020,62.880777,21.7141,23.611133,20.196928
55,2020_16,2020,62.323916,20.885846,23.15535,20.359578
10,2020_16,2020,68.843285,23.309727,26.292928,20.897407
18,2020_16,2020,64.394583,22.505307,24.671473,20.483722
31,2020_16,2020,67.871555,22.812,26.085,21.260769
23,2020_16,2020,70.091666,23.598888,26.2075,22.394916
5,2020_16,2020,64.977833,21.73025,24.630058,20.841705
99,2020_16,2020,64.7812,21.7718,24.218428,20.703
4,2020_16,2020,65.210272,21.126636,25.842466,21.187066
20,2020_16,2020,62.088333,20.344,23.203111,20.378444000000002
6,2020_16,2020,66.00175,21.200875,24.084454,21.024363
89,2020_16,2020,62.999166,20.5325,22.147333,21.355888
7,2020_16,2020,71.971888,24.955888,26.112727,22.378818
51,2020_16,2020,66.770625,22.538625,24.403454,20.508818
33,2020_17,2020,111.907214,20.515357,49.276315,47.114263
77,2020_17,2020,110.03025,18.970666,48.362166,49.762944
44,2020_17,2020,109.770857,18.951928,47.42065,48.56165
4,2020_17,2020,112.120181,19.11709,51.036588,49.477941
23,2020_17,2020,112.4341,20.1249,49.141866,48.979133
55,2020_17,2020,112.609666,18.724333,49.852642,49.530785
26,2020_17,2020,108.668214,19.4455,47.43715,47.69945
18,2020_17,2020,108.246111,18.4281,48.758133,51.055142
16,2020_17,2020,110.952384,20.0425,50.09595,48.902578
10,2020_17,2020,111.5445,19.696785,47.281,50.00885
31,2020_17,2020,111.940625,19.16225,46.638583,51.863333
3,2020_17,2020,111.517333,19.35,46.850555,49.826666
5,2020_17,2020,111.73325,20.3675,48.868916,48.9405
99,2020_17,2020,109.843625,18.712125,48.77725,49.906083
11,2020_17,2020,113.8475,19.6315,52.80075,49.9015
7,2020_17,2020,111.24525,20.046,49.706166,52.538
20,2020_17,2020,107.197,18.537833,47.737555,47.847
63,2020_17,2020,115.479833,21.355833,49.26525,48.61475
51,2020_17,2020,107.598666,19.044,47.042222,48.065222
6,2020_17,2020,122.0368,20.125,51.779714,57.715428
33,2021_1,2021,101.981,32.1613,50.3558,30.905533
44,2021_1,2021,100.156833,31.523166,48.857944,30.644222
77,2021_1,2021,104.72609,32.124181,50.556705,30.811176
16,2021_1,2021,103.103333,33.6437,49.482533,30.555
10,2021_1,2021,101.318555,33.0392,48.012266,29.331714
3,2021_1,2021,102.819909,33.052416,52.528166,30.457411
4,2021_1,2021,103.04809,33.046416,49.8715,30.716529
55,2021_1,2021,101.697888,32.724818,52.323312,30.594937
14,2021_1,2021,104.771666,33.8972,55.563,31.413714
18,2021_1,2021,99.830222,31.1378,52.483333,32.479714
11,2021_1,2021,107.048571,34.938285,53.286454,31.174909
99,2021_1,2021,102.147875,31.23325,48.033916,31.25125
22,2021_1,2021,106.0805,32.9485,48.772222,31.039666
7,2021_1,2021,105.209875,32.692625,48.522583,32.122916
63,2021_1,2021,106.125,33.470857,50.732363,29.630545
31,2021_1,2021,103.8025,32.42775,51.553333,34.888166
6,2021_1,2021,104.9806,33.1634,50.72325,32.14925
5,2021_1,2021,105.5855,32.257,55.570333,35.440833
47,2021_1,2021,102.7465,31.639499999999998,52.362,29.640333
9,2021_1,2021,105.664333,39.3525,53.526428,33.131428
44,2021_2,2021,84.282928,26.282533,29.309545,31.567523
11,2021_2,2021,84.645727,27.83625,29.895058,30.011562
33,2021_2,2021,84.048153,27.858428,29.118,30.734
16,2021_2,2021,87.301363,28.065923,31.1455,31.982941
10,2021_2,2021,85.228384,27.209466,29.47995,31.779578
3,2021_2,2021,86.597166,26.517142,30.532714,32.120684
4,2021_2,2021,85.18675,26.8237,30.340928,31.014769
77,2021_2,2021,85.352923,26.02,29.316666,33.6119
31,2021_2,2021,85.614909,26.311,29.6525,32.902444
18,2021_2,2021,85.584583,26.205769,29.248368,32.239666
55,2021_2,2021,90.0913,28.12,31.421266,31.591133
63,2021_2,2021,88.5878,27.6622,30.6328,32.401733
5,2021_2,2021,85.7345,26.482333,30.011642,32.898769
6,2021_2,2021,87.8449,27.2532,29.609285,31.893571
14,2021_2,2021,88.927,26.826999999999998,29.925,33.803538
7,2021_2,2021,86.0865,27.211,29.676666,33.774222
99,2021_2,2021,86.2846,26.9264,30.110125,36.265375
47,2021_2,2021,88.324,26.706222,30.2635,32.379363
9,2021_2,2021,93.06425,27.148888,31.450181,34.961909
22,2021_2,2021,,24.216,28.1,36.194
77,2021_3,2021,87.449375,25.236235,33.974652,28.975363
44,2021_3,2021,86.931764,25.107888,33.581583,28.89126
33,2021_3,2021,87.705142,26.295466,33.64995,28.850684
11,2021_3,2021,90.968062,26.635529,34.856272,30.075238
55,2021_3,2021,92.82347,26.698,36.075304,30.435727
31,2021_3,2021,86.801727,25.147166,33.70847,30.395437
4,2021_3,2021,88.778,25.204333,33.676708,29.286086
16,2021_3,2021,92.10959,26.451782,35.748413,30.266571
10,2021_3,2021,89.841789,25.7319,34.430692,29.6984
5,2021_3,2021,88.182933,25.408437,33.819363,30.089047
63,2021_3,2021,93.695181,26.529636,36.226066,31.078333
99,2021_3,2021,90.478066,25.523133,35.227683999999996,29.735315
14,2021_3,2021,91.20225,24.8745,34.786083,32.3785
22,2021_3,2021,93.568615,27.311384,36.575294,29.783647
7,2021_3,2021,91.106666,25.877333,35.785578,29.294736
3,2021_3,2021,89.534777,25.372777,34.488454,29.866181
18,2021_3,2021,92.562,26.095625,35.0495,30.9557
6,2021_3,2021,96.723,28.423,37.751333,31.563555
47,2021_3,2021,90.478,26.242111,34.745454,29.915454
9,2021_3,2021,90.120111,26.512555,34.330545,29.368909
44,2021_4,2021,89.92,25.086384,35.073842,33.191777
33,2021_4,2021,93.865888,27.2117,37.010285,35.179
77,2021_4,2021,92.3913,25.303363,36.693875,35.7102
16,2021_4,2021,88.995818,25.139083,36.1195,33.984823
31,2021_4,2021,89.245111,24.6595,36.116466,36.5555
55,2021_4,2021,89.070777,25.0077,35.836733,34.2545
3,2021_4,2021,89.247375,25.664222,36.938428,35.705769
11,2021_4,2021,98.723909,27.606166,39.045352,36.670625
4,2021_4,2021,91.0498,25.266818,36.538941,35.099812
14,2021_4,2021,89.9872,24.927272,36.718352,35.705187
18,2021_4,2021,89.027625,23.490375,35.629416,35.842332999999996
10,2021_4,2021,90.8635,25.012333,36.250777,34.211111
5,2021_4,2021,90.923625,24.31475,36.313583,35.73425
99,2021_4,2021,88.322,23.511625,35.774833,35.131166
63,2021_4,2021,94.177857,26.450571,37.746909,36.769454
22,2021_4,2021,103.4495,26.10025,36.494833,38.586666
7,2021_4,2021,92.35775,24.96575,35.054,35.325
47,2021_4,2021,87.318,23.323166,36.249222,35.299777
6,2021_4,2021,91.183166,24.778666,36.919444,35.691222
9,2021_4,2021,88.381,24.355333,37.199,34.685888
16,2021_5,2021,85.007181,23.160259,39.083074,22.429739
33,2021_5,2021,83.118333,21.402739,37.344272,23.701944
77,2021_5,2021,81.539043,20.893535,37.209296,23.318043
55,2021_5,2021,87.2642,22.23444,40.05512,24.1635
4,2021_5,2021,81.787789,22.337956,37.943173,21.898157
10,2021_5,2021,83.400518,21.883566,37.519172,23.869111
44,2021_5,2021,81.2912,20.889933,36.672366,24.00496
5,2021_5,2021,82.478238,22.064875,37.43426,22.387904
11,2021_5,2021,83.786523,22.435884,38.34472,23.658
99,2021_5,2021,85.038727,22.628571,39.148142,23.014863
31,2021_5,2021,82.749166,22.346181,37.777772,23.084833
3,2021_5,2021,84.507705,22.764428,37.986,24.492294
18,2021_5,2021,85.509562,22.7396,38.8415,23.902125
7,2021_5,2021,84.047294,24.00219,39.585142,21.782823
63,2021_5,2021,83.880238,22.365666,37.863166,24.242428
22,2021_5,2021,84.981818,22.743384,38.896615,24.118272
14,2021_5,2021,87.4082,22.316833,39.892166,24.3596
6,2021_5,2021,87.008461,23.037571,39.462642,25.530307
9,2021_5,2021,86.1709,23.953166,38.884166,24.331
47,2021_5,2021,,,,
16,2021_6,2021,115.157625,38.888,51.742733,28.715466
44,2021_6,2021,113.0614,38.703384,50.347058,28.291764
33,2021_6,2021,112.110777,39.0161,52.352562,27.850933
10,2021_6,2021,118.284555,42.583636,51.2368,27.820928
55,2021_6,2021,115.420714,39.389888,52.929571,28.596857
4,2021_6,2021,115.693777,39.108454,54.771882,29.143375
11,2021_6,2021,114.441571,38.89275,54.844357,29.320071
22,2021_6,2021,116.526555,40.943384,52.762,27.781733
14,2021_6,2021,115.266,39.939909,50.289166,29.151125
77,2021_6,2021,115.4835,39.881071,51.425176,28.113117
5,2021_6,2021,114.928285,39.069375,50.648461,28.47225
31,2021_6,2021,108.18975,38.854333,49.938,27.224625
3,2021_6,2021,120.059166,39.4535,54.908454,29.57009
7,2021_6,2021,120.4035,41.9939,49.830928,27.169166
63,2021_6,2021,117.700857,39.937444,50.2262,28.3747
6,2021_6,2021,122.28925,43.37325,53.6135,28.630166
47,2021_6,2021,117.4718,40.122571,51.198,28.02
9,2021_6,2021,113.856666,45.479666,53.619857,29.517714
18,2021_6,2021,,36.17,49.953,
99,2021_6,2021,,36.3615,57.409,26.6355
33,2021_7,2021,105.756625,28.797133,32.951133,53.5352
44,2021_7,2021,109.021083,29.318052,33.946526,53.115785
77,2021_7,2021,107.36625,29.074933,32.898,55.7406
11,2021_7,2021,108.729125,29.463666,34.290066,55.0633
55,2021_7,2021,98.907857,33.523842,38.128421,55.141666
10,2021_7,2021,108.3139,32.373285,36.049571,53.542066
16,2021_7,2021,105.027625,36.374789,36.438473,54.013384
4,2021_7,2021,99.730857,31.645,37.303277,54.169
14,2021_7,2021,111.91275,31.101625,36.225062,57.082
3,2021_7,2021,115.996083,31.879666,34.79165,54.846071
31,2021_7,2021,91.879,34.6774,36.683,62.883
5,2021_7,2021,112.498333,31.32,34.299666,55.519142
99,2021_7,2021,106.56925,32.967307,34.473769,61.083875
63,2021_7,2021,123.11175,30.492538,33.270666,57.0945
47,2021_7,2021,119.713,32.236428,36.926,66.18675
6,2021_7,2021,93.062,34.2565,36.1365,69.21925
7,2021_7,2021,93.354,35.366285,39.2665,64.11325
9,2021_7,2021,120.886,31.754714,37.096166,68.80925
18,2021_7,2021,122.467,33.996833,38.3445,65.54075
22,2021_7,2021,,46.836,44.513,74.781
33,2021_8,2021,78.966857,18.745928,36.881578,28.055473
77,2021_8,2021,76.290937,18.247937,33.543045,24.78609
44,2021_8,2021,78.998666,23.730578,34.218958,25.005666
4,2021_8,2021,77.472818,18.76,37.192176,29.87325
11,2021_8,2021,82.072357,19.129733,37.894761,32.74495
10,2021_8,2021,80.737083,19.495307,38.801777,28.979882
16,2021_8,2021,78.921571,19.276466,37.749238,29.2014
22,2021_8,2021,79.882428,19.7706,38.263285,28.4384
14,2021_8,2021,76.073818,18.875416,37.099944,30.078352
18,2021_8,2021,80.868692,18.393,34.799352,30.59647
63,2021_8,2021,80.7854,18.0627,35.822357,29.766071
55,2021_8,2021,87.124,21.036909,38.462133,31.9542
3,2021_8,2021,85.1946,19.5149,37.922714,35.136
5,2021_8,2021,81.100636,19.505636,37.254866,30.662066
99,2021_8,2021,87.613538,20.469923,37.896647,31.906705
6,2021_8,2021,76.817166,18.721833,37.467111,26.836777
31,2021_8,2021,82.88875,18.44775,36.9875,35.954
7,2021_8,2021,96.169166,21.805333,40.611625,35.791
47,2021_8,2021,82.7158,17.5728,38.482125,31.31575
9,2021_8,2021,77.295333,19.0965,37.133333,28.691
33,2021_9,2021,79.1675,18.4865,36.026266,27.785533
4,2021_9,2021,83.786692,19.584692,36.764944,29.882611
11,2021_9,2021,80.81175,19.5945,37.077347,28.56113
44,2021_9,2021,75.528272,18.191833,34.381222,26.668941
77,2021_9,2021,74.893416,17.90823,35.025,28.6905
10,2021_9,2021,77.812285,19.547333,36.069238,27.42405
22,2021_9,2021,79.002928,18.8942,37.088571,28.1924
5,2021_9,2021,79.811769,19.286357,36.09565,31.002684
63,2021_9,2021,78.024666,18.5135,35.013466,30.102285
18,2021_9,2021,77.760571,18.394133,34.202095,29.16935
55,2021_9,2021,85.160454,20.415454,38.240266,30.389533
16,2021_9,2021,81.713363,20.201726999999998,38.8906,28.213
3,2021_9,2021,79.463636,19.170545,36.1616,30.513933
14,2021_9,2021,77.234166,20.246833,37.011333,29.626111
99,2021_9,2021,80.924636,19.690818,37.225733,27.492066
7,2021_9,2021,83.73,20.842,37.718333,28.473444
31,2021_9,2021,74.271,18.217,34.374666,25.994833
6,2021_9,2021,71.882333,18.573,37.132,28.5506
47,2021_9,2021,73.300333,17.505666,36.679333,26.853222
9,2021_9,2021,80.548,18.210666,35.997666,29.535444
44,2021_10,2021,98.254866,31.809562,44.941,29.861772
33,2021_10,2021,95.956,31.495,43.6868,31.509133
77,2021_10,2021,100.245466,32.178562,43.868476,29.651095
16,2021_10,2021,99.836692,32.831571,44.86835,31.98675
11,2021_10,2021,100.938416,32.51,43.852647,30.443352
4,2021_10,2021,100.149153,32.237,45.9031,31.32615
3,2021_10,2021,101.912,32.236937,44.089454,30.876
63,2021_10,2021,102.766416,32.8075,46.053941,30.477
55,2021_10,2021,100.522142,31.965,45.053714,30.366666
5,2021_10,2021,99.6439,31.1032,43.432133,29.733466
14,2021_10,2021,98.69925,32.03725,44.445666,30.562833
10,2021_10,2021,102.7114,32.8511,46.111785,29.916
31,2021_10,2021,99.8745,31.183,43.937833,32.052416
99,2021_10,2021,97.5634,30.8046,44.646,31.284666
18,2021_10,2021,96.504,29.789625,41.617083,30.31825
22,2021_10,2021,104.84725,32.45125,43.9885,30.7199
7,2021_10,2021,96.668333,30.8385,43.914777,29.170555
6,2021_10,2021,106.912666,34.4435,46.982125,30.904125
47,2021_10,2021,106.447625,33.025,46.4997,30.3783
9,2021_10,2021,113.718571,36.467714,48.103111,32.238333
44,2021_11,2021,89.15875,30.87,36.129833,32.088944
77,2021_11,2021,88.33709,31.691083,35.522777,28.461529
33,2021_11,2021,88.7419,31.943,37.11625,28.492866
11,2021_11,2021,92.1055,32.641181,37.153062,30.048333
10,2021_11,2021,89.528333,32.2297,35.780533,27.429642
4,2021_11,2021,89.7325,31.416181,36.81247,29.319187
16,2021_11,2021,91.0032,33.438636,36.849937,28.281466
31,2021_11,2021,86.3015,31.1643,36.811571,28.560076
14,2021_11,2021,87.63575,31.7747,36.469,29.250076
5,2021_11,2021,87.992444,30.742,34.786066,29.0315
3,2021_11,2021,92.308625,32.68175,38.316916,30.320583
18,2021_11,2021,85.9795,29.532375000000002,36.164666,30.90225
7,2021_11,2021,90.2122,30.9436,37.370266,31.1138
99,2021_11,2021,88.321375,29.879375,37.095666,31.226833
55,2021_11,2021,93.6985,32.46,38.5558,33.244
22,2021_11,2021,98.192333,34.593666,39.054375,28.280125
63,2021_11,2021,94.993833,33.471666,36.848125,29.67825
6,2021_11,2021,95.022,32.643,38.902625,32.396
9,2021_11,2021,88.710166,30.652666,36.422444,29.827888
47,2021_11,2021,,,,
33,2021_12,2021,124.3367,37.346812,61.644684,41.725111
63,2021_12,2021,129.166714,38.09145,61.440695,37.604954
44,2021_12,2021,128.531714,37.799943999999996,60.460619,38.5787
3,2021_12,2021,126.349454,38.875944,63.291863,38.7511
5,2021_12,2021,127.905333,38.296277,62.062363,39.572476
10,2021_12,2021,127.740733,38.713684,61.576913,37.375363
11,2021_12,2021,126.934142,36.931833,60.580904,39.6093
77,2021_12,2021,128.663846,38.436666,60.47438,40.6134
31,2021_12,2021,128.891562,38.387052,60.060652,37.056952
4,2021_12,2021,132.569071,37.958333,60.881722,37.115666
16,2021_12,2021,128.217909,37.848,61.331875,38.7398
6,2021_12,2021,128.243454,37.4088,61.853058,36.491352
55,2021_12,2021,128.670909,37.64023,59.651066,37.176866
14,2021_12,2021,130.2808,39.088142,62.286625,37.742562
18,2021_12,2021,130.609538,37.553571,60.623437,38.488125
99,2021_12,2021,131.551333,37.1755,62.211,38.963
22,2021_12,2021,132.809428,37.495125,62.342332999999996,38.086
47,2021_12,2021,129.289666,38.22975,62.203,40.393888
7,2021_12,2021,133.310857,37.96675,62.570444,37.776888
9,2021_12,2021,137.135,38.390428,63.943625,43.865375
33,2021_13,2021,82.604625,28.290666,31.364461,26.425615
44,2021_13,2021,82.2922,28.1521,30.014466,28.641533
77,2021_13,2021,82.0289,27.8669,29.2006,28.849333
10,2021_13,2021,84.032,29.634454,30.799937,29.190133
16,2021_13,2021,83.045916,28.984923,31.468611,27.082352
55,2021_13,2021,85.32375,29.620153,31.775444,28.821294
99,2021_13,2021,81.059818,27.2805,30.481705,27.550058
31,2021_13,2021,80.549666,27.6803,29.0545,28.766062
14,2021_13,2021,81.016142,28.3365,28.84623,26.575544999999998
3,2021_13,2021,82.3431,28.560545,30.319687,27.4046
63,2021_13,2021,83.090125,27.806444,29.17423,26.436083
18,2021_13,2021,79.995428,28.826222,32.099833,30.659166
4,2021_13,2021,84.757375,28.953625,30.752916,28.473166
6,2021_13,2021,81.899375,26.5279,28.869933,29.497428
22,2021_13,2021,82.6476,28.3883,30.240333,27.949
11,2021_13,2021,91.822142,30.659,34.224,27.390444
5,2021_13,2021,89.1794,28.5762,30.867857,31.599142
88,2021_13,2021,82.875166,27.8625,30.501333,28.152555
47,2021_13,2021,81.496125,27.858,29.234,28.211181
9,2021_13,2021,84.717714,29.046857,30.8423,28.4545
77,2021_14,2021,93.41075,29.5085,32.924111,33.390111
44,2021_14,2021,92.185727,29.751,33.310111,33.975058
33,2021_14,2021,98.878615,31.927,35.159263,33.673833
4,2021_14,2021,97.111642,31.596666,33.389285,34.72025
3,2021_14,2021,94.3845,30.107909,32.719235,35.006937
10,2021_14,2021,95.7745,31.342727,33.571125,35.107533
55,2021_14,2021,92.526181,30.574833,33.522888,33.948764
16,2021_14,2021,92.11,31.405727,32.050176,32.683187
11,2021_14,2021,95.494846,32.184857,33.48275,34.291842
99,2021_14,2021,94.1224,29.49409,34.135812,35.538133
5,2021_14,2021,97.1684,30.305,33.338285,36.107428
18,2021_14,2021,99.220333,29.971443999999998,34.87023,36.567307
14,2021_14,2021,99.242,30.493142,35.173272,39.846636
31,2021_14,2021,94.689375,29.322625,34.08225,37.67925
63,2021_14,2021,97.846333,30.838,33.752375,34.214125
6,2021_14,2021,98.50275,31.4575,33.5522,34.2698
22,2021_14,2021,94.177,30.603833,34.488333,35.230222
47,2021_14,2021,89.9668,28.66,33.5035,37.277375
88,2021_14,2021,102.4306,30.9132,34.302142,40.564714
9,2021_14,2021,92.694333,29.495333,34.358444,36.588555
4,2021_15,2021,117.384375,45.24965,40.995173,39.69559
55,2021_15,2021,117.7902,45.377636,39.98372,36.771666
63,2021_15,2021,120.3525,43.407565,40.282384,38.12772
44,2021_15,2021,114.228894,39.7616,39.81775,37.577739
3,2021_15,2021,120.973823,46.2225,41.348652,39.779272
14,2021_15,2021,120.565789,45.473727,40.96512,39.567083
77,2021_15,2021,118.309611,41.81735,40.404347,39.540173
18,2021_15,2021,119.58247,42.956,41.11113,38.401285
11,2021_15,2021,116.257833,42.64738,41.304416,39.159521
31,2021_15,2021,115.072315,41.535095,39.70056,38.131375
5,2021_15,2021,117.370687,41.3155,39.713611,37.8265
10,2021_15,2021,118.4596,42.032375,41.056444,38.629166
22,2021_15,2021,118.396352,42.868388,40.87465,36.321631
6,2021_15,2021,120.521714,45.435555,44.264416,46.903583
16,2021_15,2021,115.826777,40.607555,40.0944,37.8481
7,2021_15,2021,117.628375,45.234111,40.7922,37.4361
47,2021_15,2021,117.629375,43.879666,40.5228,40.7234
99,2021_15,2021,125.012833,45.986875,42.368111,48.752333
9,2021_15,2021,120.397,46.670777,40.7554,40.4883
33,2021_15,2021,119.522,38.599,41.6895,59.214
44,2021_16,2021,92.946565,34.646217,32.973035,26.003535
77,2021_16,2021,95.074681,35.40359,33.406222,28.011888
33,2021_16,2021,94.700052,35.229105,33.82916,28.33292
16,2021_16,2021,94.596625,35.5766,33.887266,28.553206
10,2021_16,2021,95.39347,36.185388,34.641458,27.53375
14,2021_16,2021,93.817,35.377888,33.690791,28.509608
11,2021_16,2021,97.260352,37.880944,34.042958,29.708083
4,2021_16,2021,95.183555,35.370578,34.79316,28.74088
18,2021_16,2021,98.607625,36.697352,34.891173,30.47909
22,2021_16,2021,100.982823,39.699277,36.632958,28.494083
5,2021_16,2021,97.130866,35.839666,34.224368,30.390947
31,2021_16,2021,100.428,37.651714,35.026444,30.154944
63,2021_16,2021,96.544,35.733625,33.93055,28.42685
47,2021_16,2021,96.942357,35.810571,34.983526,29.464684
55,2021_16,2021,100.930727,40.332909,33.897,30.290923
3,2021_16,2021,99.339875,37.85825,34.4054,30.0753
6,2021_16,2021,96.779125,35.407125,35.3244,27.6196
99,2021_16,2021,97.062444,35.639222,34.702272,28.54509
7,2021_16,2021,100.023777,36.805555,35.231272,29.280545
9,2021_16,2021,99.754285,39.701285,34.7813,28.32
33,2021_17,2021,107.1289,31.077727,46.6528,37.929866
44,2021_17,2021,106.1802,29.587,46.099333,39.549666
11,2021_17,2021,105.532636,31.74323,46.557722,39.496444
77,2021_17,2021,109.0629,29.4471,47.081466,39.345666
16,2021_17,2021,107.0671,30.430583,49.061058,43.046937
55,2021_17,2021,109.511333,30.876,49.410066,42.696357
3,2021_17,2021,106.156,29.5352,48.149933,40.514857
4,2021_17,2021,109.420666,29.910333,46.888571,41.041642
10,2021_17,2021,109.714454,30.259363,49.593352,42.483941
22,2021_17,2021,109.25,30.427,49.549611,44.536944
31,2021_17,2021,111.415,30.483625,48.525416,43.34725
5,2021_17,2021,106.814666,29.296666,49.210111,43.519333
99,2021_17,2021,115.435,32.0706,48.427125,44.5525
14,2021_17,2021,110.9905,28.7515,49.514916,41.622833
63,2021_17,2021,110.430142,30.232142,46.73209,41.321636
18,2021_17,2021,114.29075,34.6598,52.809142,50.228571
6,2021_17,2021,111.67025,32.265,46.760166,43.692666
7,2021_17,2021,111.4272,28.3878,48.930714,40.922
47,2021_17,2021,103.977,27.731833,45.616444,43.548
9,2021_17,2021,114.8644,33.655666,50.312375,45.464
77,2021_18,2021,92.357562,31.393125,36.675142,26.894952
44,2021_18,2021,93.4046,32.007466,36.07165,27.8048
33,2021_18,2021,87.991,32.0293,36.527312,24.38075
11,2021_18,2021,91.5987,30.553583,36.816294,26.654812
10,2021_18,2021,89.304076,31.261733,35.878809,26.37125
55,2021_18,2021,89.344785,30.816333,37.320727,25.52619
3,2021_18,2021,89.825333,29.98509,36.5755,28.1346
16,2021_18,2021,88.067923,31.176714,38.937,27.493
22,2021_18,2021,92.9768,32.555083,38.817,26.685882
4,2021_18,2021,92.32325,31.099615,37.152947,26.483722
5,2021_18,2021,87.4026,30.0097,33.559466,28.173933
7,2021_18,2021,89.08,30.267307,35.577944,26.781176
63,2021_18,2021,89.876875,31.174,36.493923,28.220846
99,2021_18,2021,88.741444,31.4348,36.615,27.191928
31,2021_18,2021,91.594875,31.421555,35.277846,26.10125
14,2021_18,2021,92.76725,30.8718,35.639833,28.201833
6,2021_18,2021,93.1808,31.7872,36.29875,30.835
47,2021_18,2021,87.929333,29.416833,36.071,26.920111
9,2021_18,2021,87.766333,30.214333,37.697333,27.419666
18,2021_18,2021,80.873,27.837,35.002,23.539
44,2021_19,2021,83.936941,21.647882,44.591739,19.606782
33,2021_19,2021,80.975416,20.406916,44.136294,19.445882
77,2021_19,2021,83.918352,20.530705,45.979304,20.317956
11,2021_19,2021,81.715,21.4245,45.382863,19.170476
10,2021_19,2021,79.72809,19.957166,45.151888,19.451176
55,2021_19,2021,82.472538,20.577538,44.585,20.632
16,2021_19,2021,81.0892,21.2104,43.953454,18.971
4,2021_19,2021,83.186266,20.635437,46.172818,18.568333
3,2021_19,2021,80.438714,20.681466,43.615863,18.969761
14,2021_19,2021,83.551846,21.913538,43.576578,20.553105
31,2021_19,2021,81.6919,20.8791,45.602,19.204071
5,2021_19,2021,83.893909,21.152818,46.085266,19.714933
22,2021_19,2021,82.214833,22.1945,44.953444,18.944555
7,2021_19,2021,78.9935,19.9249,44.1526,19.6052
99,2021_19,2021,80.658333,20.045333,46.6045,19.592642
18,2021_19,2021,86.633571,21.163142,44.906333000000004,20.496666
6,2021_19,2021,81.074333,20.263166,44.502444,19.758777
63,2021_19,2021,88.014142,21.625571,46.6272,20.7869
47,2021_19,2021,81.503,20.063,46.329,19.420727
9,2021_19,2021,83.045428,21.126285,46.6859,20.0023
44,2021_20,2021,102.310363,37.502222,33.589666,36.273538
33,2021_20,2021,108.429846,37.409611,34.2945,35.156153
77,2021_20,2021,105.648615,37.2428,34.29035,38.773071
10,2021_20,2021,106.546461,37.154263,33.204947,35.640571
14,2021_20,2021,104.67909,37.263888,34.606055,37.5535
4,2021_20,2021,102.09723,36.875095,34.853761,37.670466
55,2021_20,2021,104.849666,37.557476,33.845476,34.6922
22,2021_20,2021,103.61709,38.725111,32.567666,38.152666
31,2021_20,2021,97.8639,36.223666,32.951444,38.237833
5,2021_20,2021,106.075466,35.426047,33.716809,36.905125
11,2021_20,2021,106.814875,37.274416,34.769833,40.245666
18,2021_20,2021,109.28509,35.879066,32.993133,39.476181
16,2021_20,2021,109.900363,37.466866,34.738266,36.958181
3,2021_20,2021,109.732545,35.366732999999996,32.7032,40.198
63,2021_20,2021,100.063833,35.085625,32.937062,33.29025
7,2021_20,2021,99.534833,35.736888,32.310666,32.632166
6,2021_20,2021,103.387125,34.853,33.1972,35.163
99,2021_20,2021,105.827,36.601125,35.49725,34.383666
47,2021_20,2021,105.462833,35.279222,33.168333,36.028
9,2021_20,2021,101.2994,38.456111,33.687555,39.513166
44,2021_21,2021,109.394611,41.547789,35.352304,35.188
77,2021_21,2021,107.45035,39.35038,34.253666,34.564666
33,2021_21,2021,108.971727,40.181071,37.018421,39.194736
16,2021_21,2021,106.76947,39.689722,35.503958,36.473
11,2021_21,2021,106.610736,38.680947,33.844651999999996,35.119434
10,2021_21,2021,107.57935,41.630476,33.089653,35.477923
4,2021_21,2021,108.0204,41.103588,34.848047,39.016333
22,2021_21,2021,110.329666,42.005714,33.484769,36.463
31,2021_21,2021,106.759555,38.324777,33.391727,36.485772
99,2021_21,2021,103.256357,41.017117,35.37419,37.205047
3,2021_21,2021,108.552285,38.492214,34.398882,37.86547
7,2021_21,2021,102.953538,37.898642,33.104722,37.359055
14,2021_21,2021,105.777214,36.3035,33.096823,37.858294
63,2021_21,2021,108.522538,39.029384,35.437529,35.911058
55,2021_21,2021,111.2628,39.674666,38.399062,40.813812
6,2021_21,2021,112.639,38.564285,36.865111,38.649777
5,2021_21,2021,110.316875,39.002,32.752,39.5579
18,2021_21,2021,113.188857,40.672142,33.489777,41.794555
47,2021_21,2021,99.211333,35.525166,33.826888,39.944777
9,2021_21,2021,103.1776,38.5494,34.45325,42.554875
33,2021_22,2021,98.987076,20.776428,43.607631,41.948684
44,2021_22,2021,95.777333,20.420461,42.034722,37.460333
4,2021_22,2021,97.195833,20.132142,44.819294,42.486705
11,2021_22,2021,100.337611,20.640611,42.262291,39.757291
55,2021_22,2021,100.030571,20.2784,46.852857,43.454476
77,2021_22,2021,96.433285,19.010428,41.88555,40.74865
16,2021_22,2021,96.7628,19.85325,44.813227,41.897
22,2021_22,2021,101.666437,20.954437,45.912562,43.789125
31,2021_22,2021,98.20723,18.882857,41.97325,43.715947
3,2021_22,2021,94.890666,18.935076,41.378444,43.176235
14,2021_22,2021,101.437875,21.379125,43.458416,42.39025
10,2021_22,2021,104.622,21.387,43.931,44.101187
18,2021_22,2021,104.640384,20.452769,44.217076,45.93823
99,2021_22,2021,103.922307,20.378153,45.432823,43.49447
5,2021_22,2021,102.945846,20.249785,44.50247,40.364294
6,2021_22,2021,99.216,19.266666,42.417625,43.611142
63,2021_22,2021,98.37325,19.731,41.263285,42.241
7,2021_22,2021,100.3002,18.9734,43.329285,40.428857
47,2021_22,2021,92.822,18.365166,41.706375,41.04775
9,2021_22,2021,92.7086,19.115666,42.177333,40.361
16,2022_1,2022,101.5887,32.2401,44.5346,27.491133
1,2022_1,2022,102.5849,32.7654,45.656,26.201357
55,2022_1,2022,104.2268,33.556,45.4848,28.1492
11,2022_1,2022,101.120363,32.45125,45.534222,27.397941
44,2022_1,2022,103.248272,33.059583,44.721882,27.567
77,2022_1,2022,101.153555,32.3471,45.264466,27.1785
20,2022_1,2022,101.060857,31.295125,45.393727,26.232454
14,2022_1,2022,102.8515,32.908555,46.490857,28.298769
63,2022_1,2022,104.373272,33.729666,45.665352,26.840625
10,2022_1,2022,101.02623,32.433857,45.175047,26.6391
31,2022_1,2022,105.39025,33.7,44.632416,29.821
47,2022_1,2022,101.483857,31.033285,46.040727,28.206272
4,2022_1,2022,105.095,32.8267,44.469071,28.272642
23,2022_1,2022,103.14125,32.562125,45.088692,26.884846
24,2022_1,2022,103.95075,33.199375,47.16175,27.940083
22,2022_1,2022,102.0632,31.8124,45.703125,26.981375
27,2022_1,2022,104.1395,33.19375,48.728,28.7395
3,2022_1,2022,106.1425,33.682,45.437125,26.318875
18,2022_1,2022,101.6745,31.59425,44.062166,27.753
6,2022_1,2022,105.887,31.862,47.58025,29.6375
11,2022_2,2022,105.654916,39.088583,32.523555,34.394833
16,2022_2,2022,106.46023,38.480933,34.02025,34.400842
55,2022_2,2022,104.965466,37.545466,34.833809,34.5948
1,2022_2,2022,105.871266,41.273764,34.370136,34.549333
31,2022_2,2022,105.968785,37.294571,33.364,35.253736
63,2022_2,2022,107.036857,39.563866,33.21375,33.590315
14,2022_2,2022,105.5224,38.004133,33.13515,35.14265
77,2022_2,2022,105.300058,39.351117,33.235142,32.498047
10,2022_2,2022,107.135733,39.017266,33.12609,35.6371
20,2022_2,2022,103.7142,37.146375,32.426,33.758818
4,2022_2,2022,104.918222,39.3761,34.423266,35.435357
3,2022_2,2022,104.4128,39.76609,33.259266,35.8828
24,2022_2,2022,104.858,41.680666,34.564312,35.6796
47,2022_2,2022,99.496,35.6965,32.612583,32.774545
18,2022_2,2022,102.8385,38.0151,32.473666,34.8055
44,2022_2,2022,107.5475,40.01,32.6084,33.8283
23,2022_2,2022,112.116166,41.220833,34.461875,37.19125
27,2022_2,2022,106.791333,39.0135,33.029111,36.047777
6,2022_2,2022,115.852,42.476666,36.5795,34.444
22,2022_2,2022,,,39.346,45.492
16,2022_3,2022,100.684625,36.6535,22.545,41.662294
1,2022_3,2022,93.303125,34.384809,20.698904,38.189117
11,2022_3,2022,94.311411,34.20495,20.932,39.411
4,2022_3,2022,97.611666,35.30925,21.7511,40.874733
44,2022_3,2022,92.750045,34.436074,20.511222,38.163181
63,2022_3,2022,95.87615,34.11573,20.27648,40.9445
3,2022_3,2022,97.1685,36.6521,20.857904,40.283066
31,2022_3,2022,92.65225,34.371681,20.741909,38.66375
55,2022_3,2022,97.650375,35.75409,22.489181,42.157058
14,2022_3,2022,96.3134,33.618928,20.836,40.457181
10,2022_3,2022,97.6835,36.298263,20.848111,41.677285
77,2022_3,2022,94.8061,34.100461,20.047769,40.965
22,2022_3,2022,102.923666,37.208764,21.246411,44.276833
24,2022_3,2022,98.349333,36.863875,21.081666,42.570166
47,2022_3,2022,92.962538,33.398888,20.250421,40.227428
23,2022_3,2022,91.575857,34.4448,20.991454,39.105125
20,2022_3,2022,89.880857,33.2263,19.944818,37.715625
5,2022_3,2022,94.7595,33.926333,19.913333,43.009
6,2022_3,2022,99.857666,36.63675,19.93025,46.138
18,2022_3,2022,106.833,39.521,20.806,42.088
1,2022_4,2022,88.62709,28.523333,30.949165999999998,32.813764
16,2022_4,2022,88.72809,27.798461,31.415947,33.667882
4,2022_4,2022,95.994636,31.796071,32.28035,33.117764
20,2022_4,2022,95.66309,31.291933,31.2571,35.49175
14,2022_4,2022,92.398571,29.274176,31.795136,33.187047
3,2022_4,2022,95.213454,31.25323,32.677176,32.271562
11,2022_4,2022,89.906,27.940352,30.887272,33.4906
77,2022_4,2022,89.810076,28.576588,31.580238,33.827
5,2022_4,2022,91.648538,29.503466,31.478142,33.90745
55,2022_4,2022,90.0455,27.505111,30.14425,32.139083
63,2022_4,2022,92.102181,30.752363,30.2805,32.672928
47,2022_4,2022,93.566636,31.076,30.3898,32.792928
44,2022_4,2022,90.876636,30.288818,29.964285,32.201857
24,2022_4,2022,88.926909,28.711615,31.181928,30.861142
18,2022_4,2022,91.652375,29.542111,30.981384,35.511916
22,2022_4,2022,93.087875,35.089777,31.599818,33.7595
10,2022_4,2022,92.121375,32.436222,31.308818,34.4525
6,2022_4,2022,97.844666,37.9989,32.465083,33.85625
31,2022_4,2022,101.443833,31.372571,31.3065,36.911
23,2022_4,2022,123.171,43.2505,34.738333,40.181
16,2022_5,2022,110.5018,39.584619,39.443083,31.939125
55,2022_5,2022,113.28655,42.225523,40.28124,32.88372
1,2022_5,2022,103.989916,34.39975,39.579705,31.422411
11,2022_5,2022,102.111692,35.8088,39.478238,34.8284
77,2022_5,2022,102.842928,34.092466,39.5925,31.745473
44,2022_5,2022,103.876928,35.286125,39.561238,34.3186
10,2022_5,2022,103.370666,35.807812,39.408,30.534523
4,2022_5,2022,103.751785,35.377187,39.531772,33.157047
22,2022_5,2022,101.868846,34.6678,38.717428,34.58105
18,2022_5,2022,104.483692,35.612333,40.814571,35.3407
14,2022_5,2022,103.399,34.9176,39.202642,36.360357
63,2022_5,2022,105.352181,34.85025,39.808066,35.2168
5,2022_5,2022,106.318,40.161,39.8316,34.009466
3,2022_5,2022,102.9073,34.91109,38.670933,31.84
47,2022_5,2022,105.856466,34.97175,39.247315,34.829052
20,2022_5,2022,106.1107,35.2638,40.165454,30.314636
24,2022_5,2022,108.365833,34.068142,41.021666,38.651444
23,2022_5,2022,102.048285,35.725875,38.3174,34.7992
6,2022_5,2022,107.508428,36.245,40.1173,33.184888
31,2022_5,2022,,,,
16,2022_6,2022,92.437714,24.771428,35.434454,35.146363
1,2022_6,2022,95.3523,25.9341,36.106666,35.6388
55,2022_6,2022,91.280555,26.4408,35.742866,37.525533
63,2022_6,2022,92.694,25.759111,36.281714,36.507615
11,2022_6,2022,98.72709,28.960333,35.575411,37.577687
44,2022_6,2022,91.257555,25.2004,34.416866,34.588285
77,2022_6,2022,91.668909,25.672,37.773777,35.080235
20,2022_6,2022,87.55109,24.043833,37.123666,34.679176
3,2022_6,2022,92.1111,24.7174,36.018933,35.9554
47,2022_6,2022,88.969181,24.08075,37.974166,34.222823
4,2022_6,2022,92.71775,26.33375,36.345166,35.055666
31,2022_6,2022,97.774,24.345666,36.150888,37.779111
22,2022_6,2022,90.3702,24.6948,34.663066,34.637333
10,2022_6,2022,95.1942,25.0146,35.7342,37.356266
24,2022_6,2022,94.573,25.23,37.305066,36.945333
5,2022_6,2022,93.73325,24.47375,36.826333,36.016
14,2022_6,2022,99.607333,27.773,36.6288,34.8994
18,2022_6,2022,101.839,24.58925,36.064666,43.303166
23,2022_6,2022,99.3185,25.37725,35.869833,37.0765
6,2022_6,2022,103.334428,27.661142,35.707111,39.384555
16,2022_7,2022,92.426631,25.505958,42.3845,23.321842
55,2022_7,2022,93.556095,25.45372,41.773956,25.866809
11,2022_7,2022,84.375578,22.885,38.492125,27.4468
1,2022_7,2022,86.93775,24.11676,39.015458,23.49065
4,2022_7,2022,88.30265,24.469923,39.92372,23.6536
63,2022_7,2022,87.0565,23.514307,39.109423,24.253409
14,2022_7,2022,87.369066,23.397545,40.31895,23.459066
44,2022_7,2022,88.267272,24.371928,39.778,26.339478
5,2022_7,2022,86.312666,23.58773,38.141807,24.802047
31,2022_7,2022,88.431866,23.879181,40.06765,24.5662
22,2022_7,2022,88.174866,25.16235,39.537842,24.376266
77,2022_7,2022,90.93575,25.259625,41.316937,23.538416
20,2022_7,2022,85.685071,23.845333,39.330894,23.900333
3,2022_7,2022,88.199875,23.335428,39.89965,24.983
47,2022_7,2022,87.336333,24.792823,39.707375,23.68225
23,2022_7,2022,89.2235,24.210307,40.117,24.979416
10,2022_7,2022,90.468285,24.4945,40.7578,25.377142
18,2022_7,2022,86.225,24.675272,39.505909,24.340125
6,2022_7,2022,87.2431,24.167692,40.041166,29.153454
24,2022_7,2022,93.2235,27.143333,40.807333,23.659666
16,2022_8,2022,118.826615,43.0776,49.272578,27.233176
11,2022_8,2022,117.391384,41.730714,48.309166,27.769529
1,2022_8,2022,119.957461,44.7688,48.867277,28.589823
55,2022_8,2022,122.086307,45.042333,49.12821,28.090235
63,2022_8,2022,114.296071,39.825933,47.761272,28.638
10,2022_8,2022,115.320133,42.216294,47.771681,28.653333
44,2022_8,2022,114.002692,40.871133,48.307761,28.3134
22,2022_8,2022,115.6975,42.828928,48.880095,28.8857
5,2022_8,2022,122.347,42.814916,50.250764,28.682235
14,2022_8,2022,115.145272,40.113307,50.122368,29.170833000000002
4,2022_8,2022,116.023555,40.868818,49.9954,29.227
3,2022_8,2022,119.923545,40.923666,50.277812,29.843562
31,2022_8,2022,116.65475,39.850111,47.748153,28.869333
24,2022_8,2022,121.272,42.258444,49.39725,29.807333
77,2022_8,2022,121.235333,43.196444,49.490416,29.357333
20,2022_8,2022,115.2672,38.9966,49.300625,28.761875
23,2022_8,2022,120.2885,41.832,48.921125,29.967375
6,2022_8,2022,118.593,40.5108,51.04,29.071
18,2022_8,2022,122.40825,40.0966,54.1505,27.861666
47,2022_8,2022,116.0056,39.082,48.55225,28.711625
1,2022_9,2022,95.35023,28.019666,29.514666,38.679148
14,2022_9,2022,97.66025,27.785792999999998,31.07031,39.215791
55,2022_9,2022,97.035,28.919758,29.957,39.47116
44,2022_9,2022,97.637076,30.193322,30.564935,39.435925
20,2022_9,2022,96.54984,29.664133,31.191225,38.099629
47,2022_9,2022,98.511148,28.395387,31.142612,39.521518
31,2022_9,2022,95.72244,27.897566,30.028066,38.24776
63,2022_9,2022,98.39516,28.877827,31.165033,39.553884
3,2022_9,2022,98.58723,28.3666,30.584433,40.292153
24,2022_9,2022,97.989538,29.080033,30.67758,38.960888
77,2022_9,2022,96.383187,28.310894,31.344333,38.83421
23,2022_9,2022,102.463941,29.5135,34.728809,40.933833
11,2022_9,2022,100.404583,29.019357,31.222692,39.835083
4,2022_9,2022,100.509727,29.530933,32.173,38.754272
16,2022_9,2022,101.203777,29.1244,31.4162,40.638333
10,2022_9,2022,103.1856,30.804454,32.548454,41.1433
5,2022_9,2022,103.469,30.516,32.449916,41.349
18,2022_9,2022,106.3659,29.997636,32.815454,43.7522
6,2022_9,2022,103.2686,30.973727,33.224636,39.8228
22,2022_9,2022,112.246,31.3575,32.10225,47.398
55,2022_10,2022,108.512318,34.14626,43.99088,32.7714
1,2022_10,2022,109.4784,33.91525,44.837739,33.311521
16,2022_10,2022,108.785909,34.360045,44.1076,32.0208
11,2022_10,2022,109.738727,35.472521,44.892153,32.707384
44,2022_10,2022,107.93665,33.52825,44.156,32.677521
4,2022_10,2022,108.636,33.847391,44.840615,32.490653
14,2022_10,2022,113.9043,35.9829,46.651913,31.667304
63,2022_10,2022,107.30195,33.2004,44.169956,32.56526
24,2022_10,2022,111.12648,34.35136,45.5705,32.975178
6,2022_10,2022,115.10865,39.908285,46.246625,31.708125
10,2022_10,2022,112.407411,35.834941,45.674421,33.481157
77,2022_10,2022,110.5795,34.153777,45.8818,32.72835
22,2022_10,2022,114.144529,37.252411,45.844105,33.102578
3,2022_10,2022,111.748437,36.064312,45.611333,32.287388
31,2022_10,2022,108.872333,33.8398,44.465882,31.745882
23,2022_10,2022,113.2633,37.2553,45.755363,31.103363
20,2022_10,2022,110.4858,37.0784,44.29909,31.604272
5,2022_10,2022,114.528857,35.973428,47.079222,32.921666
47,2022_10,2022,112.1049,37.6563,45.235636,30.585272
18,2022_10,2022,112.5955,38.606444,47.8709,34.9129
1,2022_11,2022,80.934538,19.349692,35.6395,27.632388
16,2022_11,2022,80.530555,18.978944,35.776541,27.027666
55,2022_11,2022,83.687444,19.745777,37.088208,27.372166
63,2022_11,2022,76.753187,18.343352,33.90926,25.112217
31,2022_11,2022,79.809526,19.08005,35.548153,25.7052
20,2022_11,2022,77.500142,18.770733,33.533571,26.7168
47,2022_11,2022,77.991071,18.733133,34.244142,27.1117
14,2022_11,2022,75.978923,18.169071,34.542476,26.40985
44,2022_11,2022,76.653428,18.2114,33.80715,25.50425
10,2022_11,2022,79.380642,18.703428,35.96695,27.12355
23,2022_11,2022,75.8214,18.6347,33.798866,25.869066
77,2022_11,2022,76.5849,18.6368,33.868928,27.126928
11,2022_11,2022,80.994705,19.743611,36.050125,27.500608
22,2022_11,2022,78.928538,19.265846,36.456421,26.244263
4,2022_11,2022,88.331733,20.468333,39.159421,28.393473
3,2022_11,2022,81.715285,18.359,34.9319,29.5598
18,2022_11,2022,87.6448,19.3521,37.779166000000004,30.533416
24,2022_11,2022,81.748285,19.352571,35.139555,28.048333
6,2022_11,2022,82.581833,18.578,34.374777,29.125777
5,2022_11,2022,86.6944,20.7841,36.00675,29.55175
16,2022_12,2022,91.5222,35.472176,39.035411,57.328166
1,2022_12,2022,101.8058,35.399214,38.719428,55.290222
11,2022_12,2022,100.342142,34.890473,38.233631,55.433533
44,2022_12,2022,112.9269,31.966684,35.161684,51.737307
4,2022_12,2022,119.467666,31.783857,34.867,50.839222
63,2022_12,2022,111.02109,32.5484,35.3131,52.453857
14,2022_12,2022,108.393857,33.345882,35.373529,55.148727
22,2022_12,2022,100.181,34.50265,36.03385,55.160571
55,2022_12,2022,91.689,39.1251,40.6498,56.692333
20,2022_12,2022,105.68775,31.114666,33.637888,56.410666
3,2022_12,2022,113.463428,32.22025,34.206416,52.855
31,2022_12,2022,110.3165,32.899416,34.8155,54.35325
77,2022_12,2022,104.5558,32.494615,37.094076,56.668444
5,2022_12,2022,107.977,32.4778,36.449466,57.740818
23,2022_12,2022,117.115285,31.312454,34.934181,51.196
10,2022_12,2022,93.5675,35.404,37.622714,59.5914
18,2022_12,2022,106.289,31.753,37.190222,58.520285
24,2022_12,2022,114.541,33.498875,36.349,50.894
47,2022_12,2022,93.557666,33.658111,37.490222,59.768
6,2022_12,2022,118.6785,32.421,35.332166,50.51625
63,2022_13,2022,96.543411,33.690235,34.471521,29.334304
55,2022_13,2022,98.364294,35.930411,34.709636,28.035272
16,2022_13,2022,95.506117,35.575294,34.003181,26.844318
4,2022_13,2022,91.511583,32.884076,33.616421,26.882833
31,2022_13,2022,91.490923,32.141428,32.8331,28.585263
14,2022_13,2022,90.454,31.590583,33.324235,27.396437
44,2022_13,2022,93.123571,32.4416,34.01,27.19515
77,2022_13,2022,91.047923,32.753071,33.3918,27.146105
3,2022_13,2022,90.0555,30.824846,33.347947,27.383526
1,2022_13,2022,93.353,34.110866,36.142571,28.038
11,2022_13,2022,96.541083,33.76575,36.760125,29.169062
24,2022_13,2022,93.700166,32.697083,34.316875,28.997937
20,2022_13,2022,92.343785,31.299214,33.962166,27.07
18,2022_13,2022,98.218083,32.972666,35.50525,29.5685
47,2022_13,2022,97.038583,32.501916,35.922,30.540062
22,2022_13,2022,90.314333,30.829833,32.228888,30.286555
23,2022_13,2022,94.513625,32.387,35.2634,27.8528
5,2022_13,2022,97.5065,34.168875,35.0422,29.1242
10,2022_13,2022,92.174333,32.103166,33.549777,29.821888
6,2022_13,2022,96.824375,33.340875,34.2655,29.6805
1,2022_14,2022,116.4735,33.158,52.198777,34.593555
55,2022_14,2022,121.6225,34.159222,56.324357,36.69723
11,2022_14,2022,114.096666,35.1495,53.1295,38.856363
16,2022_14,2022,117.385714,35.436222,57.420928,39.353615
31,2022_14,2022,124.29025,33.786333,56.083,38.039571
14,2022_14,2022,118.707625,33.4754,54.684437,39.8362
44,2022_14,2022,114.662923,34.157642,50.6301,34.70521
63,2022_14,2022,117.533416,35.179214,51.95985,38.330263
23,2022_14,2022,117.596454,33.536833,53.777277,34.649058
4,2022_14,2022,122.08925,34.680555,55.954428,40.774928
3,2022_14,2022,122.443666,35.230666,53.291666,40.682555
10,2022_14,2022,118.712571,33.606,54.157583,40.908833
24,2022_14,2022,120.33675,33.74075,55.504666,36.21475
18,2022_14,2022,120.380625,33.76525,54.33175,36.653416
47,2022_14,2022,118.292375,34.300333,54.411615,36.764
5,2022_14,2022,121.676,33.49775,55.358166,37.644666
6,2022_14,2022,115.010666,34.31025,55.687714,43.280714
20,2022_14,2022,118.3285,35.27925,52.792,35.962666
22,2022_14,2022,121.51975,35.94675,54.706166,37.706166
77,2022_14,2022,118.649333,32.558666,55.3322,38.4194
1,2022_15,2022,83.263,28.03625,28.848833,25.828333
16,2022_15,2022,86.913307,30.416307,29.431444,26.306777
55,2022_15,2022,88.56525,29.6925,30.484,27.931777
44,2022_15,2022,81.92609,27.348363,28.369529,26.797117
11,2022_15,2022,92.56,30.5135,29.8125,29.100055
63,2022_15,2022,83.888818,28.142363,29.762235,26.967117000000002
4,2022_15,2022,82.467454,27.239454,28.937117,27.34247
47,2022_15,2022,84.958642,28.371,30.9395,26.18575
22,2022_15,2022,83.11723,27.532307,28.0083,27.7088
18,2022_15,2022,90.1272,29.6984,31.653357,28.889142
10,2022_15,2022,83.4198,28.4273,28.953666,27.288466
31,2022_15,2022,84.31625,27.72425,30.504916,28.074333
14,2022_15,2022,84.346857,28.104,30.657818,27.919
24,2022_15,2022,84.4289,27.9748,29.388133,27.506666
23,2022_15,2022,88.643636,29.698909,31.054866,27.185733
77,2022_15,2022,84.577,29.056166,29.870777,27.055222
3,2022_15,2022,89.258833,29.724666,30.894375,28.927
20,2022_15,2022,91.330428,31.223285,32.534888,26.655222
5,2022_15,2022,97.552833,37.996166,29.639,29.914375
6,2022_15,2022,96.400333,27.513333,33.317,30.6264
16,2022_16,2022,98.176111,31.814555,33.553538,34.066769
1,2022_16,2022,92.3894,32.095636,33.424933,33.887866
55,2022_16,2022,99.21625,32.634125,32.681833,35.939
11,2022_16,2022,96.824,31.618727,31.619533,32.813285
44,2022_16,2022,92.4016,29.95,30.724823,33.098437
63,2022_16,2022,95.4421,29.932363,31.934411,33.466687
4,2022_16,2022,93.431833,30.625692,31.716,32.07
3,2022_16,2022,92.115692,29.751571,31.8621,33.291947
10,2022_16,2022,93.115,30.0925,31.5695,33.47247
14,2022_16,2022,94.2783,30.25209,31.648764,34.319062
31,2022_16,2022,94.787,30.12675,32.498916,35.972818
77,2022_16,2022,95.526625,30.607,32.327416,34.077083
45,2022_16,2022,97.979333,31.460666,32.344153,33.937153
24,2022_16,2022,95.84875,30.66675,32.149083,34.371333
22,2022_16,2022,90.077,28.97075,31.321333,32.567333
6,2022_16,2022,106.6458,35.1932,34.612,34.616571
5,2022_16,2022,103.657,32.7836,33.238142,35.153285
18,2022_16,2022,95.8475,30.246666,30.564888,34.372444
20,2022_16,2022,93.64525,30.445625,31.8227,32.1504
47,2022_16,2022,99.379428,31.341571,32.399,34.667444
16,2022_17,2022,121.431846,33.012,49.90285,47.32245
11,2022_17,2022,121.544333,33.626375,49.170842,48.035947
44,2022_17,2022,124.516789,34.34025,47.436086,45.00726
55,2022_17,2022,123.369176,32.814947,47.035045,47.608714
14,2022_17,2022,123.622647,34.177,49.28213,45.749
4,2022_17,2022,124.055444,33.792428,49.43625,45.141608
10,2022_17,2022,125.752764,38.150619,49.19875,46.457913
1,2022_17,2022,120.928538,32.713437,48.36785,49.152947
20,2022_17,2022,124.660866,36.292315,49.973217,46.33559
22,2022_17,2022,127.349666,39.437,50.275956,47.113045
63,2022_17,2022,127.419285,35.295133,47.867235,44.443437
18,2022_17,2022,121.788,39.900307,49.758666,50.932142
47,2022_17,2022,128.4897,35.219538,50.593125,49.742125
5,2022_17,2022,127.1783,37.293846,49.637333,48.547133
24,2022_17,2022,123.07125,35.9115,51.944071,48.279428
77,2022_17,2022,123.4966,32.628,50.268714,46.736142
3,2022_17,2022,127.851,36.718625,49.939555,50.984222
31,2022_17,2022,124.216857,33.454375,49.144333,42.9025
23,2022_17,2022,125.25325,36.452166,50.420714,47.281666
6,2022_17,2022,126.3466,36.632428,49.816,49.546375
1,2022_18,2022,103.38175,36.64175,50.440166,24.68325
16,2022_18,2022,104.904,37.871375,47.729666,23.3585
55,2022_18,2022,106.58625,38.294375,48.869916,22.75
11,2022_18,2022,107.1648,37.305,49.647533,23.913333
31,2022_18,2022,106.210666,36.052166,47.957777,25.626222
44,2022_18,2022,104.545214,36.101857,46.1637,25.19945
14,2022_18,2022,105.9282,37.2734,48.365,23.7678
63,2022_18,2022,106.049583,38.337846,49.905894,23.744157
5,2022_18,2022,102.6315,36.0627,45.782666,22.637466
4,2022_18,2022,106.364666,37.188083,49.199888,23.853722
3,2022_18,2022,103.969571,36.118,47.040545,25.49109
77,2022_18,2022,106.09975,37.139625,48.596833,24.38025
22,2022_18,2022,104.3933,36.6762,46.501733,24.944133
24,2022_18,2022,105.91625,36.926125,48.379833,24.631833
47,2022_18,2022,103.553,34.76575,48.84225,25.38225
23,2022_18,2022,103.18,37.64425,46.132,24.691166
10,2022_18,2022,103.487,36.777333,47.464,22.416666
20,2022_18,2022,99.4575,34.7385,47.866833,23.2355
18,2022_18,2022,98.91475,34.6595,44.353,24.2925
6,2022_18,2022,104.8114,39.0674,46.01075,21.74075
55,2022_19,2022,110.2555,30.076222,48.369692,39.799307
16,2022_19,2022,112.785555,31.171,46.572615,39.292923
1,2022_19,2022,112.981888,33.064888,45.295571,40.559714
11,2022_19,2022,111.825375,31.2935,47.338666,41.265416
44,2022_19,2022,104.946333,28.4025,43.536333,39.348277
63,2022_19,2022,109.927307,30.058769,44.284842,39.629052
18,2022_19,2022,107.9335,29.0141,42.937133,39.4588
4,2022_19,2022,109.991583,30.246083,44.862277,39.291777
14,2022_19,2022,111.539,30.119363,46.824176,41.105823
77,2022_19,2022,110.481666,29.984083,44.662666,37.851944
23,2022_19,2022,112.572,31.177909,44.263466,38.049266
5,2022_19,2022,108.262125,29.5985,44.199833,38.540416
10,2022_19,2022,113.266571,31.788285,45.250454,39.553454
24,2022_19,2022,112.1515,31.390454,46.710466,39.4952
22,2022_19,2022,110.25,30.230375,43.77825,39.217166
20,2022_19,2022,105.7714,30.916166,46.011,43.435125
3,2022_19,2022,112.66075,33.36725,45.281833,41.897833
31,2022_19,2022,111.42875,30.0015,46.4775,44.157333
47,2022_19,2022,116.7398,33.376,48.953375,44.019375
6,2022_19,2022,108.0404,30.3274,43.45225,38.922375
1,2022_20,2022,89.686909,30.96609,34.65625,24.317187
63,2022_20,2022,92.468333,31.043833,37.119666,25.567888
44,2022_20,2022,89.189538,30.420923,34.714473,25.859736
11,2022_20,2022,89.828,31.564,35.086388,24.083235
55,2022_20,2022,88.6615,34.459416,36.495647,24.708812
77,2022_20,2022,88.455545,31.273166,34.8355,25.82047
16,2022_20,2022,93.181583,32.976923,37.898222,24.987176
4,2022_20,2022,90.305583,32.126384,35.825789,25.105333
14,2022_20,2022,90.469,31.2966,35.494133,26.358666
31,2022_20,2022,88.002454,30.724083,35.516888,25.880941
3,2022_20,2022,94.654,32.1355,35.607857,28.141857
24,2022_20,2022,89.41675,30.53025,36.423083,26.870583
22,2022_20,2022,93.662333,32.320444,35.619923,26.413461
10,2022_20,2022,89.947454,30.501909,35.507,24.989533
20,2022_20,2022,92.966153,30.418615,36.084294,26.765764
47,2022_20,2022,95.19,31.686777,36.981636,25.871
5,2022_20,2022,94.146,31.314125,35.1656,27.3784
18,2022_20,2022,97.735125,32.012375,36.6774,27.832
23,2022_20,2022,93.164125,31.87625,36.231,24.7121
6,2022_20,2022,98.595,33.869125,37.6439,26.3795
20,2022_21,2022,84.2063,21.501476,43.146807,19.51032
1,2022_21,2022,89.881277,24.438736,45.126772,19.657818
63,2022_21,2022,86.3275,23.969095,42.310958,19.518086
4,2022_21,2022,87.25275,22.754095,44.445375,19.661458
55,2022_21,2022,84.741833,21.427421,43.271916,19.850608
31,2022_21,2022,83.413937,20.950529,43.729428,19.864809
14,2022_21,2022,84.249733,20.761562,43.2639,20.661
44,2022_21,2022,86.700894,24.0612,43.722375,20.009541
11,2022_21,2022,88.7121,23.181714,45.85344,19.8824
16,2022_21,2022,85.896631,21.58695,45.658791,20.209
23,2022_21,2022,86.644388,22.343722,44.737666,19.918571
10,2022_21,2022,82.4996,20.7431,43.359791,19.152375
5,2022_21,2022,86.51038,22.887857,43.606826,19.926826
3,2022_21,2022,85.76535200000001,25.182111,44.384761,20.466142
18,2022_21,2022,88.229714,25.552863,45.473041,20.065375
6,2022_21,2022,91.36575,23.492583,47.061153,21.097538
24,2022_21,2022,88.2569,21.9185,46.698083,20.336666
77,2022_21,2022,93.431916,26.854166,46.782923,20.529615
22,2022_21,2022,99.586454,30.453272,48.045333,20.777416
47,2022_21,2022,85.074111,20.972222,44.725916,20.81625
1,2022_22,2022,98.057,20.309727,46.067176,42.721117
11,2022_22,2022,98.7395,20.284333,45.259444,42.784777
16,2022_22,2022,95.496909,19.740083,46.825764,40.035823
55,2022_22,2022,101.506727,19.486818,46.303687,42.288562
44,2022_22,2022,100.359,20.095933,42.712285,39.377095
63,2022_22,2022,100.783357,20.482214,43.1214,40.8304
4,2022_22,2022,98.631272,19.055727,44.573,43.043588
31,2022_22,2022,99.713545,19.409454,42.536058,44.857411
5,2022_22,2022,103.442461,20.820384,42.673777,41.5075
3,2022_22,2022,97.8959,19.824,42.746066,41.822533
14,2022_22,2022,99.997,20.10425,43.907833,43.84225
22,2022_22,2022,95.9249,18.8196,42.094866,42.842066
47,2022_22,2022,102.371,20.598363,43.5204,43.1544
18,2022_22,2022,103.202909,20.964,43.2604,41.343
24,2022_22,2022,101.331875,20.60725,44.67175,43.289916
20,2022_22,2022,100.398833,21.799285,45.779444,47.877666
10,2022_22,2022,95.6965,19.172,42.315,39.671888
77,2022_22,2022,103.12875,20.9475,45.894166,47.579166
23,2022_22,2022,104.960428,20.642857,43.614222,43.536
6,2022_22,2022,99.930166,20.709333,41.775111,41.986555
1,2023_1,2023,107.982444,35.146333,48.145428,30.077857
11,2023_1,2023,108.785444,32.840333,49.170357,31.321071
16,2023_1,2023,109.3064,34.3715,50.523062,28.796062
55,2023_1,2023,101.4991,32.309181,47.302529,27.702187
14,2023_1,2023,106.9578,33.0855,47.909333,30.080066
63,2023_1,2023,106.5589,33.9568,48.739666,29.935466
44,2023_1,2023,102.7708,32.1284,47.887933,29.213933
18,2023_1,2023,102.791272,32.593333,46.1655,29.050352
31,2023_1,2023,104.808555,33.4462,48.955333,28.6005
27,2023_1,2023,103.1039,31.758636,48.116823,29.863562
4,2023_1,2023,104.41425,32.4145,47.018916,30.196166
77,2023_1,2023,107.541625,33.94625,47.255333,32.299083
24,2023_1,2023,107.1355,33.827625,46.905666,31.152416
22,2023_1,2023,104.692555,33.488,47.402857,28.086214
23,2023_1,2023,109.1628,33.8444,48.237625,27.967624999999998
2,2023_1,2023,104.16775,32.318,47.360166,32.4735
20,2023_1,2023,102.9635,34.05425,45.516,29.028833
81,2023_1,2023,105.21625,33.27225,46.283,32.934333
21,2023_1,2023,101.3246,32.397333,47.40825,27.448625
10,2023_1,2023,102.76775,32.2465,46.502666,31.649166
11,2023_2,2023,106.564363,40.207166,34.157944,37.387611
16,2023_2,2023,103.976333,40.0214,37.726052,37.309684
14,2023_2,2023,105.193769,38.071923,31.846611,34.493555
63,2023_2,2023,108.400066,39.237666,33.674666,36.143619
55,2023_2,2023,107.82175,40.238578,39.047125,37.553291
18,2023_2,2023,107.5742,39.739562,33.74885,35.8553
31,2023_2,2023,104.821263,37.376421,32.956791,34.271708
44,2023_2,2023,105.407333,38.720266,32.405666,35.72
81,2023_2,2023,104.023941,39.526611,33.079608,35.606217
10,2023_2,2023,104.284222,37.633833,31.830695,34.531304
27,2023_2,2023,106.830928,38.5515,33.723388,35.129
24,2023_2,2023,106.963714,39.039357,32.962722,34.573055
20,2023_2,2023,104.889818,40.994692,35.192823,37.17247
77,2023_2,2023,107.466571,38.398071,33.190722,35.381722
1,2023_2,2023,109.382666,39.2205,40.984,36.248833
22,2023_2,2023,110.279125,41.31975,33.1996,35.7826
23,2023_2,2023,109.861857,39.390857,34.446444,34.574555
21,2023_2,2023,114.46775,44.807875,32.3346,36.4648
4,2023_2,2023,94.2345,42.052333,34.77,39.154
2,2023_2,2023,111.78,36.5755,33.069428,39.010285
1,2023_3,2023,94.188555,36.075375,20.073375,36.782777
63,2023_3,2023,90.608833,31.981892,20.201392,39.092166
44,2023_3,2023,91.503652,33.423259,20.623407,37.668173
14,2023_3,2023,91.6806,35.271307,19.93028,38.71138
55,2023_3,2023,99.464095,38.626,20.64937,41.787909
18,2023_3,2023,94.8988,36.39324,20.52668,40.343666
16,2023_3,2023,100.257777,39.58725,20.651916,41.37025
23,2023_3,2023,92.144857,35.562,20.075259,39.064956
10,2023_3,2023,89.843857,32.1456,19.57072,38.91709
27,2023_3,2023,92.5295,33.332461,20.491653,38.80419
31,2023_3,2023,93.474533,33.474529,20.385764,40.2444
22,2023_3,2023,95.752823,35.114047,20.321909,40.809166
4,2023_3,2023,96.305904,33.675541,20.604826,41.920333
20,2023_3,2023,93.737642,34.389055,20.175411,40.006785
21,2023_3,2023,94.277947,33.479909,19.843739,41.61715
81,2023_3,2023,97.358,34.054916,19.925909,44.1105
24,2023_3,2023,95.4316,33.637,20.0735,41.3261
2,2023_3,2023,95.803,32.537818,20.224083,43.992
77,2023_3,2023,90.4752,33.148833,20.158833,37.525
11,2023_3,2023,100.187,35.024,19.208,45.955
16,2023_4,2023,117.77223,42.355142,49.7958,27.296388
1,2023_4,2023,115.387454,40.619166,47.859,27.846764
11,2023_4,2023,114.840818,40.76023,48.591736,30.004842
55,2023_4,2023,116.325615,43.198375,51.072727,27.986761
44,2023_4,2023,112.469285,39.409187,47.143772,27.074545
14,2023_4,2023,113.305214,40.284,47.766714,28.32295
4,2023_4,2023,116.429,41.424692,49.021526,27.609882
22,2023_4,2023,115.738933,40.950764,47.576086,28.056095
18,2023_4,2023,116.038357,40.270625,49.314047,27.98895
81,2023_4,2023,114.3972,40.386647,48.858227,27.320047
63,2023_4,2023,114.555545,39.381166,47.653588,27.581812
31,2023_4,2023,118.424,40.435692,48.558277,28.54547
23,2023_4,2023,116.630416,40.229642,47.0445,28.059941
77,2023_4,2023,119.02825,40.159538,50.736,28.360647
2,2023_4,2023,116.683,39.51,48.928764,28.169647
24,2023_4,2023,121.476,43.038714,51.293111,28.213888
27,2023_4,2023,116.183571,40.972285,48.404222,27.120222
20,2023_4,2023,121.11175,40.25,51.843,28.357285
10,2023_4,2023,115.3475,39.633666,50.38575,27.527
21,2023_4,2023,115.282,41.203,49.4115,27.4905
11,2023_5,2023,107.213083,36.418214,43.38235,35.612789
14,2023_5,2023,107.350083,37.972153,41.3615,31.508222
55,2023_5,2023,113.278083,37.826285,43.517647,34.949058
20,2023_5,2023,103.100166,35.284,42.002789,32.9685
10,2023_5,2023,106.649692,35.954076,40.141263,33.03621
63,2023_5,2023,104.81625,36.605928,40.027578,32.279631
16,2023_5,2023,109.159461,36.639571,43.590165999999996,31.105166
31,2023_5,2023,106.633384,34.720615,40.482842,33.434315
1,2023_5,2023,98.7745,36.5828,41.804666,31.855142
77,2023_5,2023,107.039727,34.982454,39.121533,33.898714
23,2023_5,2023,116.553916,41.947384,42.7766,33.729266
27,2023_5,2023,104.901454,34.20009,40.563133,31.852466
44,2023_5,2023,100.955888,35.409,38.314466,31.772285
24,2023_5,2023,107.175833,36.03423,39.003529,35.582352
21,2023_5,2023,103.25309,34.06875,38.965375,34.275062
4,2023_5,2023,111.989,36.637166,42.810625,36.68775
22,2023_5,2023,104.253857,35.49225,39.3676,36.3227
18,2023_5,2023,109.893166,43.145285,42.842375,30.188625
81,2023_5,2023,113.040714,38.867571,42.350444,34.007666
2,2023_5,2023,110.988625,43.381111,40.6346,32.3428
1,2023_6,2023,94.170782,24.882214,42.274931,25.41748
14,2023_6,2023,88.188736,23.61388,41.31644,23.764736
16,2023_6,2023,93.4828,24.92673,42.93664,28.017571
31,2023_6,2023,90.5201,24.81328,40.80444,24.45405
55,2023_6,2023,94.82609,25.883444,42.295296,29.442304
44,2023_6,2023,90.807153,24.078533,39.888,27.290692
10,2023_6,2023,88.264473,23.802880000000002,41.640541,24.183
63,2023_6,2023,90.591458,24.609034,41.605357,24.306083
22,2023_6,2023,89.449434,24.685482,39.662714,25.672391
4,2023_6,2023,91.707388,24.952045,42.53459,23.705833
81,2023_6,2023,90.596,24.265238,40.972476,25.287611
21,2023_6,2023,86.978133,25.0077,39.335157,23.0802
23,2023_6,2023,88.071692,23.748055,41.337833,23.388642
18,2023_6,2023,85.855533,23.601611,40.046111,23.953666
77,2023_6,2023,91.262277,24.564571,42.342714,24.319777
2,2023_6,2023,88.4604,24.939307,39.32625,24.2431
20,2023_6,2023,95.346571,25.578666,42.18,26.363714
27,2023_6,2023,97.382833,24.912,42.2055,25.998333
24,2023_6,2023,91.450454,25.123666,41.879166,24.707
11,2023_6,2023,100.669,29.64325,46.139,24.976666
1,2023_7,2023,96.418,27.344642,39.691157,27.727166
55,2023_7,2023,89.906428,26.7614,36.094476,29.32755
4,2023_7,2023,85.40423,25.208933,35.017285,28.64535
10,2023_7,2023,87.963833,25.473,34.82275,29.639684
44,2023_7,2023,89.421642,26.267066,34.69909,28.828333
18,2023_7,2023,86.0345,24.9626,34.767,28.602952
31,2023_7,2023,86.363166,24.551384,35.7077,29.728736
27,2023_7,2023,82.401727,23.434363,33.633588,28.191294
14,2023_7,2023,85.0399,25.809272,34.033705,27.486875
81,2023_7,2023,89.007727,24.923615,34.502157,32.7755
11,2023_7,2023,97.289181,25.451416,38.340235,30.7165
63,2023_7,2023,89.252416,25.605923,35.169352,29.332882
24,2023_7,2023,96.5169,27.030818,35.222875,33.652665999999996
21,2023_7,2023,89.1923,26.304454,33.297937,32.000933
22,2023_7,2023,87.79523,25.044538,34.525,29.459222
77,2023_7,2023,98.005833,27.501142,35.2242,33.958444
20,2023_7,2023,83.6102,23.3316,34.329625,27.533125
23,2023_7,2023,91.75,25.8778,38.167,29.544571
16,2023_7,2023,93.905,25.773142,36.926222,30.739333
2,2023_7,2023,86.3895,25.2755,36.654832999999996,29.826833
1,2023_8,2023,87.992473,25.618904,28.67808,34.863272
27,2023_8,2023,91.121526,27.017043,28.121434,36.872
14,2023_8,2023,94.578,28.16712,29.24032,36.8605
44,2023_8,2023,96.546095,28.7044,29.562375,38.095285
63,2023_8,2023,97.168684,28.18472,29.573782,38.821473
31,2023_8,2023,92.214578,27.434739,28.942375,36.38125
4,2023_8,2023,91.51625,27.095291,28.996346,36.160636
55,2023_8,2023,93.608857,27.65548,28.74948,38.172136
81,2023_8,2023,94.36645,28.565291,29.373347,37.30895
23,2023_8,2023,92.667555,27.676681,28.739272,36.117842
16,2023_8,2023,92.728157,26.510363,28.436727,38.363052
11,2023_8,2023,92.42565,25.833333,28.350272,37.77838
18,2023_8,2023,92.479875,27.15755,29.51935,40.315588
20,2023_8,2023,96.829777,26.829904,28.23285,41.622777
77,2023_8,2023,94.1775,27.395545,29.104652,38.160952
22,2023_8,2023,95.308777,29.378636,29.036636,39.217111
10,2023_8,2023,90.141,26.491909,29.79509,35.3562
21,2023_8,2023,93.8395,28.204909,29.260272,36.2427
2,2023_8,2023,93.387833,27.6255,28.753076,37.357615
24,2023_8,2023,95.007444,33.217181,29.2349,39.055777
1,2023_9,2023,91.106176,25.494388,41.577434,27.764913
16,2023_9,2023,85.578684,20.3761,38.15396,28.0892
55,2023_9,2023,83.557941,24.689894,37.330166,27.953041
4,2023_9,2023,82.8225,19.948933,37.0235,28.92119
44,2023_9,2023,82.464562,19.947388,36.65725,27.06126
18,2023_9,2023,85.706882,20.900631,38.54932,28.304086
14,2023_9,2023,76.977411,18.845368,35.833038,25.15532
27,2023_9,2023,83.477125,20.373777,37.836583,27.793818
10,2023_9,2023,75.529416,19.793571,34.8887,25.895894
23,2023_9,2023,77.791461,18.970642,34.725,25.95375
63,2023_9,2023,81.269266,20.7416,35.88155,27.5418
31,2023_9,2023,80.5845,19.1719,35.0918,28.333214
81,2023_9,2023,88.103142,21.491066,39.113722,28.713611
77,2023_9,2023,79.44975,19.0285,34.439692,29.435076
11,2023_9,2023,90.239538,21.904357,41.337222,29.388666
22,2023_9,2023,77.905142,18.914142,34.6021,27.9831
24,2023_9,2023,76.5118,19.3165,36.813666,29.9565
2,2023_9,2023,81.572666,17.688666,34.256444,31.418555
20,2023_9,2023,91.581571,23.007125,42.2405,29.150222
21,2023_9,2023,82.330285,19.256,36.6272,28.7087
1,2023_10,2023,102.406166,34.27655,43.0062,29.982625
4,2023_10,2023,97.82425,34.0407,42.89672,29.576083
81,2023_10,2023,106.177473,35.394142,42.5546,30.7475
16,2023_10,2023,103.915888,33.370368,41.617375,30.27175
55,2023_10,2023,103.4,32.686052,42.09408,30.41068
63,2023_10,2023,102.029941,32.156333,43.750041,29.240913
44,2023_10,2023,103.747333,33.372789,43.83124,29.969541
23,2023_10,2023,102.360222,33.47721,42.462666,29.141791
14,2023_10,2023,99.854875,31.181705,42.386304,29.436863
10,2023_10,2023,103.056705,32.563555,42.786913,30.037391
27,2023_10,2023,104.562083,32.899384,41.991117,30.651125
18,2023_10,2023,102.348846,31.191,42.375222,30.115944
31,2023_10,2023,103.882076,31.883928,42.270444,31.078117
2,2023_10,2023,107.831857,34.678933,42.727944,29.648722
77,2023_10,2023,99.444714,38.787111,41.1474,28.896222
11,2023_10,2023,106.629625,32.682875,43.5841,31.9336
22,2023_10,2023,109.970375,34.930555,43.063,33.1557
24,2023_10,2023,103.62875,35.336222,43.968454,29.0376
21,2023_10,2023,109.297,34.802333,43.3516,31.2613
20,2023_10,2023,116.79225,39.464666,45.922,34.635571
44,2023_11,2023,95.407642,34.027214,36.2084,28.2649
1,2023_11,2023,91.221733,32.131933,34.771904,29.273
4,2023_11,2023,93.515866,33.146533,34.4597,27.91625
81,2023_11,2023,91.742416,31.177714,35.65675,31.96495
24,2023_11,2023,91.3518,33.03575,34.450318,28.329857
16,2023_11,2023,94.029357,32.7282,33.95638,29.536333
77,2023_11,2023,93.216076,34.526714,33.68565,29.069315
14,2023_11,2023,92.581076,34.155733,35.734,29.729571
11,2023_11,2023,96.824812,34.715529,36.171695,27.609695
27,2023_11,2023,89.904615,31.397642,34.27665,29.02955
55,2023_11,2023,97.556181,33.957545,34.3468,29.780133
31,2023_11,2023,93.054727,32.072363,32.703187,29.208
3,2023_11,2023,92.7991,31.547,34.0692,29.736
18,2023_11,2023,95.47823,34.049285,35.597333,30.301777
10,2023_11,2023,90.317363,31.104181,32.462437,28.728625
23,2023_11,2023,95.227,33.5275,34.403125,27.162
22,2023_11,2023,89.586333,31.3565,31.714,30.269
63,2023_11,2023,97.908428,34.494857,35.239555,32.083333
20,2023_11,2023,95.4995,33.303333,34.237375,31.10975
2,2023_11,2023,93.947166,32.387166,34.03275,28.269125
1,2023_12,2023,124.7666,38.238055,57.840681000000004,39.244727
16,2023_12,2023,123.574285,37.791105,57.91026,38.394772
11,2023_12,2023,123.129071,37.620555,58.38959,38.001333
44,2023_12,2023,122.0782,39.14735,57.28325,37.018434
55,2023_12,2023,127.511117,38.104473,57.266739,37.192818
81,2023_12,2023,122.806857,38.466736,57.071521,37.944318
4,2023_12,2023,124.1066,38.164058,55.015619,35.2318
63,2023_12,2023,123.09525,37.421842,56.668458,36.938217
14,2023_12,2023,127.181066,38.662705,58.002909,37.453047
18,2023_12,2023,127.793571,38.527941,57.451681,37.386714
22,2023_12,2023,126.382333,35.601454,59.495133,42.335066
10,2023_12,2023,127.945416,38.374733,59.404235,39.320882
20,2023_12,2023,126.691166,34.929307,59.557941,40.293941
77,2023_12,2023,129.118416,38.8016,60.873117,36.495529
31,2023_12,2023,128.673428,39.25809,61.791769,41.044153
23,2023_12,2023,127.1946,34.048,59.88125,37.826375
24,2023_12,2023,127.219,38.6045,61.162,43.756888000000004
2,2023_12,2023,128.292,36.9116,61.228666,37.168333
3,2023_12,2023,130.6812,37.210166,61.87825,41.887375
27,2023_12,2023,125.290666,34.103333,58.6228,40.6526
1,2023_13,2023,90.320166,30.96672,30.453068000000002,28.689172
4,2023_13,2023,88.675708,30.4956,29.921344,28.565392
63,2023_13,2023,90.10068,30.947296,30.1241,29.253433
23,2023_13,2023,91.643086,33.927703,31.983333000000002,28.372724
14,2023_13,2023,92.097454,31.75932,30.023833,29.325629
55,2023_13,2023,90.061416,31.409038,29.708774,29.298
11,2023_13,2023,87.74408,31.323535,30.265531,28.096966
81,2023_13,2023,92.361782,34.44184,29.917034,28.495857
16,2023_13,2023,92.66838,33.737739,29.563576,30.38536
2,2023_13,2023,94.264913,33.292666,30.172961,30.922846
18,2023_13,2023,91.8985,32.6366,30.868045,29.176136
10,2023_13,2023,95.716631,34.525789,31.095714,31.029095
44,2023_13,2023,90.722238,31.602619,30.066043,29.424913
22,2023_13,2023,97.36795,36.5196,31.01809,30.362
27,2023_13,2023,88.273375,30.579937,30.19855,28.9523
24,2023_13,2023,94.591545,35.113363,30.990916,28.957333
31,2023_13,2023,91.152363,30.897272,31.436416,29.990166
20,2023_13,2023,99.902,36.6131,33.537363,30.202727
77,2023_13,2023,96.184363,35.72909,31.396,29.581583
40,2023_13,2023,96.327636,34.709,31.510166,30.631583
55,2023_14,2023,104.1098,37.824866,32.8914,34.4666
1,2023_14,2023,99.6704,35.082375,33.528428,32.45535
16,2023_14,2023,98.257133,33.9785,32.828476,33.03505
63,2023_14,2023,97.728785,34.597933,32.796952,32.2941
11,2023_14,2023,94.572285,31.3108,32.616333,32.9751
23,2023_14,2023,94.130214,30.310933,32.755095,32.7632
81,2023_14,2023,93.998823,30.782444,32.09925,33.392391
44,2023_14,2023,94.238307,35.118066,32.694571,33.31105
4,2023_14,2023,92.19875,30.371,32.196043,32.132318
14,2023_14,2023,96.71925,30.990076,32.554263,35.357777
22,2023_14,2023,94.0374,29.0266,32.665466,33.452066
40,2023_14,2023,95.5611,29.8207,32.97,34.770133
27,2023_14,2023,91.59308300000001,29.625583,31.75825,32.879812
77,2023_14,2023,94.7024,29.9208,31.575428,32.958642
2,2023_14,2023,95.376454,29.384818,32.363666,33.725533
24,2023_14,2023,96.7635,32.072166,31.310375,33.353
10,2023_14,2023,95.2152,30.7118,31.975285,33.362714
31,2023_14,2023,94.699333,30.056333,31.579625,33.75775
20,2023_14,2023,94.062333,30.853,32.832875,32.066
18,2023_14,2023,94.285,30.830285,32.188444,31.163333
55,2023_15,2023,107.170833,32.636928,47.93185,38.480052
63,2023_15,2023,105.83825,32.567272,50.15847,39.292875
16,2023_15,2023,105.901666,33.359933,48.500428,39.0861
4,2023_15,2023,109.107,34.004142,50.16535,37.161105
44,2023_15,2023,107.758375,30.7416,47.356687,41.163933
20,2023_15,2023,111.779692,32.731666,49.185857,35.84965
14,2023_15,2023,105.859555,30.422818,49.911176,40.5505
31,2023_15,2023,109.879454,31.058833,49.283055,37.640764
27,2023_15,2023,109.821285,31.411933,48.717857,35.16155
40,2023_15,2023,103.955636,34.997066,49.669809,40.11555
1,2023_15,2023,107.887222,32.7181,47.225142,38.873428
10,2023_15,2023,102.483,32.08025,51.054,42.47425
11,2023_15,2023,115.435,35.345222,54.50923,43.554615
23,2023_15,2023,111.56825,32.32975,48.192833,35.837583
22,2023_15,2023,116.5588,31.955666,53.1213,45.649
77,2023_15,2023,113.796333,32.265857,48.272444,43.368555
81,2023_15,2023,107.1816,36.285571,50.925555,38.470222
2,2023_15,2023,109.798,36.908285,47.653222,34.353222
24,2023_15,2023,118.588428,33.941285,48.733666,37.004444
18,2023_15,2023,110.936,32.0245,45.48925,43.044285
1,2023_16,2023,99.463714,36.37475,48.047583,21.565818
81,2023_16,2023,103.645625,35.428375,48.364923,23.71923
4,2023_16,2023,100.854285,36.221125,46.748818,22.529636
16,2023_16,2023,105.29825,36.571,47.567,23.773384
11,2023_16,2023,103.915545,36.955166,47.598888,22.446529
55,2023_16,2023,105.935125,37.415777,48.572846,22.816
44,2023_16,2023,100.445181,35.19725,47.718888,21.634588
63,2023_16,2023,104.978555,38.4155,48.543266,21.881785
22,2023_16,2023,104.117272,35.737583,47.508529,23.350882
14,2023_16,2023,104.120222,36.4374,48.229857,22.467642
40,2023_16,2023,103.3821,41.272545,47.301333,22.932066
10,2023_16,2023,104.676428,38.942428,47.198727,22.054636
23,2023_16,2023,101.403714,35.616428,47.234909,22.117181
31,2023_16,2023,103.803285,36.572375,48.496181,22.336363
20,2023_16,2023,100.1832,36.362666,47.425555,22.2555
77,2023_16,2023,106.5515,35.762,49.7404,21.3365
18,2023_16,2023,104.31475,35.39625,47.974,22.8685
27,2023_16,2023,100.149,36.3215,47.919333,22.3794
24,2023_16,2023,103.062333,37.017,48.2766,21.392
2,2023_16,2023,,32.171,45.6615,21.822
1,2023_17,2023,99.07725,35.985461,32.804052,29.954444
63,2023_17,2023,104.2776,38.699866,32.947714,32.111523
44,2023_17,2023,100.763307,35.907571,32.8634,31.906421
14,2023_17,2023,102.204142,36.711,34.263285,31.5883
16,2023_17,2023,99.6012,35.825761,33.689346,30.72136
81,2023_17,2023,98.5155,35.902411,33.091217,31.206409
10,2023_17,2023,99.02,36.84947,33.094304,31.121045
31,2023_17,2023,99.324294,36.6065,32.556083,31.233956
77,2023_17,2023,99.498153,36.051571,32.914095,32.21465
4,2023_17,2023,100.889866,35.620466,32.576523,32.442523
22,2023_17,2023,103.111583,37.593583,34.024562,33.280812
55,2023_17,2023,103.498266,38.457666,33.338555,31.471888
11,2023_17,2023,100.885666,37.422583,32.407437,30.41325
23,2023_17,2023,98.906181,35.762909,33.083266,31.676733
27,2023_17,2023,98.496625,34.950125,32.492916,33.15925
2,2023_17,2023,101.4225,36.223,32.852,33.3824
18,2023_17,2023,100.458125,35.472625,34.4188,31.2727
40,2023_17,2023,102.494375,38.1945,33.9206,31.7484
20,2023_17,2023,97.089166,36.515,32.233888,31.537666
24,2023_17,2023,99.7785,35.723833,33.782555,34.150222
16,2023_18,2023,110.913866,30.567333,45.408142,38.462857
4,2023_18,2023,110.703142,30.457,45.08185,38.1998
44,2023_18,2023,107.218166,28.878083,44.727777,37.775611
55,2023_18,2023,110.886,30.62825,46.089277,37.6775
63,2023_18,2023,110.054363,31.065833,45.472166,38.945117
1,2023_18,2023,105.22325,28.843666,44.160333,36.114055
10,2023_18,2023,107.432545,29.725,45.058526,38.145222
31,2023_18,2023,108.134,31.429333,45.120333,37.9691
11,2023_18,2023,109.7088,29.682727,45.891705,39.534937
81,2023_18,2023,110.498,30.349142,44.8547,39.511368
22,2023_18,2023,108.133125,28.855,44.967833,38.958083
24,2023_18,2023,112.334,30.306636,45.373666,39.1618
77,2023_18,2023,112.756,31.03509,45.215,38.850066
20,2023_18,2023,107.076375,30.067375,44.411333,37.491583
3,2023_18,2023,107.993875,29.643875,44.752416,39.292
27,2023_18,2023,106.18425,27.8985,43.730666,38.487833
14,2023_18,2023,113.688166,33.345,45.328625,37.78425
23,2023_18,2023,108.3495,30.06475,43.805333,37.962166
18,2023_18,2023,108.402833,34.875428,43.600777,40.177333
2,2023_18,2023,105.1434,27.6812,43.644,38.42375
16,2023_19,2023,89.743636,31.04609,36.22447,25.724176
55,2023_19,2023,91.005363,32.214727,36.271411,25.326058
1,2023_19,2023,89.0732,31.0701,35.562266,23.981466
3,2023_19,2023,89.599,30.9515,35.822866,25.424
11,2023_19,2023,89.679222,32.5425,35.166937,24.261133
44,2023_19,2023,91.544454,31.08775,36.859388,25.243941
81,2023_19,2023,90.196416,31.195416,34.447055,25.000277
63,2023_19,2023,91.31725,31.707846,37.363157,24.984222
77,2023_19,2023,91.447363,31.789636,35.739941,25.623176
24,2023_19,2023,92.2186,31.6969,36.694933,26.5532
10,2023_19,2023,89.8702,31.0787,35.529733,24.8382
27,2023_19,2023,87.10725,30.313125,34.821416,23.92
14,2023_19,2023,98.7388,38.4482,35.798571,25.845857
23,2023_19,2023,88.2195,30.227375,35.941916,24.5265
22,2023_19,2023,93.313714,33.227857,35.933545,25.387545
31,2023_19,2023,91.38475,32.00375,36.731833,25.092833
20,2023_19,2023,90.100833,32.890333,34.220333,24.505444
18,2023_19,2023,89.588333,39.472714,35.820111,26.005222
4,2023_19,2023,94.91725,30.82425,34.559666,29.180333
2,2023_19,2023,90.596,30.7255,36.103833,27.934666
1,2023_20,2023,80.321166,20.4225,42.078111,19.097111
16,2023_20,2023,85.702714,24.4315,42.150944,19.774388
18,2023_20,2023,81.3615,20.0968,42.530937,20.6615
14,2023_20,2023,85.287666,22.040333,43.466777,20.251444
44,2023_20,2023,87.086312,25.672437,42.651095,19.740476
63,2023_20,2023,88.436,24.99975,43.896,20.047
4,2023_20,2023,82.975,21.030875,42.720153,20.799307
55,2023_20,2023,89.776866,26.3938,43.67465,20.17055
11,2023_20,2023,83.036727,20.380727,42.275117,20.551823
81,2023_20,2023,88.413666,20.726,45.014666,21.6116
27,2023_20,2023,81.5522,20.2377,42.047533,19.758
31,2023_20,2023,82.3116,20.4865,43.374866,20.521133
10,2023_20,2023,83.685111,20.160777,44.857142,20.222571
20,2023_20,2023,81.4411,20.7445,42.453066,19.078333
23,2023_20,2023,86.12209,23.636454,44.061733,19.458933
22,2023_20,2023,80.737833,20.12,43.401888,20.264222
3,2023_20,2023,83.11325,20.7995,44.133166,20.2085
77,2023_20,2023,85.342428,22.360714,44.223666,19.276444
2,2023_20,2023,87.981714,24.885857,43.641333,19.998777
24,2023_20,2023,85.85,21.810571,45.337555,19.404
16,2023_21,2023,111.732789,32.534315,35.768304,43.159478
55,2023_21,2023,111.272722,34.402263,36.923564999999996,42.76926
1,2023_21,2023,113.4696,32.389066,35.182421,44.713947
63,2023_21,2023,112.585444,32.637947,38.355818,42.10919
10,2023_21,2023,106.146,30.218894,34.6626,41.703291
23,2023_21,2023,109.919733,32.114125,37.708714,40.8613
2,2023_21,2023,106.378437,34.416722,36.313826,40.703363
77,2023_21,2023,111.131642,33.217533,36.542526,42.964333
20,2023_21,2023,106.012687,30.315529,34.872913,41.559136
14,2023_21,2023,107.370777,30.112526,35.780208,42.112391
44,2023_21,2023,111.696538,32.646307,38.237,41.299666
11,2023_21,2023,113.133909,32.801272,36.119714,44.300357
27,2023_21,2023,107.599461,30.764923,35.317705,41.495294
18,2023_21,2023,106.393733,30.3198,34.202055,42.191166
3,2023_21,2023,108.948,29.770785,35.443222,44.030944
4,2023_21,2023,109.927375,30.657625,37.184888,42.530111
31,2023_21,2023,106.889125,30.403625,34.3565,41.8668
24,2023_21,2023,110.515125,31.970625,36.4664,42.2138
81,2023_21,2023,110.855888,32.014111,37.7445,40.9673
22,2023_21,2023,113.680142,32.978857,37.669888,42.852555
1,2023_22,2023,97.002,19.4921,42.900533,38.002133
16,2023_22,2023,96.173583,19.39775,42.261222,37.968
81,2023_22,2023,96.655727,19.16909,42.799117,38.544882
63,2023_22,2023,99.498666,21.152083,42.123444,39.142944
4,2023_22,2023,97.3945,19.3579,43.516125,37.705625
22,2023_22,2023,96.722416,19.4065,43.061833,37.429222
14,2023_22,2023,98.00325,19.88925,43.210055,38.379
27,2023_22,2023,94.453916,18.357833,42.396666,37.6955
11,2023_22,2023,97.910636,19.18109,42.944294,38.690764
10,2023_22,2023,95.70209,19.37325,43.050777,38.36647
44,2023_22,2023,96.82925,19.90425,43.613916,37.267416
31,2023_22,2023,97.801125,19.065875,42.9065,38.6195
18,2023_22,2023,97.876,19.434,41.83075,40.075083
23,2023_22,2023,96.554375,19.356,41.74225,38.374666
3,2023_22,2023,98.179125,19.733249999999998,43.719583,38.42275
55,2023_22,2023,98.47725,19.24275,43.062833,40.2255
20,2023_22,2023,93.41875,18.49925,42.291666,37.153
77,2023_22,2023,97.6675,19.5865,42.538666,38.911666
24,2023_22,2023,97.89675,19.60925,42.091333,39.599166
2,2023_22,2023,97.58175,20.809,40.4415,38.669833
1,2024_1,2024,102.439454,31.581,44.400588,27.711705
16,2024_1,2024,101.9155,32.564666,44.48221,26.732473
63,2024_1,2024,108.45409,33.839636,47.908117,26.793705
55,2024_1,2024,100.434363,33.2295,45.0495,25.883882
11,2024_1,2024,103.3645,32.289272,46.086352,26.84375
14,2024_1,2024,107.380777,33.367666,46.434214,27.525071
4,2024_1,2024,101.4615,32.586,45.0674,26.950928
81,2024_1,2024,101.27109,33.243666,43.968,26.589647
44,2024_1,2024,100.352818,31.75225,45.338055,25.883705
27,2024_1,2024,99.931545,32.21125,44.413611,25.979352
22,2024_1,2024,100.862875,31.434625,44.662,25.883333
18,2024_1,2024,102.52675,32.776375,42.39075,28.373833
23,2024_1,2024,104.6405,34.50925,45.029333,25.498416
3,2024_1,2024,101.469375,32.074625,44.035833,26.65675
20,2024_1,2024,100.719625,33.064625,44.164916,26.342333
77,2024_1,2024,105.14725,33.62425,44.8915,26.743166
24,2024_1,2024,102.071,32.76975,44.9935,26.3595
2,2024_1,2024,104.09,34.562,43.933666,26.821166
31,2024_1,2024,104.579833,32.279832999999996,46.029444,27.665111
10,2024_1,2024,102.7355,31.874166,44.996777,27.865444
1,2024_2,2024,101.463583,36.449916,31.033888,34.527277
16,2024_2,2024,103.623375,37.519411,32.759434,33.292363
11,2024_2,2024,104.47575,37.877583,32.566111,34.541666
14,2024_2,2024,104.745833,37.624416,31.916411,34.673176
81,2024_2,2024,100.349933,37.4554,30.854714,32.722
4,2024_2,2024,102.722333,37.7556,31.706523,32.811952
63,2024_2,2024,106.061,38.228857,33.512857,33.549857
44,2024_2,2024,102.020562,38.3825,31.22726,32.307
22,2024_2,2024,99.536818,36.151,31.493611,33.870588
18,2024_2,2024,103.521615,36.570076,31.833578,35.788894
38,2024_2,2024,105.032583,37.927846,32.203444,34.92
23,2024_2,2024,107.670909,39.424333,32.348133,34.941
20,2024_2,2024,104.463818,39.260454,32.116437,34.680375
3,2024_2,2024,99.074875,35.806125,32.12725,34.261333
27,2024_2,2024,100.901833,36.982166,31.651777,33.194555
77,2024_2,2024,103.237857,36.806,32.942,33.808
31,2024_2,2024,103.844875,37.551,31.861,34.0062
10,2024_2,2024,100.650571,36.301571,31.454333,32.679222
2,2024_2,2024,110.282285,42.395285,33.278666,34.115444
24,2024_2,2024,121.101,38.928,37.2895,39.5995
1,2024_3,2024,95.011,36.356047,20.915523,41.12547
55,2024_3,2024,91.892615,35.046722,19.976222,37.545615
11,2024_3,2024,95.111812,36.865681,19.823954,41.305705
4,2024_3,2024,92.61123,34.236888,19.065333,38.762
16,2024_3,2024,99.928533,38.3938,19.6681,39.814933
81,2024_3,2024,95.0465,35.416647,19.209,38.775166
63,2024_3,2024,96.648555,35.453272,20.463318,40.756722
22,2024_3,2024,96.027,37.744529,19.531941,37.286833
18,2024_3,2024,91.660333,34.759272,19.195727,37.598222
14,2024_3,2024,91.464625,34.63545,19.01105,37.471687
44,2024_3,2024,94.117,36.090733,20.866333,37.361416
23,2024_3,2024,91.0515,35.114928,19.8122,36.463545
77,2024_3,2024,92.723818,34.200733,20.084066,38.841363
20,2024_3,2024,91.414777,33.506461,19.341846,37.461777
31,2024_3,2024,94.613647,34.75105,21.039666,41.193555
27,2024_3,2024,85.947,31.747142,19.165,36.951
10,2024_3,2024,90.281375,33.3636,19.267,38.596555
3,2024_3,2024,94.263,36.584166,19.106,37.61625
24,2024_3,2024,95.729428,34.927222,21.320888,40.462142
1,2024_4,2024,102.594375,36.59925,47.00425,20.704
11,2024_4,2024,105.59875,37.169375,48.126416,21.987333
4,2024_4,2024,102.87075,36.2655,47.092461,22.915692
55,2024_4,2024,104.318,37.0165,47.327666,23.58175
14,2024_4,2024,107.139375,37.00225,48.098666,23.373833
81,2024_4,2024,103.85425,35.6525,47.17775,23.324916
44,2024_4,2024,102.2174,35.3814,47.594133,21.709533
16,2024_4,2024,104.284125,38.1395,46.0695,22.2445
63,2024_4,2024,106.5101,37.6204,48.367533,22.335866
22,2024_4,2024,101.248416,35.223333,45.970722,22.418555
3,2024_4,2024,102.333875,36.327875,47.258666,21.824
27,2024_4,2024,99.94,35.143625,45.662916,22.27925
77,2024_4,2024,102.600875,35.880125,46.844416,21.914833
23,2024_4,2024,107.716666,39.353,47.689555,22.042111
31,2024_4,2024,104.544125,35.36075,48.553833,22.400083
18,2024_4,2024,103.20875,35.04275,47.118166,23.668166
10,2024_4,2024,103.98175,37.15975,47.359,22.648666
20,2024_4,2024,97.814666,35.078666,44.653444,20.617333
2,2024_4,2024,100.80975,35.54125,45.984833,21.434833
24,2024_4,2024,103.10425,36.50475,46.169166,22.644
1,2024_5,2024,109.208727,27.722166,34.02547,50.259647
11,2024_5,2024,107.712545,27.889181,32.747705,50.50347
14,2024_5,2024,112.005666,27.9021,34.2854,52.690857
4,2024_5,2024,104.825875,27.5018,34.157642,48.230461
81,2024_5,2024,104.758375,31.296909,33.996812,49.741214
16,2024_5,2024,105.820833,27.938357,33.545052,48.915333
55,2024_5,2024,109.2601,27.513545,33.095058,51.923176
63,2024_5,2024,112.216916,30.325214,35.07745,49.920722
27,2024_5,2024,107.4135,30.521533,33.183571,49.799
77,2024_5,2024,106.23275,27.815,33.549785,49.751384
18,2024_5,2024,109.617714,27.98825,35.173916,50.915181
3,2024_5,2024,109.995,27.95525,34.100166,51.232363
31,2024_5,2024,106.535666,27.3916,34.144466,49.725142
23,2024_5,2024,108.90325,27.328222,33.868857,50.131692
10,2024_5,2024,109.140666,27.8169,35.4844,50.1075
24,2024_5,2024,108.4882,26.7456,33.072875,49.145875
20,2024_5,2024,113.83275,29.60875,33.512666,52.1575
44,2024_5,2024,112.33575,28.88325,34.268166,50.603166
22,2024_5,2024,108.191166,27.776166,32.079777,49.916
2,2024_5,2024,106.49933300000001,36.5722,35.198857,54.941714
1,2024_6,2024,96.5404,33.547333,38.548833,31.154176
16,2024_6,2024,103.185428,35.086066,39.239047,30.91115
55,2024_6,2024,99.732333,34.279928,38.658666,33.5116
11,2024_6,2024,100.967818,33.405083,38.796444,31.479705
4,2024_6,2024,101.322642,34.0472,39.178238,30.3684
81,2024_6,2024,106.415,37.18123,39.475105,33.375111
63,2024_6,2024,101.024076,34.755785,39.339523,30.78495
44,2024_6,2024,102.153384,32.595071,39.590761,32.24735
27,2024_6,2024,103.932,36.491066000000004,38.038047,30.56055
22,2024_6,2024,104.492357,34.090666,39.653619,31.56485
18,2024_6,2024,103.4905,35.72,38.987933,33.8744
10,2024_6,2024,100.352888,33.854,37.909666,30.625714
31,2024_6,2024,105.96,32.929,38.741533,33.768
23,2024_6,2024,103.1687,34.915818,38.9496,31.153
14,2024_6,2024,106.209909,37.117636,39.065733,31.0812
77,2024_6,2024,98.001333,35.42025,38.544166,29.7888
2,2024_6,2024,102.1366,34.3196,38.011875,31.776
3,2024_6,2024,101.958,36.650142,39.636111,33.680333
20,2024_6,2024,105.271166,39.328857,39.959333,34.239777
24,2024_6,2024,99.900666,32.934333,37.887555,32.482888
1,2024_7,2024,86.196545,27.518833,32.290333,30.209764
81,2024_7,2024,87.15775,27.605555,31.515133,32.033214
4,2024_7,2024,89.919416,30.066769,31.390947,30.802222
16,2024_7,2024,89.238928,29.6614,31.402666,30.55705
55,2024_7,2024,91.83123,30.970642,32.21845,31.352631
63,2024_7,2024,88.444,28.923636,31.368,31.914176
22,2024_7,2024,86.387888,26.5594,32.036533,30.579642
44,2024_7,2024,88.463,27.198846,31.7325,31.049578
3,2024_7,2024,87.859111,28.2909,32.010133,30.651357
27,2024_7,2024,86.141384,31.028533,30.05138,30.7382
11,2024_7,2024,92.496833,28.447833,32.3181,33.7011
31,2024_7,2024,89.98,27.7881,31.1366,31.276133
18,2024_7,2024,94.468909,31.865181,31.300533,31.401133
23,2024_7,2024,88.40025,27.5655,31.189166,30.562583
10,2024_7,2024,88.752777,27.239111,31.597928,31.525285
77,2024_7,2024,90.20125,27.5445,31.527333,31.315333
24,2024_7,2024,100.425571,34.242,32.501888,33.183888
20,2024_7,2024,92.9206,29.248,32.01275,31.406375
14,2024_7,2024,106.9465,39.5535,32.433,34.287142
2,2024_7,2024,90.2844,28.02975,30.858428,32.41625
16,2024_8,2024,85.258761,23.568346,38.207115,24.26619
81,2024_8,2024,85.396444,24.091916,39.138416,22.851166
55,2024_8,2024,88.41759,24.764592,40.226892,24.444826
4,2024_8,2024,85.939454,23.011814,38.793962,25.108636
63,2024_8,2024,89.435458,23.461857,40.3115,25.541583
1,2024_8,2024,86.622478,23.537785,39.280142,23.614086
44,2024_8,2024,87.085541,24.219071,39.722571,24.238125
22,2024_8,2024,85.92221,24.80596,39.383,22.190842
23,2024_8,2024,87.10068,23.173896,39.506862,24.31936
10,2024_8,2024,85.561541,24.9717,39.6098,22.284958
31,2024_8,2024,87.4545,24.3951,38.5239,23.615937
3,2024_8,2024,88.310176,24.2252,39.2381,23.86247
18,2024_8,2024,87.593846,25.374411,39.373117,24.446461
27,2024_8,2024,84.589812,23.29065,39.4503,22.05125
14,2024_8,2024,85.249,23.853454,39.572545,22.638777
2,2024_8,2024,86.8529,22.54125,39.7245,25.3118
20,2024_8,2024,88.19,25.223833,40.967666,28.4808
11,2024_8,2024,88.6021,25.606333,39.694833,30.796272
77,2024_8,2024,91.619666,24.757636,39.901818,26.462
24,2024_8,2024,89.128666,23.777454,40.314818,24.644444
63,2024_9,2024,87.270666,23.94388,27.191923,36.266863
1,2024_9,2024,90.646363,27.663,27.206,34.77409
4,2024_9,2024,85.313,25.685,25.83308,33.42495
81,2024_9,2024,88.464041,27.062379,27.093931,34.50975
3,2024_9,2024,87.104578,26.05348,25.96976,34.715473
14,2024_9,2024,88.47947,26.855913,25.471173,34.896647
44,2024_9,2024,85.35245,25.0704,26.816269,34.059142
22,2024_9,2024,86.895444,26.788916,26.543541,33.857111
18,2024_9,2024,87.412,27.85708,26.20488,33.550842
23,2024_9,2024,86.7505,26.341692,27.159076,33.299
16,2024_9,2024,89.381157,26.591142,26.303142,36.125157
55,2024_9,2024,88.42205,25.992409,26.614909,36.2114
2,2024_9,2024,89.648526,25.667681,25.921772,37.900789
20,2024_9,2024,87.924583,25.824187,26.374187,35.011583
10,2024_9,2024,85.801615,25.180705,26.470055,34.378071
11,2024_9,2024,92.783444,28.234909,27.018818,36.152222
77,2024_9,2024,90.3605,25.2963,26.7896,38.41225
31,2024_9,2024,86.538625,25.0955,26.626272,35.850555
27,2024_9,2024,88.021625,25.288,26.1108,36.2855
24,2024_9,2024,84.634375,24.5152,27.527727,33.780777
4,2024_10,2024,90.7435,25.14525,35.188833,31.165583
1,2024_10,2024,83.377571,24.986625,35.719166,25.561272
44,2024_10,2024,82.828909,30.150307,34.440055,27.572294
63,2024_10,2024,83.903555,25.875,35.627,30.409533
16,2024_10,2024,81.089857,24.239125,34.4205,26.541454
55,2024_10,2024,84.475714,25.908375,35.196166,27.346272
10,2024_10,2024,85.603818,25.6115,35.776722,27.214058
11,2024_10,2024,91.131454,26.10475,35.209333,29.440352
31,2024_10,2024,88.392272,25.821583,36.180666,29.251882
81,2024_10,2024,87.471,26.5444,35.1845,30.933133
14,2024_10,2024,93.390625,26.36775,35.857416,31.793083
77,2024_10,2024,92.96475,26.417375,35.3615,30.9305
27,2024_10,2024,89.196875,23.636,34.640166,30.966
18,2024_10,2024,90.4404,31.610545,35.492733,29.8776
24,2024_10,2024,90.1964,25.6458,35.248,30.028266
20,2024_10,2024,89.028,27.391,37.109833,25.657166
22,2024_10,2024,92.617166,25.161833,34.774222,31.578
3,2024_10,2024,91.788,24.888,34.517777,32.007333
23,2024_10,2024,87.0795,25.872,35.560833,27.530166
2,2024_10,2024,90.914166,23.899166,34.717444,33.572444
1,2024_11,2024,77.179333,18.50975,35.213388,25.119555
4,2024_11,2024,81.138714,21.034,35.50765,25.40885
63,2024_11,2024,79.696363,19.484166,36.220277,26.692117
55,2024_11,2024,77.902727,19.305166,34.711777,25.86647
44,2024_11,2024,78.196454,18.678416,36.290222,25.703823
16,2024_11,2024,74.838769,18.352214,34.475545,25.168
81,2024_11,2024,76.9112,19.214909,35.771529,24.86575
11,2024_11,2024,78.724,19.030071,34.704095,26.1141
27,2024_11,2024,73.928,17.8365,34.925285,24.54745
31,2024_11,2024,78.6648,18.632187000000002,37.093208,25.361173
3,2024_11,2024,75.250222,19.056,35.462533,24.222142
20,2024_11,2024,75.7252,18.4417,35.223266,25.693133
10,2024_11,2024,77.857363,18.281416,35.869222,26.032941
22,2024_11,2024,78.7981,19.2864,35.6456,25.7204
14,2024_11,2024,76.978,18.448,35.148533,25.787266
23,2024_11,2024,81.284,18.758666,35.712222,27.727777
18,2024_11,2024,82.188,19.214666,35.283111,28.401333
77,2024_11,2024,80.460833,19.226833,34.442222,27.739333
2,2024_11,2024,76.302166,17.958166,34.956444,27.007444
24,2024_11,2024,76.939666,18.839,34.956888,25.289444
63,2024_12,2024,98.492277,32.22621,41.37536,27.095875
44,2024_12,2024,97.752529,31.218388,40.6225,27.392869
4,2024_12,2024,102.134428,34.682529,41.866714,28.96555
1,2024_12,2024,99.217294,31.863333,40.889291,27.605173
81,2024_12,2024,101.952647,34.387789,40.773833,28.674727
27,2024_12,2024,95.946272,30.546166,41.221882,27.01875
55,2024_12,2024,98.216187,35.554277,40.313043,28.062545
18,2024_12,2024,100.750941,31.7855,42.03575,28.871826
23,2024_12,2024,101.510933,31.69075,43.809409,28.386666
14,2024_12,2024,102.077875,31.939882,41.125086,29.222772
16,2024_12,2024,101.341923,32.610071,41.445722,29.069705
2,2024_12,2024,105.773312,35.646705,43.154526,29.159631
22,2024_12,2024,99.084833,33.384076,40.368687,29.348125
24,2024_12,2024,103.960235,35.370444,42.500904,29.192857
3,2024_12,2024,101.247846,34.061357,41.713058,29.322588
77,2024_12,2024,103.690857,37.886125,43.2087,29.3984
20,2024_12,2024,104.139333,30.395,44.9064,31.6916
31,2024_12,2024,103.418625,35.38,42.753,28.8688
11,2024_12,2024,108.355333,40.88775,43.5648,32.78875
10,2024_12,2024,110.5938,34.3484,45.953,31.828428
4,2024_13,2024,87.209769,30.227307,31.8263,27.5122
81,2024_13,2024,87.696416,31.751,31.761947,27.616578
1,2024_13,2024,88.490538,32.430857,32.78785,25.169789
55,2024_13,2024,93.101352,34.773055,32.5558,26.273478
44,2024_13,2024,86.589133,31.34,31.871217,25.261772
16,2024_13,2024,88.426461,30.374357,32.33925,26.5961
14,2024_13,2024,90.30909,31.644916,33.3515,26.701999999999998
18,2024_13,2024,94.328384,34.393357,34.359428,26.477
3,2024_13,2024,88.730083,31.910153,33.304736,26.044777
22,2024_13,2024,89.559153,31.501857,33.11945,26.615789
27,2024_13,2024,88.3328,30.763,32.134333,27.4124
77,2024_13,2024,91.604846,31.999307,32.494611,28.291277
23,2024_13,2024,90.651916,32.429666,33.562562,26.094437
2,2024_13,2024,89.340625,35.269888,34.442076,27.240307
20,2024_13,2024,88.6516,31.9217,32.011214,27.3735
11,2024_13,2024,95.229,33.565,34.426333,26.4814
63,2024_13,2024,89.377285,30.932857,31.676222,27.241666
24,2024_13,2024,92.9093,32.3729,32.60525,28.508416
31,2024_13,2024,98.181,39.2424,33.162,26.638832999999998
10,2024_13,2024,101.241,40.4728,33.204,28.4305
1,2024_14,2024,122.314166,37.559,60.690714,36.630761
16,2024_14,2024,122.028333,37.344055,59.250909,37.870909
11,2024_14,2024,127.203857,37.395529,58.303,38.581666
44,2024_14,2024,123.8225,37.831894,58.51059,36.005952
4,2024_14,2024,126.415529,36.636047,58.5935,36.304434
81,2024_14,2024,125.593266,38.91505,58.990478,36.116863
63,2024_14,2024,124.954285,38.289631,59.317863,36.032857
55,2024_14,2024,127.138437,37.028894,58.874956,36.53709
14,2024_14,2024,121.699083,38.513526,61.489652,36.219045
31,2024_14,2024,125.21225,36.811789,57.804434,34.581727
23,2024_14,2024,124.1147,35.022666,58.55775,36.032533
10,2024_14,2024,127.813153,38.012066,58.438411,34.896352
3,2024_14,2024,130.6998,36.2988,59.191356999999996,37.680714
77,2024_14,2024,128.477181,39.6764,61.190411,36.903176
18,2024_14,2024,126.025545,39.328,60.171117,37.885882
27,2024_14,2024,124.9265,33.816285,58.602333,40.159333
20,2024_14,2024,123.0508,35.174857,60.857,37.601333
22,2024_14,2024,124.52975,37.413,58.502,38.300625
2,2024_14,2024,122.221,33.354833,57.71175,39.25
24,2024_14,2024,128.252857,35.427285,58.705111,38.043
4,2024_15,2024,83.480444,27.193444,29.482428,27.060428
1,2024_15,2024,81.50925,27.672777,30.273785,25.558538
81,2024_15,2024,84.8915,29.593272,30.547125,26.429533
63,2024_15,2024,87.3545,31.818923,31.259833,25.674882
11,2024_15,2024,88.110363,31.6845,30.264117,26.531812
16,2024_15,2024,89.429294,33.608166,29.8105,26.391083
14,2024_15,2024,84.102181,28.403363,30.515875,26.546312
18,2024_15,2024,87.465571,30.029142,31.694421,25.948684
10,2024_15,2024,84.3615,28.661538,30.37365,25.976947
55,2024_15,2024,90.550153,33.579153,30.944555,26.546611
23,2024_15,2024,85.022333,31.08523,30.5265,25.037588
44,2024_15,2024,90.740666,32.930111,30.659692,28.055923
22,2024_15,2024,84.808272,29.222545,30.086133,26.088533
27,2024_15,2024,81.656,27.271583,29.357,26.099294
20,2024_15,2024,86.3979,35.544181,31.996066,26.255933
3,2024_15,2024,86.853571,29.786428,29.164555,27.800222
31,2024_15,2024,84.4335,28.3285,30.144444,26.941333
77,2024_15,2024,84.362,37.371,30.256444,26.996222
24,2024_15,2024,85.222166,28.8635,30.587888,27.251222
2,2024_15,2024,,,,
4,2024_16,2024,92.280142,29.338,33.6625,32.105909
81,2024_16,2024,95.166166,31.211384,33.596526,32.212111
63,2024_16,2024,93.570636,30.622,33.401777,33.444
16,2024_16,2024,95.171928,31.847933,32.370476,32.58685
55,2024_16,2024,95.972333,32.767538,32.881055,32.516529
44,2024_16,2024,95.354636,31.720416,33.671722,32.642411
1,2024_16,2024,94.046818,30.906083,33.121277,32.812176
11,2024_16,2024,95.9586,30.321272,32.959823,32.753562
23,2024_16,2024,92.236818,31.28975,32.403,31.163294
27,2024_16,2024,91.800818,29.18675,32.498333,32.895823
14,2024_16,2024,94.678714,29.519285,32.765636,34.255181
3,2024_16,2024,95.425,30.762,32.67425,33.684916
20,2024_16,2024,98.197571,31.260857,33.37709,33.664818
10,2024_16,2024,97.960454,30.991363,32.720125,34.696187
31,2024_16,2024,96.795727,30.701636,32.435875,34.562687
22,2024_16,2024,96.71175,29.6625,34.028833,33.640166
18,2024_16,2024,96.08025,30.52025,32.884333,33.651333
43,2024_16,2024,95.6475,32.87625,31.9755,31.7915
77,2024_16,2024,96.462,30.43625,32.64,33.971833
24,2024_16,2024,92.048833,29.3455,32.167,33.345777
16,2024_17,2024,118.385714,45.427437,49.41245,27.886526
81,2024_17,2024,119.036083,42.087615,49.903105,28.705666
55,2024_17,2024,122.465875,45.29,51.963478,28.871363
11,2024_17,2024,117.0993,41.325818,47.0422,28.512428
63,2024_17,2024,118.057769,44.478733,49.48875,28.041368
1,2024_17,2024,113.585076,40.001571,46.94885,27.865631
44,2024_17,2024,120.236625,44.773882,48.985954,28.331047
14,2024_17,2024,117.707083,41.255538,48.172947,28.955722
43,2024_17,2024,114.944923,41.398285,47.784,27.637947
23,2024_17,2024,117.25225,43.548307,47.305263,27.896722
50,2024_17,2024,116.1192,40.6696,48.322142,28.1405
22,2024_17,2024,121.302166,43.649833,47.993625,29.216562
27,2024_17,2024,118.0615,41.4052,47.642357,28.655
18,2024_17,2024,119.3506,41.3956,49.205285,29.3715
3,2024_17,2024,119.925857,46.903125,50.019222,27.787666
10,2024_17,2024,117.6002,45.292,47.456733,29.371666
4,2024_17,2024,119.442,42.0028,49.489,29.796714
77,2024_17,2024,122.7522,43.2748,49.712142,30.063571
24,2024_17,2024,122.20825,43.49325,48.9117,29.625
31,2024_17,2024,121.8132,43.269,48.270285,33.9055
4,2024_18,2024,103.373142,29.6931,46.849062,35.3885
1,2024_18,2024,100.791777,31.311454,44.479352,34.2625
44,2024_18,2024,102.355285,31.3563,46.134866,34.706571
63,2024_18,2024,102.589571,31.780636,47.056187,35.256214
81,2024_18,2024,102.893777,31.41209,46.858764,34.701937
27,2024_18,2024,104.0359,29.021545,45.713647,33.766625
14,2024_18,2024,106.957888,31.1173,48.326875,33.675866
22,2024_18,2024,107.885444,31.22509,47.689062,33.0938
16,2024_18,2024,107.426727,31.9545,44.587444,35.480294
55,2024_18,2024,108.225666,33.395181,47.421687,36.080142
23,2024_18,2024,106.132857,31.04775,47.295083,35.282833
43,2024_18,2024,107.154,32.559,46.851083,36.743416
11,2024_18,2024,107.624,31.6556,44.704285,36.440571
20,2024_18,2024,106.717625,30.528625,46.22025,34.197
31,2024_18,2024,107.435,33.188272,47.781333000000004,35.939866
3,2024_18,2024,107.427666,34.28425,48.400166,37.023666
18,2024_18,2024,100.392666,30.58825,47.607,39.245666
10,2024_18,2024,111.239166,35.034714,44.751111,39.557777
77,2024_18,2024,107.458833,35.325857,46.356111,35.027777
24,2024_18,2024,115.074,35.111,47.613111,33.878111
4,2024_19,2024,109.019818,29.690454,42.4915,39.182
1,2024_19,2024,105.33509,28.834,43.596882,35.893823
55,2024_19,2024,111.278846,30.610692,45.051473,38.29621
16,2024_19,2024,109.609714,29.827285,43.7579,38.42845
81,2024_19,2024,110.500538,30.477153,43.305421,38.894421
63,2024_19,2024,109.74225,31.207875,45.205214,39.443928
10,2024_19,2024,107.496307,32.289928,43.28165,37.6662
14,2024_19,2024,105.478916,33.624615,44.357333,37.063944
20,2024_19,2024,103.945727,29.151454,43.819,37.399764
11,2024_19,2024,107.7674,28.90609,43.958529,36.954687
22,2024_19,2024,105.414444,28.752666,44.763928,35.985071
27,2024_19,2024,108.067625,28.869,44.5565,39.4155
31,2024_19,2024,105.7462,32.592636,43.336266,36.521066
18,2024_19,2024,105.239333,28.326888,42.977214000000004,40.193857
30,2024_19,2024,105.6782,35.674333,45.991272,37.763454
23,2024_19,2024,110.838,42.343333,44.956875,37.374125
43,2024_19,2024,116.378666,28.293666,45.695833,40.053166
77,2024_19,2024,107.384333,36.585285,43.565,39.452333
44,2024_19,2024,112.65025,32.24675,44.359166,38.570833
24,2024_19,2024,112.867571,32.200285,45.012111,38.178
55,2024_20,2024,91.739,34.873533,34.736333,23.48615
1,2024_20,2024,88.855166,31.31075,35.394611,23.772722
4,2024_20,2024,88.2324,30.3407,34.049866,24.956733
16,2024_20,2024,90.303928,33.397933,35.025809,23.8413
63,2024_20,2024,89.1741,31.548818,35.788555,24.655352
44,2024_20,2024,88.5988,31.008909,34.626333,24.99
20,2024_20,2024,87.7645,32.005909,34.568764,24.37375
10,2024_20,2024,88.602,30.810545,35.992705,24.031062
23,2024_20,2024,85.896454,30.485,34.705444,23.551941
27,2024_20,2024,85.9705,30.365181,35.66547,23.3425
22,2024_20,2024,91.214166,32.346142,35.624727,23.5239
30,2024_20,2024,88.05,30.271714,34.8382,24.5319
14,2024_20,2024,94.334,33.86,36.297083,25.668166
18,2024_20,2024,91.910444,33.509555,36.550307,24.456538
77,2024_20,2024,87.741375,30.391444,34.465428,24.498153
43,2024_20,2024,87.72275,30.1845,34.686333,24.362833
81,2024_20,2024,88.292833,31.010833,35.067125,23.47475
11,2024_20,2024,90.570714,32.244142,34.441333,24.507333
31,2024_20,2024,90.7385,31.002666,35.953444,25.550888
24,2024_20,2024,87.726166,31.796,34.531222,23.554
4,2024_21,2024,95.641904,25.286958,49.084107,20.866571
63,2024_21,2024,97.445294,24.546142,50.00496,21.929875
22,2024_21,2024,97.530222,24.497909,49.50673,22.03796
31,2024_21,2024,94.490833,24.295082999999998,49.285555,21.1846
30,2024_21,2024,96.606722,25.543904,49.288807,22.92412
16,2024_21,2024,95.597437,24.35305,50.67548,21.674608
23,2024_21,2024,96.415823,24.572,50.715375,20.866652
81,2024_21,2024,93.880062,24.03621,50.77784,20.223695
14,2024_21,2024,97.987583,25.313375,50.587952,22.497647
18,2024_21,2024,97.67975,25.712076,50.593187,22.771812
77,2024_21,2024,98.690785,26.729125,50.666052,22.394222
1,2024_21,2024,99.649416,26.1632,51.448687,23.821
11,2024_21,2024,98.197818,25.417714,50.243812,23.669533
55,2024_21,2024,96.937916,27.689071,50.87675,21.483333000000002
10,2024_21,2024,99.9785,25.410882,52.225777,21.6945
44,2024_21,2024,97.759375,24.526333,51.5422,22.3296
50,2024_21,2024,98.017375,24.197625,52.5718,22.1296
43,2024_21,2024,100.811,25.43375,55.2225,22.27625
27,2024_21,2024,96.198444,24.5588,50.482636,21.776272
24,2024_21,2024,97.091777,24.887,52.688,22.044454
63,2024_22,2024,109.223052,34.51275,36.06628,41.83276
55,2024_22,2024,113.11815,33.65985,35.541875,43.429625
10,2024_22,2024,107.927222,30.811947,35.57208,43.00164
16,2024_22,2024,106.665235,32.300736,35.526347,41.379636
1,2024_22,2024,102.880437,30.039823,34.42538,39.3123
4,2024_22,2024,104.743769,28.778214,34.831,41.241947
22,2024_22,2024,107.830777,30.048578,35.37364,43.355041
81,2024_22,2024,108.112071,29.667333,36.089571,42.38805
27,2024_22,2024,108.637818,29.5025,35.647764,43.613375
44,2024_22,2024,110.883263,33.07895,35.90925,42.289086
31,2024_22,2024,108.968714,30.241428,34.837777,43.51
20,2024_22,2024,114.531,31.756777,37.963416,44.31775
24,2024_22,2024,110.026846,29.614846,35.720058,44.637
43,2024_22,2024,106.670454,29.47675,34.937687,41.9196
30,2024_22,2024,107.779769,29.597769,35.535941,43.217588
11,2024_22,2024,109.946666,32.376111,36.0693,41.3113
14,2024_22,2024,108.499571,29.040142,37.186777,42.975333
23,2024_22,2024,107.69225,30.291375,36.5292,41.0452
77,2024_22,2024,108.3335,31.76925,35.6319,41.638
18,2024_22,2024,109.006,29.576999999999998,35.113666,51.660666
1,2024_23,2024,98.320375,38.481352,31.629227,30.925863
63,2024_23,2024,102.044909,39.935863,31.154392,30.586464
4,2024_23,2024,95.24875,34.683,30.86309,29.252818
81,2024_23,2024,101.29975,36.137529,31.78909,32.145285
16,2024_23,2024,97.0919,36.877523,31.66723,28.88832
44,2024_23,2024,102.15245,39.169428,31.020037,30.830307
55,2024_23,2024,103.43855,40.442095,31.762615,30.40516
14,2024_23,2024,95.60025,35.831615,31.611789,31.527722
11,2024_23,2024,98.973333,35.29175,30.820272,31.848
20,2024_23,2024,96.031263,35.9675,31.919115,28.7886
10,2024_23,2024,102.1125,37.169,31.642611,32.248333
24,2024_23,2024,99.149066,34.716733,31.726789,31.906052
77,2024_23,2024,97.629071,36.334133,31.413789,30.173722
22,2024_23,2024,100.781083,36.504833,31.485062,31.84575
18,2024_23,2024,101.5672,36.595,31.812857,34.397642
23,2024_23,2024,98.879857,36.529714,31.503555,31.514555
30,2024_23,2024,95.475285,35.2875,31.6532,29.935555
27,2024_23,2024,101.018625,35.281625,32.2283,32.2803
43,2024_23,2024,94.047714,34.604714,31.555111,28.430444
31,2024_23,2024,99.854125,37.083625,30.2762,31.8288
4,2024_24,2024,97.1908,18.5459,42.606125,38.930437
81,2024_24,2024,99.0109,19.259,42.612312,39.377187
55,2024_24,2024,98.7393,20.1921,43.030937,39.488687
27,2024_24,2024,94.936727,18.614,41.830882,37.628352
1,2024_24,2024,93.741222,19.9805,43.025,35.9325
10,2024_24,2024,95.864545,19.505916,42.471388,38.030647
63,2024_24,2024,96.888181,21.209,42.958736,38.440833
14,2024_24,2024,97.951166,19.038916,42.766894,39.167842
77,2024_24,2024,94.746555,19.5515,41.729066,37.7745
11,2024_24,2024,100.281333,20.4525,42.907222,37.566666
22,2024_24,2024,98.455875,20.22925,44.278333,37.460416
30,2024_24,2024,97.3265,20.08125,42.7115,38.051333
18,2024_24,2024,98.583,26.7449,42.805142000000004,40.001928
16,2024_24,2024,95.640625,19.2295,42.234666,37.381416
20,2024_24,2024,99.918571,18.742,44.585,40.12
23,2024_24,2024,95.8845,19.161,41.8145,37.594333
24,2024_24,2024,99.449,19.7035,43.665,38.788333
44,2024_24,2024,102.507,22.85125,43.747714,40.573857
43,2024_24,2024,90.71975,17.91425,39.3965,38.784166
61,2024_24,2024,98.8495,20.1825,43.704166,39.148
